ISO-10303-21;
HEADER;
FILE_DESCRIPTION(('KiCad electronic assembly'),'2;1');
FILE_NAME('airmon.step','2026-09-06T13:42:42',('Pcbnew'),('Kicad'),
  'Open CASCADE STEP processor 7.9','KiCad to STEP converter','Unknown'
  );
FILE_SCHEMA(('AUTOMOTIVE_DESIGN { 1 0 10303 214 1 1 1 1 }'));
ENDSEC;
DATA;
#1 = APPLICATION_PROTOCOL_DEFINITION('international standard',
  'automotive_design',2000,#2);
#2 = APPLICATION_CONTEXT(
  'core data for automotive mechanical design processes');
#3 = SHAPE_DEFINITION_REPRESENTATION(#4,#10);
#4 = PRODUCT_DEFINITION_SHAPE('','',#5);
#5 = PRODUCT_DEFINITION('design','',#6,#9);
#6 = PRODUCT_DEFINITION_FORMATION('','',#7);
#7 = PRODUCT('airmon 1','airmon 1','',(#8));
#8 = PRODUCT_CONTEXT('',#2,'mechanical');
#9 = PRODUCT_DEFINITION_CONTEXT('part definition',#2,'design');
#10 = SHAPE_REPRESENTATION('',(#11,#15,#19,#23,#27,#31,#35,#39,#43,#47,
    #51,#55,#59,#63,#67,#71,#75,#79,#83,#87),#91);
#11 = AXIS2_PLACEMENT_3D('',#12,#13,#14);
#12 = CARTESIAN_POINT('',(0.,0.,0.));
#13 = DIRECTION('',(0.,0.,1.));
#14 = DIRECTION('',(1.,0.,-0.));
#15 = AXIS2_PLACEMENT_3D('',#16,#17,#18);
#16 = CARTESIAN_POINT('',(5.,-52.,1.595));
#17 = DIRECTION('',(0.,0.,1.));
#18 = DIRECTION('',(1.,0.,0.));
#19 = AXIS2_PLACEMENT_3D('',#20,#21,#22);
#20 = CARTESIAN_POINT('',(9.5,-5.5,1.595));
#21 = DIRECTION('',(0.,0.,1.));
#22 = DIRECTION('',(1.,0.,0.));
#23 = AXIS2_PLACEMENT_3D('',#24,#25,#26);
#24 = CARTESIAN_POINT('',(8.,-49.,1.595));
#25 = DIRECTION('',(0.,0.,1.));
#26 = DIRECTION('',(1.,0.,0.));
#27 = AXIS2_PLACEMENT_3D('',#28,#29,#30);
#28 = CARTESIAN_POINT('',(17.,-37.,-8.5E-02));
#29 = DIRECTION('',(1.499759782662E-32,1.224646799147E-16,-1.));
#30 = DIRECTION('',(-1.,1.224646799147E-16,0.));
#31 = AXIS2_PLACEMENT_3D('',#32,#33,#34);
#32 = CARTESIAN_POINT('',(15.,-28.,-8.5E-02));
#33 = DIRECTION('',(1.224646799147E-16,-1.359631073447E-32,-1.));
#34 = DIRECTION('',(1.110223024625E-16,1.,0.));
#35 = AXIS2_PLACEMENT_3D('',#36,#37,#38);
#36 = CARTESIAN_POINT('',(12.,-37.,-8.5E-02));
#37 = DIRECTION('',(1.224646799147E-16,-1.359631073447E-32,-1.));
#38 = DIRECTION('',(1.110223024625E-16,1.,0.));
#39 = AXIS2_PLACEMENT_3D('',#40,#41,#42);
#40 = CARTESIAN_POINT('',(25.,-28.,-8.5E-02));
#41 = DIRECTION('',(1.499759782662E-32,1.224646799147E-16,-1.));
#42 = DIRECTION('',(-1.,1.224646799147E-16,0.));
#43 = AXIS2_PLACEMENT_3D('',#44,#45,#46);
#44 = CARTESIAN_POINT('',(19.,-41.,-8.5E-02));
#45 = DIRECTION('',(1.499759782662E-32,1.224646799147E-16,-1.));
#46 = DIRECTION('',(-1.,1.224646799147E-16,0.));
#47 = AXIS2_PLACEMENT_3D('',#48,#49,#50);
#48 = CARTESIAN_POINT('',(7.,-15.,-8.5E-02));
#49 = DIRECTION('',(1.499759782662E-32,1.224646799147E-16,-1.));
#50 = DIRECTION('',(-1.,1.224646799147E-16,0.));
#51 = AXIS2_PLACEMENT_3D('',#52,#53,#54);
#52 = CARTESIAN_POINT('',(35.,-42.,-8.5E-02));
#53 = DIRECTION('',(1.499759782662E-32,1.224646799147E-16,-1.));
#54 = DIRECTION('',(-1.,1.224646799147E-16,0.));
#55 = AXIS2_PLACEMENT_3D('',#56,#57,#58);
#56 = CARTESIAN_POINT('',(15.,-33.,-8.5E-02));
#57 = DIRECTION('',(1.224646799147E-16,-1.359631073447E-32,-1.));
#58 = DIRECTION('',(1.110223024625E-16,1.,0.));
#59 = AXIS2_PLACEMENT_3D('',#60,#61,#62);
#60 = CARTESIAN_POINT('',(26.,-42.,-8.5E-02));
#61 = DIRECTION('',(1.499759782662E-32,1.224646799147E-16,-1.));
#62 = DIRECTION('',(-1.,1.224646799147E-16,0.));
#63 = AXIS2_PLACEMENT_3D('',#64,#65,#66);
#64 = CARTESIAN_POINT('',(29.,-33.,-8.5E-02));
#65 = DIRECTION('',(0.,-1.224646799147E-16,-1.));
#66 = DIRECTION('',(1.,0.,0.));
#67 = AXIS2_PLACEMENT_3D('',#68,#69,#70);
#68 = CARTESIAN_POINT('',(13.,-15.,-8.5E-02));
#69 = DIRECTION('',(1.499759782662E-32,1.224646799147E-16,-1.));
#70 = DIRECTION('',(-1.,1.224646799147E-16,0.));
#71 = AXIS2_PLACEMENT_3D('',#72,#73,#74);
#72 = CARTESIAN_POINT('',(19.,-28.,-8.5E-02));
#73 = DIRECTION('',(1.224646799147E-16,-1.359631073447E-32,-1.));
#74 = DIRECTION('',(1.110223024625E-16,1.,0.));
#75 = AXIS2_PLACEMENT_3D('',#76,#77,#78);
#76 = CARTESIAN_POINT('',(8.,-29.,-8.5E-02));
#77 = DIRECTION('',(1.499759782662E-32,1.224646799147E-16,-1.));
#78 = DIRECTION('',(-1.,1.224646799147E-16,0.));
#79 = AXIS2_PLACEMENT_3D('',#80,#81,#82);
#80 = CARTESIAN_POINT('',(38.,-33.,-8.5E-02));
#81 = DIRECTION('',(0.,-1.224646799147E-16,-1.));
#82 = DIRECTION('',(1.,0.,0.));
#83 = AXIS2_PLACEMENT_3D('',#84,#85,#86);
#84 = CARTESIAN_POINT('',(20.,-33.,-8.5E-02));
#85 = DIRECTION('',(1.224646799147E-16,-1.359631073447E-32,-1.));
#86 = DIRECTION('',(1.110223024625E-16,1.,0.));
#87 = AXIS2_PLACEMENT_3D('',#88,#89,#90);
#88 = CARTESIAN_POINT('',(0.,0.,0.));
#89 = DIRECTION('',(0.,0.,1.));
#90 = DIRECTION('',(1.,0.,-0.));
#91 = ( GEOMETRIC_REPRESENTATION_CONTEXT(3) 
GLOBAL_UNCERTAINTY_ASSIGNED_CONTEXT((#95)) GLOBAL_UNIT_ASSIGNED_CONTEXT(
(#92,#93,#94)) REPRESENTATION_CONTEXT('Context #1',
  '3D Context with UNIT and UNCERTAINTY') );
#92 = ( LENGTH_UNIT() NAMED_UNIT(*) SI_UNIT(.MILLI.,.METRE.) );
#93 = ( NAMED_UNIT(*) PLANE_ANGLE_UNIT() SI_UNIT($,.RADIAN.) );
#94 = ( NAMED_UNIT(*) SI_UNIT($,.STERADIAN.) SOLID_ANGLE_UNIT() );
#95 = UNCERTAINTY_MEASURE_WITH_UNIT(LENGTH_MEASURE(2.E-07),#92,
  'distance_accuracy_value','confusion accuracy');
#96 = PRODUCT_RELATED_PRODUCT_CATEGORY('part',$,(#7));
#97 = SHAPE_DEFINITION_REPRESENTATION(#98,#104);
#98 = PRODUCT_DEFINITION_SHAPE('','',#99);
#99 = PRODUCT_DEFINITION('design','',#100,#103);
#100 = PRODUCT_DEFINITION_FORMATION('','',#101);
#101 = PRODUCT('Sensirion_DFN-4_1.5x1.5mm_P0.8mm_SHT4x_NoCentralPad',
  'Sensirion_DFN-4_1.5x1.5mm_P0.8mm_SHT4x_NoCentralPad','',(#102));
#102 = PRODUCT_CONTEXT('',#2,'mechanical');
#103 = PRODUCT_DEFINITION_CONTEXT('part definition',#2,'design');
#104 = SHAPE_REPRESENTATION('',(#11,#105),#109);
#105 = AXIS2_PLACEMENT_3D('',#106,#107,#108);
#106 = CARTESIAN_POINT('',(0.,0.,0.));
#107 = DIRECTION('',(0.,0.,1.));
#108 = DIRECTION('',(1.,0.,-0.));
#109 = ( GEOMETRIC_REPRESENTATION_CONTEXT(3) 
GLOBAL_UNCERTAINTY_ASSIGNED_CONTEXT((#113)) GLOBAL_UNIT_ASSIGNED_CONTEXT
((#110,#111,#112)) REPRESENTATION_CONTEXT('Context #1',
  '3D Context with UNIT and UNCERTAINTY') );
#110 = ( LENGTH_UNIT() NAMED_UNIT(*) SI_UNIT(.MILLI.,.METRE.) );
#111 = ( NAMED_UNIT(*) PLANE_ANGLE_UNIT() SI_UNIT($,.RADIAN.) );
#112 = ( NAMED_UNIT(*) SI_UNIT($,.STERADIAN.) SOLID_ANGLE_UNIT() );
#113 = UNCERTAINTY_MEASURE_WITH_UNIT(LENGTH_MEASURE(1.E-07),#110,
  'distance_accuracy_value','confusion accuracy');
#114 = CONTEXT_DEPENDENT_SHAPE_REPRESENTATION(#115,#117);
#115 = ( REPRESENTATION_RELATIONSHIP('','',#104,#10) 
REPRESENTATION_RELATIONSHIP_WITH_TRANSFORMATION(#116) 
SHAPE_REPRESENTATION_RELATIONSHIP() );
#116 = ITEM_DEFINED_TRANSFORMATION('','',#11,#15);
#117 = PRODUCT_DEFINITION_SHAPE('Placement','Placement of an item',#118
  );
#118 = NEXT_ASSEMBLY_USAGE_OCCURRENCE('2','U2','',#5,#99,$);
#119 = PRODUCT_RELATED_PRODUCT_CATEGORY('part',$,(#101));
#120 = SHAPE_DEFINITION_REPRESENTATION(#121,#127);
#121 = PRODUCT_DEFINITION_SHAPE('','',#122);
#122 = PRODUCT_DEFINITION('design','',#123,#126);
#123 = PRODUCT_DEFINITION_FORMATION('','',#124);
#124 = PRODUCT('Open CASCADE STEP translator 7.9 1',
  'Open CASCADE STEP translator 7.9 1','',(#125));
#125 = PRODUCT_CONTEXT('',#2,'mechanical');
#126 = PRODUCT_DEFINITION_CONTEXT('part definition',#2,'design');
#127 = ADVANCED_BREP_SHAPE_REPRESENTATION('',(#11,#128),#420);
#128 = MANIFOLD_SOLID_BREP('',#129);
#129 = CLOSED_SHELL('',(#130,#170,#201,#259,#283,#300,#312,#343,#367,
    #391,#408));
#130 = ADVANCED_FACE('',(#131),#165,.F.);
#131 = FACE_BOUND('',#132,.F.);
#132 = EDGE_LOOP('',(#133,#143,#151,#159));
#133 = ORIENTED_EDGE('',*,*,#134,.F.);
#134 = EDGE_CURVE('',#135,#137,#139,.T.);
#135 = VERTEX_POINT('',#136);
#136 = CARTESIAN_POINT('',(-0.75,-0.75,0.));
#137 = VERTEX_POINT('',#138);
#138 = CARTESIAN_POINT('',(-0.75,-0.75,0.55));
#139 = LINE('',#140,#141);
#140 = CARTESIAN_POINT('',(-0.75,-0.75,0.));
#141 = VECTOR('',#142,1.);
#142 = DIRECTION('',(0.,0.,1.));
#143 = ORIENTED_EDGE('',*,*,#144,.T.);
#144 = EDGE_CURVE('',#135,#145,#147,.T.);
#145 = VERTEX_POINT('',#146);
#146 = CARTESIAN_POINT('',(-0.75,0.75,0.));
#147 = LINE('',#148,#149);
#148 = CARTESIAN_POINT('',(-0.75,-0.75,0.));
#149 = VECTOR('',#150,1.);
#150 = DIRECTION('',(0.,1.,0.));
#151 = ORIENTED_EDGE('',*,*,#152,.T.);
#152 = EDGE_CURVE('',#145,#153,#155,.T.);
#153 = VERTEX_POINT('',#154);
#154 = CARTESIAN_POINT('',(-0.75,0.75,0.55));
#155 = LINE('',#156,#157);
#156 = CARTESIAN_POINT('',(-0.75,0.75,0.));
#157 = VECTOR('',#158,1.);
#158 = DIRECTION('',(0.,0.,1.));
#159 = ORIENTED_EDGE('',*,*,#160,.F.);
#160 = EDGE_CURVE('',#137,#153,#161,.T.);
#161 = LINE('',#162,#163);
#162 = CARTESIAN_POINT('',(-0.75,-0.75,0.55));
#163 = VECTOR('',#164,1.);
#164 = DIRECTION('',(0.,1.,0.));
#165 = PLANE('',#166);
#166 = AXIS2_PLACEMENT_3D('',#167,#168,#169);
#167 = CARTESIAN_POINT('',(-0.75,-0.75,0.));
#168 = DIRECTION('',(1.,0.,0.));
#169 = DIRECTION('',(0.,0.,1.));
#170 = ADVANCED_FACE('',(#171),#196,.F.);
#171 = FACE_BOUND('',#172,.F.);
#172 = EDGE_LOOP('',(#173,#181,#182,#190));
#173 = ORIENTED_EDGE('',*,*,#174,.F.);
#174 = EDGE_CURVE('',#135,#175,#177,.T.);
#175 = VERTEX_POINT('',#176);
#176 = CARTESIAN_POINT('',(0.75,-0.75,0.));
#177 = LINE('',#178,#179);
#178 = CARTESIAN_POINT('',(-0.75,-0.75,0.));
#179 = VECTOR('',#180,1.);
#180 = DIRECTION('',(1.,0.,0.));
#181 = ORIENTED_EDGE('',*,*,#134,.T.);
#182 = ORIENTED_EDGE('',*,*,#183,.T.);
#183 = EDGE_CURVE('',#137,#184,#186,.T.);
#184 = VERTEX_POINT('',#185);
#185 = CARTESIAN_POINT('',(0.75,-0.75,0.55));
#186 = LINE('',#187,#188);
#187 = CARTESIAN_POINT('',(-0.75,-0.75,0.55));
#188 = VECTOR('',#189,1.);
#189 = DIRECTION('',(1.,0.,0.));
#190 = ORIENTED_EDGE('',*,*,#191,.F.);
#191 = EDGE_CURVE('',#175,#184,#192,.T.);
#192 = LINE('',#193,#194);
#193 = CARTESIAN_POINT('',(0.75,-0.75,0.));
#194 = VECTOR('',#195,1.);
#195 = DIRECTION('',(0.,0.,1.));
#196 = PLANE('',#197);
#197 = AXIS2_PLACEMENT_3D('',#198,#199,#200);
#198 = CARTESIAN_POINT('',(-0.75,-0.75,0.));
#199 = DIRECTION('',(0.,1.,0.));
#200 = DIRECTION('',(0.,-0.,1.));
#201 = ADVANCED_FACE('',(#202,#220),#254,.T.);
#202 = FACE_BOUND('',#203,.T.);
#203 = EDGE_LOOP('',(#204,#205,#206,#214));
#204 = ORIENTED_EDGE('',*,*,#160,.F.);
#205 = ORIENTED_EDGE('',*,*,#183,.T.);
#206 = ORIENTED_EDGE('',*,*,#207,.T.);
#207 = EDGE_CURVE('',#184,#208,#210,.T.);
#208 = VERTEX_POINT('',#209);
#209 = CARTESIAN_POINT('',(0.75,0.75,0.55));
#210 = LINE('',#211,#212);
#211 = CARTESIAN_POINT('',(0.75,-0.75,0.55));
#212 = VECTOR('',#213,1.);
#213 = DIRECTION('',(0.,1.,0.));
#214 = ORIENTED_EDGE('',*,*,#215,.F.);
#215 = EDGE_CURVE('',#153,#208,#216,.T.);
#216 = LINE('',#217,#218);
#217 = CARTESIAN_POINT('',(-0.75,0.75,0.55));
#218 = VECTOR('',#219,1.);
#219 = DIRECTION('',(1.,0.,0.));
#220 = FACE_BOUND('',#221,.T.);
#221 = EDGE_LOOP('',(#222,#232,#240,#248));
#222 = ORIENTED_EDGE('',*,*,#223,.F.);
#223 = EDGE_CURVE('',#224,#226,#228,.T.);
#224 = VERTEX_POINT('',#225);
#225 = CARTESIAN_POINT('',(-0.35,-0.35,0.55));
#226 = VERTEX_POINT('',#227);
#227 = CARTESIAN_POINT('',(0.35,-0.35,0.55));
#228 = LINE('',#229,#230);
#229 = CARTESIAN_POINT('',(-0.35,-0.35,0.55));
#230 = VECTOR('',#231,1.);
#231 = DIRECTION('',(1.,0.,0.));
#232 = ORIENTED_EDGE('',*,*,#233,.F.);
#233 = EDGE_CURVE('',#234,#224,#236,.T.);
#234 = VERTEX_POINT('',#235);
#235 = CARTESIAN_POINT('',(-0.35,0.35,0.55));
#236 = LINE('',#237,#238);
#237 = CARTESIAN_POINT('',(-0.35,0.35,0.55));
#238 = VECTOR('',#239,1.);
#239 = DIRECTION('',(0.,-1.,0.));
#240 = ORIENTED_EDGE('',*,*,#241,.F.);
#241 = EDGE_CURVE('',#242,#234,#244,.T.);
#242 = VERTEX_POINT('',#243);
#243 = CARTESIAN_POINT('',(0.35,0.35,0.55));
#244 = LINE('',#245,#246);
#245 = CARTESIAN_POINT('',(0.35,0.35,0.55));
#246 = VECTOR('',#247,1.);
#247 = DIRECTION('',(-1.,0.,0.));
#248 = ORIENTED_EDGE('',*,*,#249,.F.);
#249 = EDGE_CURVE('',#226,#242,#250,.T.);
#250 = LINE('',#251,#252);
#251 = CARTESIAN_POINT('',(0.35,-0.35,0.55));
#252 = VECTOR('',#253,1.);
#253 = DIRECTION('',(0.,1.,0.));
#254 = PLANE('',#255);
#255 = AXIS2_PLACEMENT_3D('',#256,#257,#258);
#256 = CARTESIAN_POINT('',(-0.75,-0.75,0.55));
#257 = DIRECTION('',(0.,0.,1.));
#258 = DIRECTION('',(1.,0.,-0.));
#259 = ADVANCED_FACE('',(#260),#278,.T.);
#260 = FACE_BOUND('',#261,.T.);
#261 = EDGE_LOOP('',(#262,#270,#271,#272));
#262 = ORIENTED_EDGE('',*,*,#263,.F.);
#263 = EDGE_CURVE('',#145,#264,#266,.T.);
#264 = VERTEX_POINT('',#265);
#265 = CARTESIAN_POINT('',(0.75,0.75,0.));
#266 = LINE('',#267,#268);
#267 = CARTESIAN_POINT('',(-0.75,0.75,0.));
#268 = VECTOR('',#269,1.);
#269 = DIRECTION('',(1.,0.,0.));
#270 = ORIENTED_EDGE('',*,*,#152,.T.);
#271 = ORIENTED_EDGE('',*,*,#215,.T.);
#272 = ORIENTED_EDGE('',*,*,#273,.F.);
#273 = EDGE_CURVE('',#264,#208,#274,.T.);
#274 = LINE('',#275,#276);
#275 = CARTESIAN_POINT('',(0.75,0.75,0.));
#276 = VECTOR('',#277,1.);
#277 = DIRECTION('',(0.,0.,1.));
#278 = PLANE('',#279);
#279 = AXIS2_PLACEMENT_3D('',#280,#281,#282);
#280 = CARTESIAN_POINT('',(-0.75,0.75,0.));
#281 = DIRECTION('',(0.,1.,0.));
#282 = DIRECTION('',(0.,-0.,1.));
#283 = ADVANCED_FACE('',(#284),#295,.F.);
#284 = FACE_BOUND('',#285,.F.);
#285 = EDGE_LOOP('',(#286,#287,#288,#294));
#286 = ORIENTED_EDGE('',*,*,#144,.F.);
#287 = ORIENTED_EDGE('',*,*,#174,.T.);
#288 = ORIENTED_EDGE('',*,*,#289,.T.);
#289 = EDGE_CURVE('',#175,#264,#290,.T.);
#290 = LINE('',#291,#292);
#291 = CARTESIAN_POINT('',(0.75,-0.75,0.));
#292 = VECTOR('',#293,1.);
#293 = DIRECTION('',(0.,1.,0.));
#294 = ORIENTED_EDGE('',*,*,#263,.F.);
#295 = PLANE('',#296);
#296 = AXIS2_PLACEMENT_3D('',#297,#298,#299);
#297 = CARTESIAN_POINT('',(-0.75,-0.75,0.));
#298 = DIRECTION('',(0.,0.,1.));
#299 = DIRECTION('',(1.,0.,-0.));
#300 = ADVANCED_FACE('',(#301),#307,.T.);
#301 = FACE_BOUND('',#302,.T.);
#302 = EDGE_LOOP('',(#303,#304,#305,#306));
#303 = ORIENTED_EDGE('',*,*,#191,.F.);
#304 = ORIENTED_EDGE('',*,*,#289,.T.);
#305 = ORIENTED_EDGE('',*,*,#273,.T.);
#306 = ORIENTED_EDGE('',*,*,#207,.F.);
#307 = PLANE('',#308);
#308 = AXIS2_PLACEMENT_3D('',#309,#310,#311);
#309 = CARTESIAN_POINT('',(0.75,-0.75,0.));
#310 = DIRECTION('',(1.,0.,0.));
#311 = DIRECTION('',(0.,0.,1.));
#312 = ADVANCED_FACE('',(#313),#338,.F.);
#313 = FACE_BOUND('',#314,.F.);
#314 = EDGE_LOOP('',(#315,#323,#331,#337));
#315 = ORIENTED_EDGE('',*,*,#316,.T.);
#316 = EDGE_CURVE('',#224,#317,#319,.T.);
#317 = VERTEX_POINT('',#318);
#318 = CARTESIAN_POINT('',(-0.35,-0.35,0.45));
#319 = LINE('',#320,#321);
#320 = CARTESIAN_POINT('',(-0.35,-0.35,0.55));
#321 = VECTOR('',#322,1.);
#322 = DIRECTION('',(-0.,-0.,-1.));
#323 = ORIENTED_EDGE('',*,*,#324,.T.);
#324 = EDGE_CURVE('',#317,#325,#327,.T.);
#325 = VERTEX_POINT('',#326);
#326 = CARTESIAN_POINT('',(0.35,-0.35,0.45));
#327 = LINE('',#328,#329);
#328 = CARTESIAN_POINT('',(-0.35,-0.35,0.45));
#329 = VECTOR('',#330,1.);
#330 = DIRECTION('',(1.,0.,0.));
#331 = ORIENTED_EDGE('',*,*,#332,.F.);
#332 = EDGE_CURVE('',#226,#325,#333,.T.);
#333 = LINE('',#334,#335);
#334 = CARTESIAN_POINT('',(0.35,-0.35,0.55));
#335 = VECTOR('',#336,1.);
#336 = DIRECTION('',(-0.,-0.,-1.));
#337 = ORIENTED_EDGE('',*,*,#223,.F.);
#338 = PLANE('',#339);
#339 = AXIS2_PLACEMENT_3D('',#340,#341,#342);
#340 = CARTESIAN_POINT('',(-0.35,-0.35,0.55));
#341 = DIRECTION('',(0.,-1.,0.));
#342 = DIRECTION('',(1.,0.,0.));
#343 = ADVANCED_FACE('',(#344),#362,.F.);
#344 = FACE_BOUND('',#345,.F.);
#345 = EDGE_LOOP('',(#346,#347,#355,#361));
#346 = ORIENTED_EDGE('',*,*,#332,.T.);
#347 = ORIENTED_EDGE('',*,*,#348,.T.);
#348 = EDGE_CURVE('',#325,#349,#351,.T.);
#349 = VERTEX_POINT('',#350);
#350 = CARTESIAN_POINT('',(0.35,0.35,0.45));
#351 = LINE('',#352,#353);
#352 = CARTESIAN_POINT('',(0.35,-0.35,0.45));
#353 = VECTOR('',#354,1.);
#354 = DIRECTION('',(0.,1.,0.));
#355 = ORIENTED_EDGE('',*,*,#356,.F.);
#356 = EDGE_CURVE('',#242,#349,#357,.T.);
#357 = LINE('',#358,#359);
#358 = CARTESIAN_POINT('',(0.35,0.35,0.55));
#359 = VECTOR('',#360,1.);
#360 = DIRECTION('',(-0.,-0.,-1.));
#361 = ORIENTED_EDGE('',*,*,#249,.F.);
#362 = PLANE('',#363);
#363 = AXIS2_PLACEMENT_3D('',#364,#365,#366);
#364 = CARTESIAN_POINT('',(0.35,-0.35,0.55));
#365 = DIRECTION('',(1.,0.,0.));
#366 = DIRECTION('',(-0.,1.,0.));
#367 = ADVANCED_FACE('',(#368),#386,.F.);
#368 = FACE_BOUND('',#369,.F.);
#369 = EDGE_LOOP('',(#370,#371,#379,#385));
#370 = ORIENTED_EDGE('',*,*,#356,.T.);
#371 = ORIENTED_EDGE('',*,*,#372,.T.);
#372 = EDGE_CURVE('',#349,#373,#375,.T.);
#373 = VERTEX_POINT('',#374);
#374 = CARTESIAN_POINT('',(-0.35,0.35,0.45));
#375 = LINE('',#376,#377);
#376 = CARTESIAN_POINT('',(0.35,0.35,0.45));
#377 = VECTOR('',#378,1.);
#378 = DIRECTION('',(-1.,0.,0.));
#379 = ORIENTED_EDGE('',*,*,#380,.F.);
#380 = EDGE_CURVE('',#234,#373,#381,.T.);
#381 = LINE('',#382,#383);
#382 = CARTESIAN_POINT('',(-0.35,0.35,0.55));
#383 = VECTOR('',#384,1.);
#384 = DIRECTION('',(-0.,-0.,-1.));
#385 = ORIENTED_EDGE('',*,*,#241,.F.);
#386 = PLANE('',#387);
#387 = AXIS2_PLACEMENT_3D('',#388,#389,#390);
#388 = CARTESIAN_POINT('',(0.35,0.35,0.55));
#389 = DIRECTION('',(0.,1.,-0.));
#390 = DIRECTION('',(-1.,0.,0.));
#391 = ADVANCED_FACE('',(#392),#403,.F.);
#392 = FACE_BOUND('',#393,.F.);
#393 = EDGE_LOOP('',(#394,#395,#401,#402));
#394 = ORIENTED_EDGE('',*,*,#380,.T.);
#395 = ORIENTED_EDGE('',*,*,#396,.T.);
#396 = EDGE_CURVE('',#373,#317,#397,.T.);
#397 = LINE('',#398,#399);
#398 = CARTESIAN_POINT('',(-0.35,0.35,0.45));
#399 = VECTOR('',#400,1.);
#400 = DIRECTION('',(0.,-1.,0.));
#401 = ORIENTED_EDGE('',*,*,#316,.F.);
#402 = ORIENTED_EDGE('',*,*,#233,.F.);
#403 = PLANE('',#404);
#404 = AXIS2_PLACEMENT_3D('',#405,#406,#407);
#405 = CARTESIAN_POINT('',(-0.35,0.35,0.55));
#406 = DIRECTION('',(-1.,0.,0.));
#407 = DIRECTION('',(0.,-1.,0.));
#408 = ADVANCED_FACE('',(#409),#415,.T.);
#409 = FACE_BOUND('',#410,.T.);
#410 = EDGE_LOOP('',(#411,#412,#413,#414));
#411 = ORIENTED_EDGE('',*,*,#324,.T.);
#412 = ORIENTED_EDGE('',*,*,#348,.T.);
#413 = ORIENTED_EDGE('',*,*,#372,.T.);
#414 = ORIENTED_EDGE('',*,*,#396,.T.);
#415 = PLANE('',#416);
#416 = AXIS2_PLACEMENT_3D('',#417,#418,#419);
#417 = CARTESIAN_POINT('',(-9.91270557701E-18,9.91270557701E-18,0.45));
#418 = DIRECTION('',(0.,0.,1.));
#419 = DIRECTION('',(1.,0.,-0.));
#420 = ( GEOMETRIC_REPRESENTATION_CONTEXT(3) 
GLOBAL_UNCERTAINTY_ASSIGNED_CONTEXT((#424)) GLOBAL_UNIT_ASSIGNED_CONTEXT
((#421,#422,#423)) REPRESENTATION_CONTEXT('Context #1',
  '3D Context with UNIT and UNCERTAINTY') );
#421 = ( LENGTH_UNIT() NAMED_UNIT(*) SI_UNIT(.MILLI.,.METRE.) );
#422 = ( NAMED_UNIT(*) PLANE_ANGLE_UNIT() SI_UNIT($,.RADIAN.) );
#423 = ( NAMED_UNIT(*) SI_UNIT($,.STERADIAN.) SOLID_ANGLE_UNIT() );
#424 = UNCERTAINTY_MEASURE_WITH_UNIT(LENGTH_MEASURE(1.E-07),#421,
  'distance_accuracy_value','confusion accuracy');
#425 = CONTEXT_DEPENDENT_SHAPE_REPRESENTATION(#426,#428);
#426 = ( REPRESENTATION_RELATIONSHIP('','',#127,#104) 
REPRESENTATION_RELATIONSHIP_WITH_TRANSFORMATION(#427) 
SHAPE_REPRESENTATION_RELATIONSHIP() );
#427 = ITEM_DEFINED_TRANSFORMATION('','',#11,#105);
#428 = PRODUCT_DEFINITION_SHAPE('Placement','Placement of an item',#429
  );
#429 = NEXT_ASSEMBLY_USAGE_OCCURRENCE('1','=>[0:1:1:3]','',#99,#122,$);
#430 = PRODUCT_RELATED_PRODUCT_CATEGORY('part',$,(#124));
#431 = SHAPE_DEFINITION_REPRESENTATION(#432,#438);
#432 = PRODUCT_DEFINITION_SHAPE('','',#433);
#433 = PRODUCT_DEFINITION('design','',#434,#437);
#434 = PRODUCT_DEFINITION_FORMATION('','',#435);
#435 = PRODUCT('PMSA003I_SuppliedSocket','PMSA003I_SuppliedSocket','',(
    #436));
#436 = PRODUCT_CONTEXT('',#2,'mechanical');
#437 = PRODUCT_DEFINITION_CONTEXT('part definition',#2,'design');
#438 = SHAPE_REPRESENTATION('',(#11,#439),#443);
#439 = AXIS2_PLACEMENT_3D('',#440,#441,#442);
#440 = CARTESIAN_POINT('',(0.,0.,0.));
#441 = DIRECTION('',(0.,0.,1.));
#442 = DIRECTION('',(1.,0.,-0.));
#443 = ( GEOMETRIC_REPRESENTATION_CONTEXT(3) 
GLOBAL_UNCERTAINTY_ASSIGNED_CONTEXT((#447)) GLOBAL_UNIT_ASSIGNED_CONTEXT
((#444,#445,#446)) REPRESENTATION_CONTEXT('Context #1',
  '3D Context with UNIT and UNCERTAINTY') );
#444 = ( LENGTH_UNIT() NAMED_UNIT(*) SI_UNIT(.MILLI.,.METRE.) );
#445 = ( NAMED_UNIT(*) PLANE_ANGLE_UNIT() SI_UNIT($,.RADIAN.) );
#446 = ( NAMED_UNIT(*) SI_UNIT($,.STERADIAN.) SOLID_ANGLE_UNIT() );
#447 = UNCERTAINTY_MEASURE_WITH_UNIT(LENGTH_MEASURE(1.E-07),#444,
  'distance_accuracy_value','confusion accuracy');
#448 = CONTEXT_DEPENDENT_SHAPE_REPRESENTATION(#449,#451);
#449 = ( REPRESENTATION_RELATIONSHIP('','',#438,#10) 
REPRESENTATION_RELATIONSHIP_WITH_TRANSFORMATION(#450) 
SHAPE_REPRESENTATION_RELATIONSHIP() );
#450 = ITEM_DEFINED_TRANSFORMATION('','',#11,#19);
#451 = PRODUCT_DEFINITION_SHAPE('Placement','Placement of an item',#452
  );
#452 = NEXT_ASSEMBLY_USAGE_OCCURRENCE('4','J5','',#5,#433,$);
#453 = PRODUCT_RELATED_PRODUCT_CATEGORY('part',$,(#435));
#454 = SHAPE_DEFINITION_REPRESENTATION(#455,#461);
#455 = PRODUCT_DEFINITION_SHAPE('','',#456);
#456 = PRODUCT_DEFINITION('design','',#457,#460);
#457 = PRODUCT_DEFINITION_FORMATION('','',#458);
#458 = PRODUCT('Open CASCADE STEP translator 7.9 2',
  'Open CASCADE STEP translator 7.9 2','',(#459));
#459 = PRODUCT_CONTEXT('',#2,'mechanical');
#460 = PRODUCT_DEFINITION_CONTEXT('part definition',#2,'design');
#461 = ADVANCED_BREP_SHAPE_REPRESENTATION('',(#11,#462),#754);
#462 = MANIFOLD_SOLID_BREP('',#463);
#463 = CLOSED_SHELL('',(#464,#504,#535,#593,#617,#634,#646,#677,#701,
    #725,#742));
#464 = ADVANCED_FACE('',(#465),#499,.F.);
#465 = FACE_BOUND('',#466,.F.);
#466 = EDGE_LOOP('',(#467,#477,#485,#493));
#467 = ORIENTED_EDGE('',*,*,#468,.F.);
#468 = EDGE_CURVE('',#469,#471,#473,.T.);
#469 = VERTEX_POINT('',#470);
#470 = CARTESIAN_POINT('',(-5.27,-2.5,0.));
#471 = VERTEX_POINT('',#472);
#472 = CARTESIAN_POINT('',(-5.27,-2.5,2.));
#473 = LINE('',#474,#475);
#474 = CARTESIAN_POINT('',(-5.27,-2.5,0.));
#475 = VECTOR('',#476,1.);
#476 = DIRECTION('',(0.,0.,1.));
#477 = ORIENTED_EDGE('',*,*,#478,.T.);
#478 = EDGE_CURVE('',#469,#479,#481,.T.);
#479 = VERTEX_POINT('',#480);
#480 = CARTESIAN_POINT('',(-5.27,2.5,0.));
#481 = LINE('',#482,#483);
#482 = CARTESIAN_POINT('',(-5.27,-2.5,0.));
#483 = VECTOR('',#484,1.);
#484 = DIRECTION('',(0.,1.,0.));
#485 = ORIENTED_EDGE('',*,*,#486,.T.);
#486 = EDGE_CURVE('',#479,#487,#489,.T.);
#487 = VERTEX_POINT('',#488);
#488 = CARTESIAN_POINT('',(-5.27,2.5,2.));
#489 = LINE('',#490,#491);
#490 = CARTESIAN_POINT('',(-5.27,2.5,0.));
#491 = VECTOR('',#492,1.);
#492 = DIRECTION('',(0.,0.,1.));
#493 = ORIENTED_EDGE('',*,*,#494,.F.);
#494 = EDGE_CURVE('',#471,#487,#495,.T.);
#495 = LINE('',#496,#497);
#496 = CARTESIAN_POINT('',(-5.27,-2.5,2.));
#497 = VECTOR('',#498,1.);
#498 = DIRECTION('',(0.,1.,0.));
#499 = PLANE('',#500);
#500 = AXIS2_PLACEMENT_3D('',#501,#502,#503);
#501 = CARTESIAN_POINT('',(-5.27,-2.5,0.));
#502 = DIRECTION('',(1.,0.,0.));
#503 = DIRECTION('',(0.,0.,1.));
#504 = ADVANCED_FACE('',(#505),#530,.F.);
#505 = FACE_BOUND('',#506,.F.);
#506 = EDGE_LOOP('',(#507,#515,#516,#524));
#507 = ORIENTED_EDGE('',*,*,#508,.F.);
#508 = EDGE_CURVE('',#469,#509,#511,.T.);
#509 = VERTEX_POINT('',#510);
#510 = CARTESIAN_POINT('',(5.27,-2.5,0.));
#511 = LINE('',#512,#513);
#512 = CARTESIAN_POINT('',(-5.27,-2.5,0.));
#513 = VECTOR('',#514,1.);
#514 = DIRECTION('',(1.,0.,0.));
#515 = ORIENTED_EDGE('',*,*,#468,.T.);
#516 = ORIENTED_EDGE('',*,*,#517,.T.);
#517 = EDGE_CURVE('',#471,#518,#520,.T.);
#518 = VERTEX_POINT('',#519);
#519 = CARTESIAN_POINT('',(5.27,-2.5,2.));
#520 = LINE('',#521,#522);
#521 = CARTESIAN_POINT('',(-5.27,-2.5,2.));
#522 = VECTOR('',#523,1.);
#523 = DIRECTION('',(1.,0.,0.));
#524 = ORIENTED_EDGE('',*,*,#525,.F.);
#525 = EDGE_CURVE('',#509,#518,#526,.T.);
#526 = LINE('',#527,#528);
#527 = CARTESIAN_POINT('',(5.27,-2.5,0.));
#528 = VECTOR('',#529,1.);
#529 = DIRECTION('',(0.,0.,1.));
#530 = PLANE('',#531);
#531 = AXIS2_PLACEMENT_3D('',#532,#533,#534);
#532 = CARTESIAN_POINT('',(-5.27,-2.5,0.));
#533 = DIRECTION('',(0.,1.,0.));
#534 = DIRECTION('',(0.,-0.,1.));
#535 = ADVANCED_FACE('',(#536,#554),#588,.T.);
#536 = FACE_BOUND('',#537,.T.);
#537 = EDGE_LOOP('',(#538,#539,#540,#548));
#538 = ORIENTED_EDGE('',*,*,#494,.F.);
#539 = ORIENTED_EDGE('',*,*,#517,.T.);
#540 = ORIENTED_EDGE('',*,*,#541,.T.);
#541 = EDGE_CURVE('',#518,#542,#544,.T.);
#542 = VERTEX_POINT('',#543);
#543 = CARTESIAN_POINT('',(5.27,2.5,2.));
#544 = LINE('',#545,#546);
#545 = CARTESIAN_POINT('',(5.27,-2.5,2.));
#546 = VECTOR('',#547,1.);
#547 = DIRECTION('',(0.,1.,0.));
#548 = ORIENTED_EDGE('',*,*,#549,.F.);
#549 = EDGE_CURVE('',#487,#542,#550,.T.);
#550 = LINE('',#551,#552);
#551 = CARTESIAN_POINT('',(-5.27,2.5,2.));
#552 = VECTOR('',#553,1.);
#553 = DIRECTION('',(1.,0.,0.));
#554 = FACE_BOUND('',#555,.T.);
#555 = EDGE_LOOP('',(#556,#566,#574,#582));
#556 = ORIENTED_EDGE('',*,*,#557,.F.);
#557 = EDGE_CURVE('',#558,#560,#562,.T.);
#558 = VERTEX_POINT('',#559);
#559 = CARTESIAN_POINT('',(-3.1,-1.45,2.));
#560 = VERTEX_POINT('',#561);
#561 = CARTESIAN_POINT('',(3.1,-1.45,2.));
#562 = LINE('',#563,#564);
#563 = CARTESIAN_POINT('',(-3.1,-1.45,2.));
#564 = VECTOR('',#565,1.);
#565 = DIRECTION('',(1.,0.,0.));
#566 = ORIENTED_EDGE('',*,*,#567,.F.);
#567 = EDGE_CURVE('',#568,#558,#570,.T.);
#568 = VERTEX_POINT('',#569);
#569 = CARTESIAN_POINT('',(-3.1,1.45,2.));
#570 = LINE('',#571,#572);
#571 = CARTESIAN_POINT('',(-3.1,1.45,2.));
#572 = VECTOR('',#573,1.);
#573 = DIRECTION('',(0.,-1.,0.));
#574 = ORIENTED_EDGE('',*,*,#575,.F.);
#575 = EDGE_CURVE('',#576,#568,#578,.T.);
#576 = VERTEX_POINT('',#577);
#577 = CARTESIAN_POINT('',(3.1,1.45,2.));
#578 = LINE('',#579,#580);
#579 = CARTESIAN_POINT('',(3.1,1.45,2.));
#580 = VECTOR('',#581,1.);
#581 = DIRECTION('',(-1.,0.,0.));
#582 = ORIENTED_EDGE('',*,*,#583,.F.);
#583 = EDGE_CURVE('',#560,#576,#584,.T.);
#584 = LINE('',#585,#586);
#585 = CARTESIAN_POINT('',(3.1,-1.45,2.));
#586 = VECTOR('',#587,1.);
#587 = DIRECTION('',(0.,1.,0.));
#588 = PLANE('',#589);
#589 = AXIS2_PLACEMENT_3D('',#590,#591,#592);
#590 = CARTESIAN_POINT('',(-5.27,-2.5,2.));
#591 = DIRECTION('',(0.,0.,1.));
#592 = DIRECTION('',(1.,0.,-0.));
#593 = ADVANCED_FACE('',(#594),#612,.T.);
#594 = FACE_BOUND('',#595,.T.);
#595 = EDGE_LOOP('',(#596,#604,#605,#606));
#596 = ORIENTED_EDGE('',*,*,#597,.F.);
#597 = EDGE_CURVE('',#479,#598,#600,.T.);
#598 = VERTEX_POINT('',#599);
#599 = CARTESIAN_POINT('',(5.27,2.5,0.));
#600 = LINE('',#601,#602);
#601 = CARTESIAN_POINT('',(-5.27,2.5,0.));
#602 = VECTOR('',#603,1.);
#603 = DIRECTION('',(1.,0.,0.));
#604 = ORIENTED_EDGE('',*,*,#486,.T.);
#605 = ORIENTED_EDGE('',*,*,#549,.T.);
#606 = ORIENTED_EDGE('',*,*,#607,.F.);
#607 = EDGE_CURVE('',#598,#542,#608,.T.);
#608 = LINE('',#609,#610);
#609 = CARTESIAN_POINT('',(5.27,2.5,0.));
#610 = VECTOR('',#611,1.);
#611 = DIRECTION('',(0.,0.,1.));
#612 = PLANE('',#613);
#613 = AXIS2_PLACEMENT_3D('',#614,#615,#616);
#614 = CARTESIAN_POINT('',(-5.27,2.5,0.));
#615 = DIRECTION('',(0.,1.,0.));
#616 = DIRECTION('',(0.,-0.,1.));
#617 = ADVANCED_FACE('',(#618),#629,.F.);
#618 = FACE_BOUND('',#619,.F.);
#619 = EDGE_LOOP('',(#620,#621,#622,#628));
#620 = ORIENTED_EDGE('',*,*,#478,.F.);
#621 = ORIENTED_EDGE('',*,*,#508,.T.);
#622 = ORIENTED_EDGE('',*,*,#623,.T.);
#623 = EDGE_CURVE('',#509,#598,#624,.T.);
#624 = LINE('',#625,#626);
#625 = CARTESIAN_POINT('',(5.27,-2.5,0.));
#626 = VECTOR('',#627,1.);
#627 = DIRECTION('',(0.,1.,0.));
#628 = ORIENTED_EDGE('',*,*,#597,.F.);
#629 = PLANE('',#630);
#630 = AXIS2_PLACEMENT_3D('',#631,#632,#633);
#631 = CARTESIAN_POINT('',(-5.27,-2.5,0.));
#632 = DIRECTION('',(0.,0.,1.));
#633 = DIRECTION('',(1.,0.,-0.));
#634 = ADVANCED_FACE('',(#635),#641,.T.);
#635 = FACE_BOUND('',#636,.T.);
#636 = EDGE_LOOP('',(#637,#638,#639,#640));
#637 = ORIENTED_EDGE('',*,*,#525,.F.);
#638 = ORIENTED_EDGE('',*,*,#623,.T.);
#639 = ORIENTED_EDGE('',*,*,#607,.T.);
#640 = ORIENTED_EDGE('',*,*,#541,.F.);
#641 = PLANE('',#642);
#642 = AXIS2_PLACEMENT_3D('',#643,#644,#645);
#643 = CARTESIAN_POINT('',(5.27,-2.5,0.));
#644 = DIRECTION('',(1.,0.,0.));
#645 = DIRECTION('',(0.,0.,1.));
#646 = ADVANCED_FACE('',(#647),#672,.F.);
#647 = FACE_BOUND('',#648,.F.);
#648 = EDGE_LOOP('',(#649,#657,#665,#671));
#649 = ORIENTED_EDGE('',*,*,#650,.T.);
#650 = EDGE_CURVE('',#558,#651,#653,.T.);
#651 = VERTEX_POINT('',#652);
#652 = CARTESIAN_POINT('',(-3.1,-1.45,0.5));
#653 = LINE('',#654,#655);
#654 = CARTESIAN_POINT('',(-3.1,-1.45,2.));
#655 = VECTOR('',#656,1.);
#656 = DIRECTION('',(-0.,-0.,-1.));
#657 = ORIENTED_EDGE('',*,*,#658,.T.);
#658 = EDGE_CURVE('',#651,#659,#661,.T.);
#659 = VERTEX_POINT('',#660);
#660 = CARTESIAN_POINT('',(3.1,-1.45,0.5));
#661 = LINE('',#662,#663);
#662 = CARTESIAN_POINT('',(-3.1,-1.45,0.5));
#663 = VECTOR('',#664,1.);
#664 = DIRECTION('',(1.,0.,0.));
#665 = ORIENTED_EDGE('',*,*,#666,.F.);
#666 = EDGE_CURVE('',#560,#659,#667,.T.);
#667 = LINE('',#668,#669);
#668 = CARTESIAN_POINT('',(3.1,-1.45,2.));
#669 = VECTOR('',#670,1.);
#670 = DIRECTION('',(-0.,-0.,-1.));
#671 = ORIENTED_EDGE('',*,*,#557,.F.);
#672 = PLANE('',#673);
#673 = AXIS2_PLACEMENT_3D('',#674,#675,#676);
#674 = CARTESIAN_POINT('',(-3.1,-1.45,2.));
#675 = DIRECTION('',(0.,-1.,0.));
#676 = DIRECTION('',(1.,0.,0.));
#677 = ADVANCED_FACE('',(#678),#696,.F.);
#678 = FACE_BOUND('',#679,.F.);
#679 = EDGE_LOOP('',(#680,#681,#689,#695));
#680 = ORIENTED_EDGE('',*,*,#666,.T.);
#681 = ORIENTED_EDGE('',*,*,#682,.T.);
#682 = EDGE_CURVE('',#659,#683,#685,.T.);
#683 = VERTEX_POINT('',#684);
#684 = CARTESIAN_POINT('',(3.1,1.45,0.5));
#685 = LINE('',#686,#687);
#686 = CARTESIAN_POINT('',(3.1,-1.45,0.5));
#687 = VECTOR('',#688,1.);
#688 = DIRECTION('',(0.,1.,0.));
#689 = ORIENTED_EDGE('',*,*,#690,.F.);
#690 = EDGE_CURVE('',#576,#683,#691,.T.);
#691 = LINE('',#692,#693);
#692 = CARTESIAN_POINT('',(3.1,1.45,2.));
#693 = VECTOR('',#694,1.);
#694 = DIRECTION('',(-0.,-0.,-1.));
#695 = ORIENTED_EDGE('',*,*,#583,.F.);
#696 = PLANE('',#697);
#697 = AXIS2_PLACEMENT_3D('',#698,#699,#700);
#698 = CARTESIAN_POINT('',(3.1,-1.45,2.));
#699 = DIRECTION('',(1.,0.,0.));
#700 = DIRECTION('',(-0.,1.,0.));
#701 = ADVANCED_FACE('',(#702),#720,.F.);
#702 = FACE_BOUND('',#703,.F.);
#703 = EDGE_LOOP('',(#704,#705,#713,#719));
#704 = ORIENTED_EDGE('',*,*,#690,.T.);
#705 = ORIENTED_EDGE('',*,*,#706,.T.);
#706 = EDGE_CURVE('',#683,#707,#709,.T.);
#707 = VERTEX_POINT('',#708);
#708 = CARTESIAN_POINT('',(-3.1,1.45,0.5));
#709 = LINE('',#710,#711);
#710 = CARTESIAN_POINT('',(3.1,1.45,0.5));
#711 = VECTOR('',#712,1.);
#712 = DIRECTION('',(-1.,0.,0.));
#713 = ORIENTED_EDGE('',*,*,#714,.F.);
#714 = EDGE_CURVE('',#568,#707,#715,.T.);
#715 = LINE('',#716,#717);
#716 = CARTESIAN_POINT('',(-3.1,1.45,2.));
#717 = VECTOR('',#718,1.);
#718 = DIRECTION('',(-0.,-0.,-1.));
#719 = ORIENTED_EDGE('',*,*,#575,.F.);
#720 = PLANE('',#721);
#721 = AXIS2_PLACEMENT_3D('',#722,#723,#724);
#722 = CARTESIAN_POINT('',(3.1,1.45,2.));
#723 = DIRECTION('',(0.,1.,-0.));
#724 = DIRECTION('',(-1.,0.,0.));
#725 = ADVANCED_FACE('',(#726),#737,.F.);
#726 = FACE_BOUND('',#727,.F.);
#727 = EDGE_LOOP('',(#728,#729,#735,#736));
#728 = ORIENTED_EDGE('',*,*,#714,.T.);
#729 = ORIENTED_EDGE('',*,*,#730,.T.);
#730 = EDGE_CURVE('',#707,#651,#731,.T.);
#731 = LINE('',#732,#733);
#732 = CARTESIAN_POINT('',(-3.1,1.45,0.5));
#733 = VECTOR('',#734,1.);
#734 = DIRECTION('',(0.,-1.,0.));
#735 = ORIENTED_EDGE('',*,*,#650,.F.);
#736 = ORIENTED_EDGE('',*,*,#567,.F.);
#737 = PLANE('',#738);
#738 = AXIS2_PLACEMENT_3D('',#739,#740,#741);
#739 = CARTESIAN_POINT('',(-3.1,1.45,2.));
#740 = DIRECTION('',(-1.,0.,0.));
#741 = DIRECTION('',(0.,-1.,0.));
#742 = ADVANCED_FACE('',(#743),#749,.T.);
#743 = FACE_BOUND('',#744,.T.);
#744 = EDGE_LOOP('',(#745,#746,#747,#748));
#745 = ORIENTED_EDGE('',*,*,#658,.T.);
#746 = ORIENTED_EDGE('',*,*,#682,.T.);
#747 = ORIENTED_EDGE('',*,*,#706,.T.);
#748 = ORIENTED_EDGE('',*,*,#730,.T.);
#749 = PLANE('',#750);
#750 = AXIS2_PLACEMENT_3D('',#751,#752,#753);
#751 = CARTESIAN_POINT('',(0.,-9.760202414287E-17,0.5));
#752 = DIRECTION('',(0.,0.,1.));
#753 = DIRECTION('',(1.,0.,-0.));
#754 = ( GEOMETRIC_REPRESENTATION_CONTEXT(3) 
GLOBAL_UNCERTAINTY_ASSIGNED_CONTEXT((#758)) GLOBAL_UNIT_ASSIGNED_CONTEXT
((#755,#756,#757)) REPRESENTATION_CONTEXT('Context #1',
  '3D Context with UNIT and UNCERTAINTY') );
#755 = ( LENGTH_UNIT() NAMED_UNIT(*) SI_UNIT(.MILLI.,.METRE.) );
#756 = ( NAMED_UNIT(*) PLANE_ANGLE_UNIT() SI_UNIT($,.RADIAN.) );
#757 = ( NAMED_UNIT(*) SI_UNIT($,.STERADIAN.) SOLID_ANGLE_UNIT() );
#758 = UNCERTAINTY_MEASURE_WITH_UNIT(LENGTH_MEASURE(1.E-07),#755,
  'distance_accuracy_value','confusion accuracy');
#759 = CONTEXT_DEPENDENT_SHAPE_REPRESENTATION(#760,#762);
#760 = ( REPRESENTATION_RELATIONSHIP('','',#461,#438) 
REPRESENTATION_RELATIONSHIP_WITH_TRANSFORMATION(#761) 
SHAPE_REPRESENTATION_RELATIONSHIP() );
#761 = ITEM_DEFINED_TRANSFORMATION('','',#11,#439);
#762 = PRODUCT_DEFINITION_SHAPE('Placement','Placement of an item',#763
  );
#763 = NEXT_ASSEMBLY_USAGE_OCCURRENCE('3','=>[0:1:1:5]','',#433,#456,$);
#764 = PRODUCT_RELATED_PRODUCT_CATEGORY('part',$,(#458));
#765 = SHAPE_DEFINITION_REPRESENTATION(#766,#772);
#766 = PRODUCT_DEFINITION_SHAPE('','',#767);
#767 = PRODUCT_DEFINITION('design','',#768,#771);
#768 = PRODUCT_DEFINITION_FORMATION('','',#769);
#769 = PRODUCT('C_0603_1608Metric','C_0603_1608Metric','',(#770));
#770 = PRODUCT_CONTEXT('',#2,'mechanical');
#771 = PRODUCT_DEFINITION_CONTEXT('part definition',#2,'design');
#772 = SHAPE_REPRESENTATION('',(#11,#773),#777);
#773 = AXIS2_PLACEMENT_3D('',#774,#775,#776);
#774 = CARTESIAN_POINT('',(0.,0.,0.));
#775 = DIRECTION('',(0.,0.,1.));
#776 = DIRECTION('',(1.,0.,-0.));
#777 = ( GEOMETRIC_REPRESENTATION_CONTEXT(3) 
GLOBAL_UNCERTAINTY_ASSIGNED_CONTEXT((#781)) GLOBAL_UNIT_ASSIGNED_CONTEXT
((#778,#779,#780)) REPRESENTATION_CONTEXT('Context #1',
  '3D Context with UNIT and UNCERTAINTY') );
#778 = ( LENGTH_UNIT() NAMED_UNIT(*) SI_UNIT(.MILLI.,.METRE.) );
#779 = ( NAMED_UNIT(*) PLANE_ANGLE_UNIT() SI_UNIT($,.RADIAN.) );
#780 = ( NAMED_UNIT(*) SI_UNIT($,.STERADIAN.) SOLID_ANGLE_UNIT() );
#781 = UNCERTAINTY_MEASURE_WITH_UNIT(LENGTH_MEASURE(1.E-07),#778,
  'distance_accuracy_value','confusion accuracy');
#782 = CONTEXT_DEPENDENT_SHAPE_REPRESENTATION(#783,#785);
#783 = ( REPRESENTATION_RELATIONSHIP('','',#772,#10) 
REPRESENTATION_RELATIONSHIP_WITH_TRANSFORMATION(#784) 
SHAPE_REPRESENTATION_RELATIONSHIP() );
#784 = ITEM_DEFINED_TRANSFORMATION('','',#11,#23);
#785 = PRODUCT_DEFINITION_SHAPE('Placement','Placement of an item',#786
  );
#786 = NEXT_ASSEMBLY_USAGE_OCCURRENCE('6','C4','',#5,#767,$);
#787 = PRODUCT_RELATED_PRODUCT_CATEGORY('part',$,(#769));
#788 = SHAPE_DEFINITION_REPRESENTATION(#789,#795);
#789 = PRODUCT_DEFINITION_SHAPE('','',#790);
#790 = PRODUCT_DEFINITION('design','',#791,#794);
#791 = PRODUCT_DEFINITION_FORMATION('','',#792);
#792 = PRODUCT('C_0603_1608Metric','C_0603_1608Metric','',(#793));
#793 = PRODUCT_CONTEXT('',#2,'mechanical');
#794 = PRODUCT_DEFINITION_CONTEXT('part definition',#2,'design');
#795 = ADVANCED_BREP_SHAPE_REPRESENTATION('',(#11,#796),#1650);
#796 = MANIFOLD_SOLID_BREP('',#797);
#797 = CLOSED_SHELL('',(#798,#874,#905,#930,#955,#979,#1003,#1028,#1053,
    #1070,#1156,#1188,#1212,#1237,#1261,#1286,#1310,#1335,#1352,#1438,
    #1469,#1494,#1519,#1543,#1567,#1592,#1617,#1634));
#798 = ADVANCED_FACE('',(#799),#869,.F.);
#799 = FACE_BOUND('',#800,.F.);
#800 = EDGE_LOOP('',(#801,#811,#820,#828,#837,#845,#854,#862));
#801 = ORIENTED_EDGE('',*,*,#802,.F.);
#802 = EDGE_CURVE('',#803,#805,#807,.T.);
#803 = VERTEX_POINT('',#804);
#804 = CARTESIAN_POINT('',(-0.8,-0.4,3.E-02));
#805 = VERTEX_POINT('',#806);
#806 = CARTESIAN_POINT('',(-0.8,-0.4,0.77));
#807 = LINE('',#808,#809);
#808 = CARTESIAN_POINT('',(-0.8,-0.4,0.));
#809 = VECTOR('',#810,1.);
#810 = DIRECTION('',(0.,0.,1.));
#811 = ORIENTED_EDGE('',*,*,#812,.T.);
#812 = EDGE_CURVE('',#803,#813,#815,.T.);
#813 = VERTEX_POINT('',#814);
#814 = CARTESIAN_POINT('',(-0.8,-0.37,0.));
#815 = CIRCLE('',#816,3.E-02);
#816 = AXIS2_PLACEMENT_3D('',#817,#818,#819);
#817 = CARTESIAN_POINT('',(-0.8,-0.37,3.E-02));
#818 = DIRECTION('',(1.,0.,-0.));
#819 = DIRECTION('',(0.,0.,1.));
#820 = ORIENTED_EDGE('',*,*,#821,.T.);
#821 = EDGE_CURVE('',#813,#822,#824,.T.);
#822 = VERTEX_POINT('',#823);
#823 = CARTESIAN_POINT('',(-0.8,0.37,0.));
#824 = LINE('',#825,#826);
#825 = CARTESIAN_POINT('',(-0.8,-0.4,0.));
#826 = VECTOR('',#827,1.);
#827 = DIRECTION('',(0.,1.,0.));
#828 = ORIENTED_EDGE('',*,*,#829,.F.);
#829 = EDGE_CURVE('',#830,#822,#832,.T.);
#830 = VERTEX_POINT('',#831);
#831 = CARTESIAN_POINT('',(-0.8,0.4,3.E-02));
#832 = CIRCLE('',#833,3.E-02);
#833 = AXIS2_PLACEMENT_3D('',#834,#835,#836);
#834 = CARTESIAN_POINT('',(-0.8,0.37,3.E-02));
#835 = DIRECTION('',(-1.,0.,0.));
#836 = DIRECTION('',(0.,0.,1.));
#837 = ORIENTED_EDGE('',*,*,#838,.T.);
#838 = EDGE_CURVE('',#830,#839,#841,.T.);
#839 = VERTEX_POINT('',#840);
#840 = CARTESIAN_POINT('',(-0.8,0.4,0.77));
#841 = LINE('',#842,#843);
#842 = CARTESIAN_POINT('',(-0.8,0.4,0.));
#843 = VECTOR('',#844,1.);
#844 = DIRECTION('',(0.,0.,1.));
#845 = ORIENTED_EDGE('',*,*,#846,.T.);
#846 = EDGE_CURVE('',#839,#847,#849,.T.);
#847 = VERTEX_POINT('',#848);
#848 = CARTESIAN_POINT('',(-0.8,0.37,0.8));
#849 = CIRCLE('',#850,3.E-02);
#850 = AXIS2_PLACEMENT_3D('',#851,#852,#853);
#851 = CARTESIAN_POINT('',(-0.8,0.37,0.77));
#852 = DIRECTION('',(1.,0.,-0.));
#853 = DIRECTION('',(0.,0.,1.));
#854 = ORIENTED_EDGE('',*,*,#855,.F.);
#855 = EDGE_CURVE('',#856,#847,#858,.T.);
#856 = VERTEX_POINT('',#857);
#857 = CARTESIAN_POINT('',(-0.8,-0.37,0.8));
#858 = LINE('',#859,#860);
#859 = CARTESIAN_POINT('',(-0.8,-0.4,0.8));
#860 = VECTOR('',#861,1.);
#861 = DIRECTION('',(0.,1.,0.));
#862 = ORIENTED_EDGE('',*,*,#863,.F.);
#863 = EDGE_CURVE('',#805,#856,#864,.T.);
#864 = CIRCLE('',#865,3.E-02);
#865 = AXIS2_PLACEMENT_3D('',#866,#867,#868);
#866 = CARTESIAN_POINT('',(-0.8,-0.37,0.77));
#867 = DIRECTION('',(-1.,0.,0.));
#868 = DIRECTION('',(0.,0.,1.));
#869 = PLANE('',#870);
#870 = AXIS2_PLACEMENT_3D('',#871,#872,#873);
#871 = CARTESIAN_POINT('',(-0.8,-0.4,0.));
#872 = DIRECTION('',(1.,0.,0.));
#873 = DIRECTION('',(0.,0.,1.));
#874 = ADVANCED_FACE('',(#875),#900,.F.);
#875 = FACE_BOUND('',#876,.F.);
#876 = EDGE_LOOP('',(#877,#887,#893,#894));
#877 = ORIENTED_EDGE('',*,*,#878,.F.);
#878 = EDGE_CURVE('',#879,#881,#883,.T.);
#879 = VERTEX_POINT('',#880);
#880 = CARTESIAN_POINT('',(-0.5,-0.4,3.E-02));
#881 = VERTEX_POINT('',#882);
#882 = CARTESIAN_POINT('',(-0.5,-0.4,0.77));
#883 = LINE('',#884,#885);
#884 = CARTESIAN_POINT('',(-0.5,-0.4,0.));
#885 = VECTOR('',#886,1.);
#886 = DIRECTION('',(0.,0.,1.));
#887 = ORIENTED_EDGE('',*,*,#888,.F.);
#888 = EDGE_CURVE('',#803,#879,#889,.T.);
#889 = LINE('',#890,#891);
#890 = CARTESIAN_POINT('',(-0.8,-0.4,3.E-02));
#891 = VECTOR('',#892,1.);
#892 = DIRECTION('',(1.,0.,0.));
#893 = ORIENTED_EDGE('',*,*,#802,.T.);
#894 = ORIENTED_EDGE('',*,*,#895,.T.);
#895 = EDGE_CURVE('',#805,#881,#896,.T.);
#896 = LINE('',#897,#898);
#897 = CARTESIAN_POINT('',(-0.8,-0.4,0.77));
#898 = VECTOR('',#899,1.);
#899 = DIRECTION('',(1.,0.,0.));
#900 = PLANE('',#901);
#901 = AXIS2_PLACEMENT_3D('',#902,#903,#904);
#902 = CARTESIAN_POINT('',(-0.8,-0.4,0.));
#903 = DIRECTION('',(0.,1.,0.));
#904 = DIRECTION('',(0.,-0.,1.));
#905 = ADVANCED_FACE('',(#906),#925,.T.);
#906 = FACE_BOUND('',#907,.T.);
#907 = EDGE_LOOP('',(#908,#909,#917,#924));
#908 = ORIENTED_EDGE('',*,*,#812,.T.);
#909 = ORIENTED_EDGE('',*,*,#910,.T.);
#910 = EDGE_CURVE('',#813,#911,#913,.T.);
#911 = VERTEX_POINT('',#912);
#912 = CARTESIAN_POINT('',(-0.5,-0.37,0.));
#913 = LINE('',#914,#915);
#914 = CARTESIAN_POINT('',(-0.8,-0.37,0.));
#915 = VECTOR('',#916,1.);
#916 = DIRECTION('',(1.,0.,0.));
#917 = ORIENTED_EDGE('',*,*,#918,.F.);
#918 = EDGE_CURVE('',#879,#911,#919,.T.);
#919 = CIRCLE('',#920,3.E-02);
#920 = AXIS2_PLACEMENT_3D('',#921,#922,#923);
#921 = CARTESIAN_POINT('',(-0.5,-0.37,3.E-02));
#922 = DIRECTION('',(1.,0.,-0.));
#923 = DIRECTION('',(0.,0.,1.));
#924 = ORIENTED_EDGE('',*,*,#888,.F.);
#925 = CYLINDRICAL_SURFACE('',#926,3.E-02);
#926 = AXIS2_PLACEMENT_3D('',#927,#928,#929);
#927 = CARTESIAN_POINT('',(-0.8,-0.37,3.E-02));
#928 = DIRECTION('',(1.,0.,0.));
#929 = DIRECTION('',(0.,-1.,0.));
#930 = ADVANCED_FACE('',(#931),#950,.T.);
#931 = FACE_BOUND('',#932,.T.);
#932 = EDGE_LOOP('',(#933,#934,#943,#949));
#933 = ORIENTED_EDGE('',*,*,#895,.T.);
#934 = ORIENTED_EDGE('',*,*,#935,.T.);
#935 = EDGE_CURVE('',#881,#936,#938,.T.);
#936 = VERTEX_POINT('',#937);
#937 = CARTESIAN_POINT('',(-0.5,-0.37,0.8));
#938 = CIRCLE('',#939,3.E-02);
#939 = AXIS2_PLACEMENT_3D('',#940,#941,#942);
#940 = CARTESIAN_POINT('',(-0.5,-0.37,0.77));
#941 = DIRECTION('',(-1.,0.,0.));
#942 = DIRECTION('',(0.,0.,1.));
#943 = ORIENTED_EDGE('',*,*,#944,.F.);
#944 = EDGE_CURVE('',#856,#936,#945,.T.);
#945 = LINE('',#946,#947);
#946 = CARTESIAN_POINT('',(-0.8,-0.37,0.8));
#947 = VECTOR('',#948,1.);
#948 = DIRECTION('',(1.,0.,0.));
#949 = ORIENTED_EDGE('',*,*,#863,.F.);
#950 = CYLINDRICAL_SURFACE('',#951,3.E-02);
#951 = AXIS2_PLACEMENT_3D('',#952,#953,#954);
#952 = CARTESIAN_POINT('',(-0.8,-0.37,0.77));
#953 = DIRECTION('',(1.,0.,0.));
#954 = DIRECTION('',(0.,-1.,0.));
#955 = ADVANCED_FACE('',(#956),#974,.F.);
#956 = FACE_BOUND('',#957,.F.);
#957 = EDGE_LOOP('',(#958,#959,#960,#968));
#958 = ORIENTED_EDGE('',*,*,#821,.F.);
#959 = ORIENTED_EDGE('',*,*,#910,.T.);
#960 = ORIENTED_EDGE('',*,*,#961,.T.);
#961 = EDGE_CURVE('',#911,#962,#964,.T.);
#962 = VERTEX_POINT('',#963);
#963 = CARTESIAN_POINT('',(-0.5,0.37,0.));
#964 = LINE('',#965,#966);
#965 = CARTESIAN_POINT('',(-0.5,-0.4,0.));
#966 = VECTOR('',#967,1.);
#967 = DIRECTION('',(0.,1.,0.));
#968 = ORIENTED_EDGE('',*,*,#969,.F.);
#969 = EDGE_CURVE('',#822,#962,#970,.T.);
#970 = LINE('',#971,#972);
#971 = CARTESIAN_POINT('',(-0.8,0.37,0.));
#972 = VECTOR('',#973,1.);
#973 = DIRECTION('',(1.,0.,0.));
#974 = PLANE('',#975);
#975 = AXIS2_PLACEMENT_3D('',#976,#977,#978);
#976 = CARTESIAN_POINT('',(-0.8,-0.4,0.));
#977 = DIRECTION('',(0.,0.,1.));
#978 = DIRECTION('',(1.,0.,-0.));
#979 = ADVANCED_FACE('',(#980),#998,.T.);
#980 = FACE_BOUND('',#981,.T.);
#981 = EDGE_LOOP('',(#982,#983,#984,#992));
#982 = ORIENTED_EDGE('',*,*,#855,.F.);
#983 = ORIENTED_EDGE('',*,*,#944,.T.);
#984 = ORIENTED_EDGE('',*,*,#985,.T.);
#985 = EDGE_CURVE('',#936,#986,#988,.T.);
#986 = VERTEX_POINT('',#987);
#987 = CARTESIAN_POINT('',(-0.5,0.37,0.8));
#988 = LINE('',#989,#990);
#989 = CARTESIAN_POINT('',(-0.5,-0.4,0.8));
#990 = VECTOR('',#991,1.);
#991 = DIRECTION('',(0.,1.,0.));
#992 = ORIENTED_EDGE('',*,*,#993,.F.);
#993 = EDGE_CURVE('',#847,#986,#994,.T.);
#994 = LINE('',#995,#996);
#995 = CARTESIAN_POINT('',(-0.8,0.37,0.8));
#996 = VECTOR('',#997,1.);
#997 = DIRECTION('',(1.,0.,0.));
#998 = PLANE('',#999);
#999 = AXIS2_PLACEMENT_3D('',#1000,#1001,#1002);
#1000 = CARTESIAN_POINT('',(-0.8,-0.4,0.8));
#1001 = DIRECTION('',(0.,0.,1.));
#1002 = DIRECTION('',(1.,0.,-0.));
#1003 = ADVANCED_FACE('',(#1004),#1023,.T.);
#1004 = FACE_BOUND('',#1005,.T.);
#1005 = EDGE_LOOP('',(#1006,#1014,#1021,#1022));
#1006 = ORIENTED_EDGE('',*,*,#1007,.T.);
#1007 = EDGE_CURVE('',#830,#1008,#1010,.T.);
#1008 = VERTEX_POINT('',#1009);
#1009 = CARTESIAN_POINT('',(-0.5,0.4,3.E-02));
#1010 = LINE('',#1011,#1012);
#1011 = CARTESIAN_POINT('',(-0.8,0.4,3.E-02));
#1012 = VECTOR('',#1013,1.);
#1013 = DIRECTION('',(1.,0.,0.));
#1014 = ORIENTED_EDGE('',*,*,#1015,.T.);
#1015 = EDGE_CURVE('',#1008,#962,#1016,.T.);
#1016 = CIRCLE('',#1017,3.E-02);
#1017 = AXIS2_PLACEMENT_3D('',#1018,#1019,#1020);
#1018 = CARTESIAN_POINT('',(-0.5,0.37,3.E-02));
#1019 = DIRECTION('',(-1.,0.,0.));
#1020 = DIRECTION('',(0.,0.,1.));
#1021 = ORIENTED_EDGE('',*,*,#969,.F.);
#1022 = ORIENTED_EDGE('',*,*,#829,.F.);
#1023 = CYLINDRICAL_SURFACE('',#1024,3.E-02);
#1024 = AXIS2_PLACEMENT_3D('',#1025,#1026,#1027);
#1025 = CARTESIAN_POINT('',(-0.8,0.37,3.E-02));
#1026 = DIRECTION('',(1.,0.,0.));
#1027 = DIRECTION('',(-0.,1.,0.));
#1028 = ADVANCED_FACE('',(#1029),#1048,.T.);
#1029 = FACE_BOUND('',#1030,.T.);
#1030 = EDGE_LOOP('',(#1031,#1032,#1033,#1042));
#1031 = ORIENTED_EDGE('',*,*,#846,.T.);
#1032 = ORIENTED_EDGE('',*,*,#993,.T.);
#1033 = ORIENTED_EDGE('',*,*,#1034,.F.);
#1034 = EDGE_CURVE('',#1035,#986,#1037,.T.);
#1035 = VERTEX_POINT('',#1036);
#1036 = CARTESIAN_POINT('',(-0.5,0.4,0.77));
#1037 = CIRCLE('',#1038,3.E-02);
#1038 = AXIS2_PLACEMENT_3D('',#1039,#1040,#1041);
#1039 = CARTESIAN_POINT('',(-0.5,0.37,0.77));
#1040 = DIRECTION('',(1.,0.,-0.));
#1041 = DIRECTION('',(0.,0.,1.));
#1042 = ORIENTED_EDGE('',*,*,#1043,.F.);
#1043 = EDGE_CURVE('',#839,#1035,#1044,.T.);
#1044 = LINE('',#1045,#1046);
#1045 = CARTESIAN_POINT('',(-0.8,0.4,0.77));
#1046 = VECTOR('',#1047,1.);
#1047 = DIRECTION('',(1.,0.,0.));
#1048 = CYLINDRICAL_SURFACE('',#1049,3.E-02);
#1049 = AXIS2_PLACEMENT_3D('',#1050,#1051,#1052);
#1050 = CARTESIAN_POINT('',(-0.8,0.37,0.77));
#1051 = DIRECTION('',(1.,0.,0.));
#1052 = DIRECTION('',(-0.,1.,0.));
#1053 = ADVANCED_FACE('',(#1054),#1065,.T.);
#1054 = FACE_BOUND('',#1055,.T.);
#1055 = EDGE_LOOP('',(#1056,#1062,#1063,#1064));
#1056 = ORIENTED_EDGE('',*,*,#1057,.F.);
#1057 = EDGE_CURVE('',#1008,#1035,#1058,.T.);
#1058 = LINE('',#1059,#1060);
#1059 = CARTESIAN_POINT('',(-0.5,0.4,0.));
#1060 = VECTOR('',#1061,1.);
#1061 = DIRECTION('',(0.,0.,1.));
#1062 = ORIENTED_EDGE('',*,*,#1007,.F.);
#1063 = ORIENTED_EDGE('',*,*,#838,.T.);
#1064 = ORIENTED_EDGE('',*,*,#1043,.T.);
#1065 = PLANE('',#1066);
#1066 = AXIS2_PLACEMENT_3D('',#1067,#1068,#1069);
#1067 = CARTESIAN_POINT('',(-0.8,0.4,0.));
#1068 = DIRECTION('',(0.,1.,0.));
#1069 = DIRECTION('',(0.,-0.,1.));
#1070 = ADVANCED_FACE('',(#1071,#1081),#1151,.T.);
#1071 = FACE_BOUND('',#1072,.T.);
#1072 = EDGE_LOOP('',(#1073,#1074,#1075,#1076,#1077,#1078,#1079,#1080));
#1073 = ORIENTED_EDGE('',*,*,#878,.F.);
#1074 = ORIENTED_EDGE('',*,*,#918,.T.);
#1075 = ORIENTED_EDGE('',*,*,#961,.T.);
#1076 = ORIENTED_EDGE('',*,*,#1015,.F.);
#1077 = ORIENTED_EDGE('',*,*,#1057,.T.);
#1078 = ORIENTED_EDGE('',*,*,#1034,.T.);
#1079 = ORIENTED_EDGE('',*,*,#985,.F.);
#1080 = ORIENTED_EDGE('',*,*,#935,.F.);
#1081 = FACE_BOUND('',#1082,.T.);
#1082 = EDGE_LOOP('',(#1083,#1094,#1102,#1111,#1119,#1128,#1136,#1145));
#1083 = ORIENTED_EDGE('',*,*,#1084,.F.);
#1084 = EDGE_CURVE('',#1085,#1087,#1089,.T.);
#1085 = VERTEX_POINT('',#1086);
#1086 = CARTESIAN_POINT('',(-0.5,-0.37,6.E-02));
#1087 = VERTEX_POINT('',#1088);
#1088 = CARTESIAN_POINT('',(-0.5,-0.34,3.E-02));
#1089 = CIRCLE('',#1090,3.E-02);
#1090 = AXIS2_PLACEMENT_3D('',#1091,#1092,#1093);
#1091 = CARTESIAN_POINT('',(-0.5,-0.34,6.E-02));
#1092 = DIRECTION('',(1.,0.,-0.));
#1093 = DIRECTION('',(0.,0.,1.));
#1094 = ORIENTED_EDGE('',*,*,#1095,.T.);
#1095 = EDGE_CURVE('',#1085,#1096,#1098,.T.);
#1096 = VERTEX_POINT('',#1097);
#1097 = CARTESIAN_POINT('',(-0.5,-0.37,0.74));
#1098 = LINE('',#1099,#1100);
#1099 = CARTESIAN_POINT('',(-0.5,-0.37,3.E-02));
#1100 = VECTOR('',#1101,1.);
#1101 = DIRECTION('',(0.,0.,1.));
#1102 = ORIENTED_EDGE('',*,*,#1103,.T.);
#1103 = EDGE_CURVE('',#1096,#1104,#1106,.T.);
#1104 = VERTEX_POINT('',#1105);
#1105 = CARTESIAN_POINT('',(-0.5,-0.34,0.77));
#1106 = CIRCLE('',#1107,3.E-02);
#1107 = AXIS2_PLACEMENT_3D('',#1108,#1109,#1110);
#1108 = CARTESIAN_POINT('',(-0.5,-0.34,0.74));
#1109 = DIRECTION('',(-1.,0.,0.));
#1110 = DIRECTION('',(0.,0.,1.));
#1111 = ORIENTED_EDGE('',*,*,#1112,.T.);
#1112 = EDGE_CURVE('',#1104,#1113,#1115,.T.);
#1113 = VERTEX_POINT('',#1114);
#1114 = CARTESIAN_POINT('',(-0.5,0.34,0.77));
#1115 = LINE('',#1116,#1117);
#1116 = CARTESIAN_POINT('',(-0.5,-0.37,0.77));
#1117 = VECTOR('',#1118,1.);
#1118 = DIRECTION('',(0.,1.,0.));
#1119 = ORIENTED_EDGE('',*,*,#1120,.F.);
#1120 = EDGE_CURVE('',#1121,#1113,#1123,.T.);
#1121 = VERTEX_POINT('',#1122);
#1122 = CARTESIAN_POINT('',(-0.5,0.37,0.74));
#1123 = CIRCLE('',#1124,3.E-02);
#1124 = AXIS2_PLACEMENT_3D('',#1125,#1126,#1127);
#1125 = CARTESIAN_POINT('',(-0.5,0.34,0.74));
#1126 = DIRECTION('',(1.,0.,-0.));
#1127 = DIRECTION('',(0.,0.,1.));
#1128 = ORIENTED_EDGE('',*,*,#1129,.F.);
#1129 = EDGE_CURVE('',#1130,#1121,#1132,.T.);
#1130 = VERTEX_POINT('',#1131);
#1131 = CARTESIAN_POINT('',(-0.5,0.37,6.E-02));
#1132 = LINE('',#1133,#1134);
#1133 = CARTESIAN_POINT('',(-0.5,0.37,3.E-02));
#1134 = VECTOR('',#1135,1.);
#1135 = DIRECTION('',(0.,0.,1.));
#1136 = ORIENTED_EDGE('',*,*,#1137,.T.);
#1137 = EDGE_CURVE('',#1130,#1138,#1140,.T.);
#1138 = VERTEX_POINT('',#1139);
#1139 = CARTESIAN_POINT('',(-0.5,0.34,3.E-02));
#1140 = CIRCLE('',#1141,3.E-02);
#1141 = AXIS2_PLACEMENT_3D('',#1142,#1143,#1144);
#1142 = CARTESIAN_POINT('',(-0.5,0.34,6.E-02));
#1143 = DIRECTION('',(-1.,0.,0.));
#1144 = DIRECTION('',(0.,0.,1.));
#1145 = ORIENTED_EDGE('',*,*,#1146,.F.);
#1146 = EDGE_CURVE('',#1087,#1138,#1147,.T.);
#1147 = LINE('',#1148,#1149);
#1148 = CARTESIAN_POINT('',(-0.5,-0.37,3.E-02));
#1149 = VECTOR('',#1150,1.);
#1150 = DIRECTION('',(0.,1.,0.));
#1151 = PLANE('',#1152);
#1152 = AXIS2_PLACEMENT_3D('',#1153,#1154,#1155);
#1153 = CARTESIAN_POINT('',(-0.5,-0.4,0.));
#1154 = DIRECTION('',(1.,0.,0.));
#1155 = DIRECTION('',(0.,0.,1.));
#1156 = ADVANCED_FACE('',(#1157),#1183,.T.);
#1157 = FACE_BOUND('',#1158,.T.);
#1158 = EDGE_LOOP('',(#1159,#1160,#1168,#1177));
#1159 = ORIENTED_EDGE('',*,*,#1084,.T.);
#1160 = ORIENTED_EDGE('',*,*,#1161,.T.);
#1161 = EDGE_CURVE('',#1087,#1162,#1164,.T.);
#1162 = VERTEX_POINT('',#1163);
#1163 = CARTESIAN_POINT('',(0.5,-0.34,3.E-02));
#1164 = LINE('',#1165,#1166);
#1165 = CARTESIAN_POINT('',(-0.5,-0.34,3.E-02));
#1166 = VECTOR('',#1167,1.);
#1167 = DIRECTION('',(1.,0.,0.));
#1168 = ORIENTED_EDGE('',*,*,#1169,.F.);
#1169 = EDGE_CURVE('',#1170,#1162,#1172,.T.);
#1170 = VERTEX_POINT('',#1171);
#1171 = CARTESIAN_POINT('',(0.5,-0.37,6.E-02));
#1172 = CIRCLE('',#1173,3.E-02);
#1173 = AXIS2_PLACEMENT_3D('',#1174,#1175,#1176);
#1174 = CARTESIAN_POINT('',(0.5,-0.34,6.E-02));
#1175 = DIRECTION('',(1.,0.,-0.));
#1176 = DIRECTION('',(0.,0.,1.));
#1177 = ORIENTED_EDGE('',*,*,#1178,.F.);
#1178 = EDGE_CURVE('',#1085,#1170,#1179,.T.);
#1179 = LINE('',#1180,#1181);
#1180 = CARTESIAN_POINT('',(-0.5,-0.37,6.E-02));
#1181 = VECTOR('',#1182,1.);
#1182 = DIRECTION('',(1.,0.,0.));
#1183 = CYLINDRICAL_SURFACE('',#1184,3.E-02);
#1184 = AXIS2_PLACEMENT_3D('',#1185,#1186,#1187);
#1185 = CARTESIAN_POINT('',(-0.5,-0.34,6.E-02));
#1186 = DIRECTION('',(1.,0.,0.));
#1187 = DIRECTION('',(0.,-1.,0.));
#1188 = ADVANCED_FACE('',(#1189),#1207,.F.);
#1189 = FACE_BOUND('',#1190,.F.);
#1190 = EDGE_LOOP('',(#1191,#1192,#1193,#1201));
#1191 = ORIENTED_EDGE('',*,*,#1146,.F.);
#1192 = ORIENTED_EDGE('',*,*,#1161,.T.);
#1193 = ORIENTED_EDGE('',*,*,#1194,.T.);
#1194 = EDGE_CURVE('',#1162,#1195,#1197,.T.);
#1195 = VERTEX_POINT('',#1196);
#1196 = CARTESIAN_POINT('',(0.5,0.34,3.E-02));
#1197 = LINE('',#1198,#1199);
#1198 = CARTESIAN_POINT('',(0.5,-0.37,3.E-02));
#1199 = VECTOR('',#1200,1.);
#1200 = DIRECTION('',(0.,1.,0.));
#1201 = ORIENTED_EDGE('',*,*,#1202,.F.);
#1202 = EDGE_CURVE('',#1138,#1195,#1203,.T.);
#1203 = LINE('',#1204,#1205);
#1204 = CARTESIAN_POINT('',(-0.5,0.34,3.E-02));
#1205 = VECTOR('',#1206,1.);
#1206 = DIRECTION('',(1.,0.,0.));
#1207 = PLANE('',#1208);
#1208 = AXIS2_PLACEMENT_3D('',#1209,#1210,#1211);
#1209 = CARTESIAN_POINT('',(-0.5,-0.37,3.E-02));
#1210 = DIRECTION('',(0.,0.,1.));
#1211 = DIRECTION('',(1.,0.,-0.));
#1212 = ADVANCED_FACE('',(#1213),#1232,.T.);
#1213 = FACE_BOUND('',#1214,.T.);
#1214 = EDGE_LOOP('',(#1215,#1223,#1230,#1231));
#1215 = ORIENTED_EDGE('',*,*,#1216,.T.);
#1216 = EDGE_CURVE('',#1130,#1217,#1219,.T.);
#1217 = VERTEX_POINT('',#1218);
#1218 = CARTESIAN_POINT('',(0.5,0.37,6.E-02));
#1219 = LINE('',#1220,#1221);
#1220 = CARTESIAN_POINT('',(-0.5,0.37,6.E-02));
#1221 = VECTOR('',#1222,1.);
#1222 = DIRECTION('',(1.,0.,0.));
#1223 = ORIENTED_EDGE('',*,*,#1224,.T.);
#1224 = EDGE_CURVE('',#1217,#1195,#1225,.T.);
#1225 = CIRCLE('',#1226,3.E-02);
#1226 = AXIS2_PLACEMENT_3D('',#1227,#1228,#1229);
#1227 = CARTESIAN_POINT('',(0.5,0.34,6.E-02));
#1228 = DIRECTION('',(-1.,0.,0.));
#1229 = DIRECTION('',(0.,0.,1.));
#1230 = ORIENTED_EDGE('',*,*,#1202,.F.);
#1231 = ORIENTED_EDGE('',*,*,#1137,.F.);
#1232 = CYLINDRICAL_SURFACE('',#1233,3.E-02);
#1233 = AXIS2_PLACEMENT_3D('',#1234,#1235,#1236);
#1234 = CARTESIAN_POINT('',(-0.5,0.34,6.E-02));
#1235 = DIRECTION('',(1.,0.,0.));
#1236 = DIRECTION('',(-0.,1.,0.));
#1237 = ADVANCED_FACE('',(#1238),#1256,.T.);
#1238 = FACE_BOUND('',#1239,.T.);
#1239 = EDGE_LOOP('',(#1240,#1248,#1249,#1250));
#1240 = ORIENTED_EDGE('',*,*,#1241,.F.);
#1241 = EDGE_CURVE('',#1217,#1242,#1244,.T.);
#1242 = VERTEX_POINT('',#1243);
#1243 = CARTESIAN_POINT('',(0.5,0.37,0.74));
#1244 = LINE('',#1245,#1246);
#1245 = CARTESIAN_POINT('',(0.5,0.37,3.E-02));
#1246 = VECTOR('',#1247,1.);
#1247 = DIRECTION('',(0.,0.,1.));
#1248 = ORIENTED_EDGE('',*,*,#1216,.F.);
#1249 = ORIENTED_EDGE('',*,*,#1129,.T.);
#1250 = ORIENTED_EDGE('',*,*,#1251,.T.);
#1251 = EDGE_CURVE('',#1121,#1242,#1252,.T.);
#1252 = LINE('',#1253,#1254);
#1253 = CARTESIAN_POINT('',(-0.5,0.37,0.74));
#1254 = VECTOR('',#1255,1.);
#1255 = DIRECTION('',(1.,0.,0.));
#1256 = PLANE('',#1257);
#1257 = AXIS2_PLACEMENT_3D('',#1258,#1259,#1260);
#1258 = CARTESIAN_POINT('',(-0.5,0.37,3.E-02));
#1259 = DIRECTION('',(0.,1.,0.));
#1260 = DIRECTION('',(0.,-0.,1.));
#1261 = ADVANCED_FACE('',(#1262),#1281,.T.);
#1262 = FACE_BOUND('',#1263,.T.);
#1263 = EDGE_LOOP('',(#1264,#1265,#1273,#1280));
#1264 = ORIENTED_EDGE('',*,*,#1120,.T.);
#1265 = ORIENTED_EDGE('',*,*,#1266,.T.);
#1266 = EDGE_CURVE('',#1113,#1267,#1269,.T.);
#1267 = VERTEX_POINT('',#1268);
#1268 = CARTESIAN_POINT('',(0.5,0.34,0.77));
#1269 = LINE('',#1270,#1271);
#1270 = CARTESIAN_POINT('',(-0.5,0.34,0.77));
#1271 = VECTOR('',#1272,1.);
#1272 = DIRECTION('',(1.,0.,0.));
#1273 = ORIENTED_EDGE('',*,*,#1274,.F.);
#1274 = EDGE_CURVE('',#1242,#1267,#1275,.T.);
#1275 = CIRCLE('',#1276,3.E-02);
#1276 = AXIS2_PLACEMENT_3D('',#1277,#1278,#1279);
#1277 = CARTESIAN_POINT('',(0.5,0.34,0.74));
#1278 = DIRECTION('',(1.,0.,-0.));
#1279 = DIRECTION('',(0.,0.,1.));
#1280 = ORIENTED_EDGE('',*,*,#1251,.F.);
#1281 = CYLINDRICAL_SURFACE('',#1282,3.E-02);
#1282 = AXIS2_PLACEMENT_3D('',#1283,#1284,#1285);
#1283 = CARTESIAN_POINT('',(-0.5,0.34,0.74));
#1284 = DIRECTION('',(1.,0.,0.));
#1285 = DIRECTION('',(-0.,1.,0.));
#1286 = ADVANCED_FACE('',(#1287),#1305,.T.);
#1287 = FACE_BOUND('',#1288,.T.);
#1288 = EDGE_LOOP('',(#1289,#1290,#1298,#1304));
#1289 = ORIENTED_EDGE('',*,*,#1112,.F.);
#1290 = ORIENTED_EDGE('',*,*,#1291,.T.);
#1291 = EDGE_CURVE('',#1104,#1292,#1294,.T.);
#1292 = VERTEX_POINT('',#1293);
#1293 = CARTESIAN_POINT('',(0.5,-0.34,0.77));
#1294 = LINE('',#1295,#1296);
#1295 = CARTESIAN_POINT('',(-0.5,-0.34,0.77));
#1296 = VECTOR('',#1297,1.);
#1297 = DIRECTION('',(1.,0.,0.));
#1298 = ORIENTED_EDGE('',*,*,#1299,.T.);
#1299 = EDGE_CURVE('',#1292,#1267,#1300,.T.);
#1300 = LINE('',#1301,#1302);
#1301 = CARTESIAN_POINT('',(0.5,-0.37,0.77));
#1302 = VECTOR('',#1303,1.);
#1303 = DIRECTION('',(0.,1.,0.));
#1304 = ORIENTED_EDGE('',*,*,#1266,.F.);
#1305 = PLANE('',#1306);
#1306 = AXIS2_PLACEMENT_3D('',#1307,#1308,#1309);
#1307 = CARTESIAN_POINT('',(-0.5,-0.37,0.77));
#1308 = DIRECTION('',(0.,0.,1.));
#1309 = DIRECTION('',(1.,0.,-0.));
#1310 = ADVANCED_FACE('',(#1311),#1330,.T.);
#1311 = FACE_BOUND('',#1312,.T.);
#1312 = EDGE_LOOP('',(#1313,#1321,#1328,#1329));
#1313 = ORIENTED_EDGE('',*,*,#1314,.T.);
#1314 = EDGE_CURVE('',#1096,#1315,#1317,.T.);
#1315 = VERTEX_POINT('',#1316);
#1316 = CARTESIAN_POINT('',(0.5,-0.37,0.74));
#1317 = LINE('',#1318,#1319);
#1318 = CARTESIAN_POINT('',(-0.5,-0.37,0.74));
#1319 = VECTOR('',#1320,1.);
#1320 = DIRECTION('',(1.,0.,0.));
#1321 = ORIENTED_EDGE('',*,*,#1322,.T.);
#1322 = EDGE_CURVE('',#1315,#1292,#1323,.T.);
#1323 = CIRCLE('',#1324,3.E-02);
#1324 = AXIS2_PLACEMENT_3D('',#1325,#1326,#1327);
#1325 = CARTESIAN_POINT('',(0.5,-0.34,0.74));
#1326 = DIRECTION('',(-1.,0.,0.));
#1327 = DIRECTION('',(0.,0.,1.));
#1328 = ORIENTED_EDGE('',*,*,#1291,.F.);
#1329 = ORIENTED_EDGE('',*,*,#1103,.F.);
#1330 = CYLINDRICAL_SURFACE('',#1331,3.E-02);
#1331 = AXIS2_PLACEMENT_3D('',#1332,#1333,#1334);
#1332 = CARTESIAN_POINT('',(-0.5,-0.34,0.74));
#1333 = DIRECTION('',(1.,0.,0.));
#1334 = DIRECTION('',(0.,-1.,0.));
#1335 = ADVANCED_FACE('',(#1336),#1347,.F.);
#1336 = FACE_BOUND('',#1337,.F.);
#1337 = EDGE_LOOP('',(#1338,#1344,#1345,#1346));
#1338 = ORIENTED_EDGE('',*,*,#1339,.F.);
#1339 = EDGE_CURVE('',#1170,#1315,#1340,.T.);
#1340 = LINE('',#1341,#1342);
#1341 = CARTESIAN_POINT('',(0.5,-0.37,3.E-02));
#1342 = VECTOR('',#1343,1.);
#1343 = DIRECTION('',(0.,0.,1.));
#1344 = ORIENTED_EDGE('',*,*,#1178,.F.);
#1345 = ORIENTED_EDGE('',*,*,#1095,.T.);
#1346 = ORIENTED_EDGE('',*,*,#1314,.T.);
#1347 = PLANE('',#1348);
#1348 = AXIS2_PLACEMENT_3D('',#1349,#1350,#1351);
#1349 = CARTESIAN_POINT('',(-0.5,-0.37,3.E-02));
#1350 = DIRECTION('',(0.,1.,0.));
#1351 = DIRECTION('',(0.,-0.,1.));
#1352 = ADVANCED_FACE('',(#1353,#1423),#1433,.F.);
#1353 = FACE_BOUND('',#1354,.F.);
#1354 = EDGE_LOOP('',(#1355,#1365,#1374,#1382,#1391,#1399,#1408,#1416));
#1355 = ORIENTED_EDGE('',*,*,#1356,.F.);
#1356 = EDGE_CURVE('',#1357,#1359,#1361,.T.);
#1357 = VERTEX_POINT('',#1358);
#1358 = CARTESIAN_POINT('',(0.5,-0.4,3.E-02));
#1359 = VERTEX_POINT('',#1360);
#1360 = CARTESIAN_POINT('',(0.5,-0.4,0.77));
#1361 = LINE('',#1362,#1363);
#1362 = CARTESIAN_POINT('',(0.5,-0.4,0.));
#1363 = VECTOR('',#1364,1.);
#1364 = DIRECTION('',(0.,0.,1.));
#1365 = ORIENTED_EDGE('',*,*,#1366,.T.);
#1366 = EDGE_CURVE('',#1357,#1367,#1369,.T.);
#1367 = VERTEX_POINT('',#1368);
#1368 = CARTESIAN_POINT('',(0.5,-0.37,0.));
#1369 = CIRCLE('',#1370,3.E-02);
#1370 = AXIS2_PLACEMENT_3D('',#1371,#1372,#1373);
#1371 = CARTESIAN_POINT('',(0.5,-0.37,3.E-02));
#1372 = DIRECTION('',(1.,0.,-0.));
#1373 = DIRECTION('',(0.,0.,1.));
#1374 = ORIENTED_EDGE('',*,*,#1375,.T.);
#1375 = EDGE_CURVE('',#1367,#1376,#1378,.T.);
#1376 = VERTEX_POINT('',#1377);
#1377 = CARTESIAN_POINT('',(0.5,0.37,0.));
#1378 = LINE('',#1379,#1380);
#1379 = CARTESIAN_POINT('',(0.5,-0.4,0.));
#1380 = VECTOR('',#1381,1.);
#1381 = DIRECTION('',(0.,1.,0.));
#1382 = ORIENTED_EDGE('',*,*,#1383,.F.);
#1383 = EDGE_CURVE('',#1384,#1376,#1386,.T.);
#1384 = VERTEX_POINT('',#1385);
#1385 = CARTESIAN_POINT('',(0.5,0.4,3.E-02));
#1386 = CIRCLE('',#1387,3.E-02);
#1387 = AXIS2_PLACEMENT_3D('',#1388,#1389,#1390);
#1388 = CARTESIAN_POINT('',(0.5,0.37,3.E-02));
#1389 = DIRECTION('',(-1.,0.,0.));
#1390 = DIRECTION('',(0.,0.,1.));
#1391 = ORIENTED_EDGE('',*,*,#1392,.T.);
#1392 = EDGE_CURVE('',#1384,#1393,#1395,.T.);
#1393 = VERTEX_POINT('',#1394);
#1394 = CARTESIAN_POINT('',(0.5,0.4,0.77));
#1395 = LINE('',#1396,#1397);
#1396 = CARTESIAN_POINT('',(0.5,0.4,0.));
#1397 = VECTOR('',#1398,1.);
#1398 = DIRECTION('',(0.,0.,1.));
#1399 = ORIENTED_EDGE('',*,*,#1400,.T.);
#1400 = EDGE_CURVE('',#1393,#1401,#1403,.T.);
#1401 = VERTEX_POINT('',#1402);
#1402 = CARTESIAN_POINT('',(0.5,0.37,0.8));
#1403 = CIRCLE('',#1404,3.E-02);
#1404 = AXIS2_PLACEMENT_3D('',#1405,#1406,#1407);
#1405 = CARTESIAN_POINT('',(0.5,0.37,0.77));
#1406 = DIRECTION('',(1.,0.,-0.));
#1407 = DIRECTION('',(0.,0.,1.));
#1408 = ORIENTED_EDGE('',*,*,#1409,.F.);
#1409 = EDGE_CURVE('',#1410,#1401,#1412,.T.);
#1410 = VERTEX_POINT('',#1411);
#1411 = CARTESIAN_POINT('',(0.5,-0.37,0.8));
#1412 = LINE('',#1413,#1414);
#1413 = CARTESIAN_POINT('',(0.5,-0.4,0.8));
#1414 = VECTOR('',#1415,1.);
#1415 = DIRECTION('',(0.,1.,0.));
#1416 = ORIENTED_EDGE('',*,*,#1417,.F.);
#1417 = EDGE_CURVE('',#1359,#1410,#1418,.T.);
#1418 = CIRCLE('',#1419,3.E-02);
#1419 = AXIS2_PLACEMENT_3D('',#1420,#1421,#1422);
#1420 = CARTESIAN_POINT('',(0.5,-0.37,0.77));
#1421 = DIRECTION('',(-1.,0.,0.));
#1422 = DIRECTION('',(0.,0.,1.));
#1423 = FACE_BOUND('',#1424,.F.);
#1424 = EDGE_LOOP('',(#1425,#1426,#1427,#1428,#1429,#1430,#1431,#1432));
#1425 = ORIENTED_EDGE('',*,*,#1169,.F.);
#1426 = ORIENTED_EDGE('',*,*,#1339,.T.);
#1427 = ORIENTED_EDGE('',*,*,#1322,.T.);
#1428 = ORIENTED_EDGE('',*,*,#1299,.T.);
#1429 = ORIENTED_EDGE('',*,*,#1274,.F.);
#1430 = ORIENTED_EDGE('',*,*,#1241,.F.);
#1431 = ORIENTED_EDGE('',*,*,#1224,.T.);
#1432 = ORIENTED_EDGE('',*,*,#1194,.F.);
#1433 = PLANE('',#1434);
#1434 = AXIS2_PLACEMENT_3D('',#1435,#1436,#1437);
#1435 = CARTESIAN_POINT('',(0.5,-0.4,0.));
#1436 = DIRECTION('',(1.,0.,0.));
#1437 = DIRECTION('',(0.,0.,1.));
#1438 = ADVANCED_FACE('',(#1439),#1464,.F.);
#1439 = FACE_BOUND('',#1440,.F.);
#1440 = EDGE_LOOP('',(#1441,#1451,#1457,#1458));
#1441 = ORIENTED_EDGE('',*,*,#1442,.F.);
#1442 = EDGE_CURVE('',#1443,#1445,#1447,.T.);
#1443 = VERTEX_POINT('',#1444);
#1444 = CARTESIAN_POINT('',(0.8,-0.4,3.E-02));
#1445 = VERTEX_POINT('',#1446);
#1446 = CARTESIAN_POINT('',(0.8,-0.4,0.77));
#1447 = LINE('',#1448,#1449);
#1448 = CARTESIAN_POINT('',(0.8,-0.4,0.));
#1449 = VECTOR('',#1450,1.);
#1450 = DIRECTION('',(0.,0.,1.));
#1451 = ORIENTED_EDGE('',*,*,#1452,.F.);
#1452 = EDGE_CURVE('',#1357,#1443,#1453,.T.);
#1453 = LINE('',#1454,#1455);
#1454 = CARTESIAN_POINT('',(0.5,-0.4,3.E-02));
#1455 = VECTOR('',#1456,1.);
#1456 = DIRECTION('',(1.,0.,0.));
#1457 = ORIENTED_EDGE('',*,*,#1356,.T.);
#1458 = ORIENTED_EDGE('',*,*,#1459,.T.);
#1459 = EDGE_CURVE('',#1359,#1445,#1460,.T.);
#1460 = LINE('',#1461,#1462);
#1461 = CARTESIAN_POINT('',(0.5,-0.4,0.77));
#1462 = VECTOR('',#1463,1.);
#1463 = DIRECTION('',(1.,0.,0.));
#1464 = PLANE('',#1465);
#1465 = AXIS2_PLACEMENT_3D('',#1466,#1467,#1468);
#1466 = CARTESIAN_POINT('',(0.5,-0.4,0.));
#1467 = DIRECTION('',(0.,1.,0.));
#1468 = DIRECTION('',(0.,-0.,1.));
#1469 = ADVANCED_FACE('',(#1470),#1489,.T.);
#1470 = FACE_BOUND('',#1471,.T.);
#1471 = EDGE_LOOP('',(#1472,#1473,#1481,#1488));
#1472 = ORIENTED_EDGE('',*,*,#1366,.T.);
#1473 = ORIENTED_EDGE('',*,*,#1474,.T.);
#1474 = EDGE_CURVE('',#1367,#1475,#1477,.T.);
#1475 = VERTEX_POINT('',#1476);
#1476 = CARTESIAN_POINT('',(0.8,-0.37,0.));
#1477 = LINE('',#1478,#1479);
#1478 = CARTESIAN_POINT('',(0.5,-0.37,0.));
#1479 = VECTOR('',#1480,1.);
#1480 = DIRECTION('',(1.,0.,0.));
#1481 = ORIENTED_EDGE('',*,*,#1482,.F.);
#1482 = EDGE_CURVE('',#1443,#1475,#1483,.T.);
#1483 = CIRCLE('',#1484,3.E-02);
#1484 = AXIS2_PLACEMENT_3D('',#1485,#1486,#1487);
#1485 = CARTESIAN_POINT('',(0.8,-0.37,3.E-02));
#1486 = DIRECTION('',(1.,0.,-0.));
#1487 = DIRECTION('',(0.,0.,1.));
#1488 = ORIENTED_EDGE('',*,*,#1452,.F.);
#1489 = CYLINDRICAL_SURFACE('',#1490,3.E-02);
#1490 = AXIS2_PLACEMENT_3D('',#1491,#1492,#1493);
#1491 = CARTESIAN_POINT('',(0.5,-0.37,3.E-02));
#1492 = DIRECTION('',(1.,0.,0.));
#1493 = DIRECTION('',(0.,-1.,0.));
#1494 = ADVANCED_FACE('',(#1495),#1514,.T.);
#1495 = FACE_BOUND('',#1496,.T.);
#1496 = EDGE_LOOP('',(#1497,#1498,#1507,#1513));
#1497 = ORIENTED_EDGE('',*,*,#1459,.T.);
#1498 = ORIENTED_EDGE('',*,*,#1499,.T.);
#1499 = EDGE_CURVE('',#1445,#1500,#1502,.T.);
#1500 = VERTEX_POINT('',#1501);
#1501 = CARTESIAN_POINT('',(0.8,-0.37,0.8));
#1502 = CIRCLE('',#1503,3.E-02);
#1503 = AXIS2_PLACEMENT_3D('',#1504,#1505,#1506);
#1504 = CARTESIAN_POINT('',(0.8,-0.37,0.77));
#1505 = DIRECTION('',(-1.,0.,0.));
#1506 = DIRECTION('',(0.,0.,1.));
#1507 = ORIENTED_EDGE('',*,*,#1508,.F.);
#1508 = EDGE_CURVE('',#1410,#1500,#1509,.T.);
#1509 = LINE('',#1510,#1511);
#1510 = CARTESIAN_POINT('',(0.5,-0.37,0.8));
#1511 = VECTOR('',#1512,1.);
#1512 = DIRECTION('',(1.,0.,0.));
#1513 = ORIENTED_EDGE('',*,*,#1417,.F.);
#1514 = CYLINDRICAL_SURFACE('',#1515,3.E-02);
#1515 = AXIS2_PLACEMENT_3D('',#1516,#1517,#1518);
#1516 = CARTESIAN_POINT('',(0.5,-0.37,0.77));
#1517 = DIRECTION('',(1.,0.,0.));
#1518 = DIRECTION('',(0.,-1.,0.));
#1519 = ADVANCED_FACE('',(#1520),#1538,.F.);
#1520 = FACE_BOUND('',#1521,.F.);
#1521 = EDGE_LOOP('',(#1522,#1523,#1524,#1532));
#1522 = ORIENTED_EDGE('',*,*,#1375,.F.);
#1523 = ORIENTED_EDGE('',*,*,#1474,.T.);
#1524 = ORIENTED_EDGE('',*,*,#1525,.T.);
#1525 = EDGE_CURVE('',#1475,#1526,#1528,.T.);
#1526 = VERTEX_POINT('',#1527);
#1527 = CARTESIAN_POINT('',(0.8,0.37,0.));
#1528 = LINE('',#1529,#1530);
#1529 = CARTESIAN_POINT('',(0.8,-0.4,0.));
#1530 = VECTOR('',#1531,1.);
#1531 = DIRECTION('',(0.,1.,0.));
#1532 = ORIENTED_EDGE('',*,*,#1533,.F.);
#1533 = EDGE_CURVE('',#1376,#1526,#1534,.T.);
#1534 = LINE('',#1535,#1536);
#1535 = CARTESIAN_POINT('',(0.5,0.37,0.));
#1536 = VECTOR('',#1537,1.);
#1537 = DIRECTION('',(1.,0.,0.));
#1538 = PLANE('',#1539);
#1539 = AXIS2_PLACEMENT_3D('',#1540,#1541,#1542);
#1540 = CARTESIAN_POINT('',(0.5,-0.4,0.));
#1541 = DIRECTION('',(0.,0.,1.));
#1542 = DIRECTION('',(1.,0.,-0.));
#1543 = ADVANCED_FACE('',(#1544),#1562,.T.);
#1544 = FACE_BOUND('',#1545,.T.);
#1545 = EDGE_LOOP('',(#1546,#1547,#1548,#1556));
#1546 = ORIENTED_EDGE('',*,*,#1409,.F.);
#1547 = ORIENTED_EDGE('',*,*,#1508,.T.);
#1548 = ORIENTED_EDGE('',*,*,#1549,.T.);
#1549 = EDGE_CURVE('',#1500,#1550,#1552,.T.);
#1550 = VERTEX_POINT('',#1551);
#1551 = CARTESIAN_POINT('',(0.8,0.37,0.8));
#1552 = LINE('',#1553,#1554);
#1553 = CARTESIAN_POINT('',(0.8,-0.4,0.8));
#1554 = VECTOR('',#1555,1.);
#1555 = DIRECTION('',(0.,1.,0.));
#1556 = ORIENTED_EDGE('',*,*,#1557,.F.);
#1557 = EDGE_CURVE('',#1401,#1550,#1558,.T.);
#1558 = LINE('',#1559,#1560);
#1559 = CARTESIAN_POINT('',(0.5,0.37,0.8));
#1560 = VECTOR('',#1561,1.);
#1561 = DIRECTION('',(1.,0.,0.));
#1562 = PLANE('',#1563);
#1563 = AXIS2_PLACEMENT_3D('',#1564,#1565,#1566);
#1564 = CARTESIAN_POINT('',(0.5,-0.4,0.8));
#1565 = DIRECTION('',(0.,0.,1.));
#1566 = DIRECTION('',(1.,0.,-0.));
#1567 = ADVANCED_FACE('',(#1568),#1587,.T.);
#1568 = FACE_BOUND('',#1569,.T.);
#1569 = EDGE_LOOP('',(#1570,#1578,#1585,#1586));
#1570 = ORIENTED_EDGE('',*,*,#1571,.T.);
#1571 = EDGE_CURVE('',#1384,#1572,#1574,.T.);
#1572 = VERTEX_POINT('',#1573);
#1573 = CARTESIAN_POINT('',(0.8,0.4,3.E-02));
#1574 = LINE('',#1575,#1576);
#1575 = CARTESIAN_POINT('',(0.5,0.4,3.E-02));
#1576 = VECTOR('',#1577,1.);
#1577 = DIRECTION('',(1.,0.,0.));
#1578 = ORIENTED_EDGE('',*,*,#1579,.T.);
#1579 = EDGE_CURVE('',#1572,#1526,#1580,.T.);
#1580 = CIRCLE('',#1581,3.E-02);
#1581 = AXIS2_PLACEMENT_3D('',#1582,#1583,#1584);
#1582 = CARTESIAN_POINT('',(0.8,0.37,3.E-02));
#1583 = DIRECTION('',(-1.,0.,0.));
#1584 = DIRECTION('',(0.,0.,1.));
#1585 = ORIENTED_EDGE('',*,*,#1533,.F.);
#1586 = ORIENTED_EDGE('',*,*,#1383,.F.);
#1587 = CYLINDRICAL_SURFACE('',#1588,3.E-02);
#1588 = AXIS2_PLACEMENT_3D('',#1589,#1590,#1591);
#1589 = CARTESIAN_POINT('',(0.5,0.37,3.E-02));
#1590 = DIRECTION('',(1.,0.,0.));
#1591 = DIRECTION('',(-0.,1.,0.));
#1592 = ADVANCED_FACE('',(#1593),#1612,.T.);
#1593 = FACE_BOUND('',#1594,.T.);
#1594 = EDGE_LOOP('',(#1595,#1596,#1597,#1606));
#1595 = ORIENTED_EDGE('',*,*,#1400,.T.);
#1596 = ORIENTED_EDGE('',*,*,#1557,.T.);
#1597 = ORIENTED_EDGE('',*,*,#1598,.F.);
#1598 = EDGE_CURVE('',#1599,#1550,#1601,.T.);
#1599 = VERTEX_POINT('',#1600);
#1600 = CARTESIAN_POINT('',(0.8,0.4,0.77));
#1601 = CIRCLE('',#1602,3.E-02);
#1602 = AXIS2_PLACEMENT_3D('',#1603,#1604,#1605);
#1603 = CARTESIAN_POINT('',(0.8,0.37,0.77));
#1604 = DIRECTION('',(1.,0.,-0.));
#1605 = DIRECTION('',(0.,0.,1.));
#1606 = ORIENTED_EDGE('',*,*,#1607,.F.);
#1607 = EDGE_CURVE('',#1393,#1599,#1608,.T.);
#1608 = LINE('',#1609,#1610);
#1609 = CARTESIAN_POINT('',(0.5,0.4,0.77));
#1610 = VECTOR('',#1611,1.);
#1611 = DIRECTION('',(1.,0.,0.));
#1612 = CYLINDRICAL_SURFACE('',#1613,3.E-02);
#1613 = AXIS2_PLACEMENT_3D('',#1614,#1615,#1616);
#1614 = CARTESIAN_POINT('',(0.5,0.37,0.77));
#1615 = DIRECTION('',(1.,0.,0.));
#1616 = DIRECTION('',(-0.,1.,0.));
#1617 = ADVANCED_FACE('',(#1618),#1629,.T.);
#1618 = FACE_BOUND('',#1619,.T.);
#1619 = EDGE_LOOP('',(#1620,#1626,#1627,#1628));
#1620 = ORIENTED_EDGE('',*,*,#1621,.F.);
#1621 = EDGE_CURVE('',#1572,#1599,#1622,.T.);
#1622 = LINE('',#1623,#1624);
#1623 = CARTESIAN_POINT('',(0.8,0.4,0.));
#1624 = VECTOR('',#1625,1.);
#1625 = DIRECTION('',(0.,0.,1.));
#1626 = ORIENTED_EDGE('',*,*,#1571,.F.);
#1627 = ORIENTED_EDGE('',*,*,#1392,.T.);
#1628 = ORIENTED_EDGE('',*,*,#1607,.T.);
#1629 = PLANE('',#1630);
#1630 = AXIS2_PLACEMENT_3D('',#1631,#1632,#1633);
#1631 = CARTESIAN_POINT('',(0.5,0.4,0.));
#1632 = DIRECTION('',(0.,1.,0.));
#1633 = DIRECTION('',(0.,-0.,1.));
#1634 = ADVANCED_FACE('',(#1635),#1645,.T.);
#1635 = FACE_BOUND('',#1636,.T.);
#1636 = EDGE_LOOP('',(#1637,#1638,#1639,#1640,#1641,#1642,#1643,#1644));
#1637 = ORIENTED_EDGE('',*,*,#1442,.F.);
#1638 = ORIENTED_EDGE('',*,*,#1482,.T.);
#1639 = ORIENTED_EDGE('',*,*,#1525,.T.);
#1640 = ORIENTED_EDGE('',*,*,#1579,.F.);
#1641 = ORIENTED_EDGE('',*,*,#1621,.T.);
#1642 = ORIENTED_EDGE('',*,*,#1598,.T.);
#1643 = ORIENTED_EDGE('',*,*,#1549,.F.);
#1644 = ORIENTED_EDGE('',*,*,#1499,.F.);
#1645 = PLANE('',#1646);
#1646 = AXIS2_PLACEMENT_3D('',#1647,#1648,#1649);
#1647 = CARTESIAN_POINT('',(0.8,-0.4,0.));
#1648 = DIRECTION('',(1.,0.,0.));
#1649 = DIRECTION('',(0.,0.,1.));
#1650 = ( GEOMETRIC_REPRESENTATION_CONTEXT(3) 
GLOBAL_UNCERTAINTY_ASSIGNED_CONTEXT((#1654)) 
GLOBAL_UNIT_ASSIGNED_CONTEXT((#1651,#1652,#1653)) REPRESENTATION_CONTEXT
('Context #1','3D Context with UNIT and UNCERTAINTY') );
#1651 = ( LENGTH_UNIT() NAMED_UNIT(*) SI_UNIT(.MILLI.,.METRE.) );
#1652 = ( NAMED_UNIT(*) PLANE_ANGLE_UNIT() SI_UNIT($,.RADIAN.) );
#1653 = ( NAMED_UNIT(*) SI_UNIT($,.STERADIAN.) SOLID_ANGLE_UNIT() );
#1654 = UNCERTAINTY_MEASURE_WITH_UNIT(LENGTH_MEASURE(1.E-07),#1651,
  'distance_accuracy_value','confusion accuracy');
#1655 = CONTEXT_DEPENDENT_SHAPE_REPRESENTATION(#1656,#1658);
#1656 = ( REPRESENTATION_RELATIONSHIP('','',#795,#772) 
REPRESENTATION_RELATIONSHIP_WITH_TRANSFORMATION(#1657) 
SHAPE_REPRESENTATION_RELATIONSHIP() );
#1657 = ITEM_DEFINED_TRANSFORMATION('','',#11,#773);
#1658 = PRODUCT_DEFINITION_SHAPE('Placement','Placement of an item',
  #1659);
#1659 = NEXT_ASSEMBLY_USAGE_OCCURRENCE('5','=>[0:1:1:7]','',#767,#790,$
  );
#1660 = PRODUCT_RELATED_PRODUCT_CATEGORY('part',$,(#792));
#1661 = SHAPE_DEFINITION_REPRESENTATION(#1662,#1668);
#1662 = PRODUCT_DEFINITION_SHAPE('','',#1663);
#1663 = PRODUCT_DEFINITION('design','',#1664,#1667);
#1664 = PRODUCT_DEFINITION_FORMATION('','',#1665);
#1665 = PRODUCT('SOT-23-5','SOT-23-5','',(#1666));
#1666 = PRODUCT_CONTEXT('',#2,'mechanical');
#1667 = PRODUCT_DEFINITION_CONTEXT('part definition',#2,'design');
#1668 = SHAPE_REPRESENTATION('',(#11,#1669),#1673);
#1669 = AXIS2_PLACEMENT_3D('',#1670,#1671,#1672);
#1670 = CARTESIAN_POINT('',(0.,0.,0.));
#1671 = DIRECTION('',(0.,0.,1.));
#1672 = DIRECTION('',(1.,0.,-0.));
#1673 = ( GEOMETRIC_REPRESENTATION_CONTEXT(3) 
GLOBAL_UNCERTAINTY_ASSIGNED_CONTEXT((#1677)) 
GLOBAL_UNIT_ASSIGNED_CONTEXT((#1674,#1675,#1676)) REPRESENTATION_CONTEXT
('Context #1','3D Context with UNIT and UNCERTAINTY') );
#1674 = ( LENGTH_UNIT() NAMED_UNIT(*) SI_UNIT(.MILLI.,.METRE.) );
#1675 = ( NAMED_UNIT(*) PLANE_ANGLE_UNIT() SI_UNIT($,.RADIAN.) );
#1676 = ( NAMED_UNIT(*) SI_UNIT($,.STERADIAN.) SOLID_ANGLE_UNIT() );
#1677 = UNCERTAINTY_MEASURE_WITH_UNIT(LENGTH_MEASURE(1.E-07),#1674,
  'distance_accuracy_value','confusion accuracy');
#1678 = CONTEXT_DEPENDENT_SHAPE_REPRESENTATION(#1679,#1681);
#1679 = ( REPRESENTATION_RELATIONSHIP('','',#1668,#10) 
REPRESENTATION_RELATIONSHIP_WITH_TRANSFORMATION(#1680) 
SHAPE_REPRESENTATION_RELATIONSHIP() );
#1680 = ITEM_DEFINED_TRANSFORMATION('','',#11,#27);
#1681 = PRODUCT_DEFINITION_SHAPE('Placement','Placement of an item',
  #1682);
#1682 = NEXT_ASSEMBLY_USAGE_OCCURRENCE('8','U1','',#5,#1663,$);
#1683 = PRODUCT_RELATED_PRODUCT_CATEGORY('part',$,(#1665));
#1684 = SHAPE_DEFINITION_REPRESENTATION(#1685,#1691);
#1685 = PRODUCT_DEFINITION_SHAPE('','',#1686);
#1686 = PRODUCT_DEFINITION('design','',#1687,#1690);
#1687 = PRODUCT_DEFINITION_FORMATION('','',#1688);
#1688 = PRODUCT('SOT-23-5','SOT-23-5','',(#1689));
#1689 = PRODUCT_CONTEXT('',#2,'mechanical');
#1690 = PRODUCT_DEFINITION_CONTEXT('part definition',#2,'design');
#1691 = ADVANCED_BREP_SHAPE_REPRESENTATION('',(#11,#1692),#4761);
#1692 = MANIFOLD_SOLID_BREP('',#1693);
#1693 = CLOSED_SHELL('',(#1694,#1732,#1795,#1818,#1847,#1870,#1941,#1996
    ,#2019,#2042,#2059,#2082,#2170,#2186,#2216,#2247,#2278,#2309,#2340,
    #2371,#2388,#2405,#2436,#2467,#2498,#2528,#2551,#2574,#2591,#2636,
    #2706,#2729,#2752,#2775,#2830,#2868,#2917,#3009,#3034,#3118,#3140,
    #3232,#3257,#3341,#3358,#3443,#3468,#3545,#3630,#3655,#3732,#3749,
    #3841,#3866,#3950,#3967,#3986,#4005,#4051,#4067,#4086,#4102,#4119,
    #4131,#4148,#4165,#4182,#4199,#4216,#4233,#4250,#4262,#4279,#4296,
    #4313,#4330,#4347,#4364,#4381,#4393,#4410,#4427,#4444,#4461,#4478,
    #4495,#4507,#4524,#4541,#4558,#4575,#4592,#4609,#4621,#4638,#4655,
    #4672,#4689,#4706,#4723,#4740,#4752));
#1694 = ADVANCED_FACE('',(#1695),#1727,.F.);
#1695 = FACE_BOUND('',#1696,.F.);
#1696 = EDGE_LOOP('',(#1697,#1707,#1714,#1722));
#1697 = ORIENTED_EDGE('',*,*,#1698,.T.);
#1698 = EDGE_CURVE('',#1699,#1701,#1703,.T.);
#1699 = VERTEX_POINT('',#1700);
#1700 = CARTESIAN_POINT('',(-0.659324228722,1.358648457443,0.1));
#1701 = VERTEX_POINT('',#1702);
#1702 = CARTESIAN_POINT('',(0.659324228722,1.358648457443,0.1));
#1703 = LINE('',#1704,#1705);
#1704 = CARTESIAN_POINT('',(-0.659324228722,1.358648457443,0.1));
#1705 = VECTOR('',#1706,1.);
#1706 = DIRECTION('',(1.,1.110223024625E-16,0.));
#1707 = ORIENTED_EDGE('',*,*,#1708,.T.);
#1708 = EDGE_CURVE('',#1701,#1709,#1711,.T.);
#1709 = VERTEX_POINT('',#1710);
#1710 = CARTESIAN_POINT('',(0.705,1.45,0.75));
#1711 = B_SPLINE_CURVE_WITH_KNOTS('',1,(#1712,#1713),.UNSPECIFIED.,.F.,
  .F.,(2,2),(0.,1.),.PIECEWISE_BEZIER_KNOTS.);
#1712 = CARTESIAN_POINT('',(0.659324228722,1.358648457443,0.1));
#1713 = CARTESIAN_POINT('',(0.705,1.45,0.75));
#1714 = ORIENTED_EDGE('',*,*,#1715,.F.);
#1715 = EDGE_CURVE('',#1716,#1709,#1718,.T.);
#1716 = VERTEX_POINT('',#1717);
#1717 = CARTESIAN_POINT('',(-0.705,1.45,0.75));
#1718 = LINE('',#1719,#1720);
#1719 = CARTESIAN_POINT('',(-0.705,1.45,0.75));
#1720 = VECTOR('',#1721,1.);
#1721 = DIRECTION('',(1.,1.110223024625E-16,0.));
#1722 = ORIENTED_EDGE('',*,*,#1723,.F.);
#1723 = EDGE_CURVE('',#1699,#1716,#1724,.T.);
#1724 = B_SPLINE_CURVE_WITH_KNOTS('',1,(#1725,#1726),.UNSPECIFIED.,.F.,
  .F.,(2,2),(0.,1.),.PIECEWISE_BEZIER_KNOTS.);
#1725 = CARTESIAN_POINT('',(-0.659324228722,1.358648457443,0.1));
#1726 = CARTESIAN_POINT('',(-0.705,1.45,0.75));
#1727 = B_SPLINE_SURFACE_WITH_KNOTS('',1,1,(
    (#1728,#1729)
    ,(#1730,#1731
    )),.UNSPECIFIED.,.F.,.F.,.F.,(2,2),(2,2),(0.,1.41),(0.,1.),
  .PIECEWISE_BEZIER_KNOTS.);
#1728 = CARTESIAN_POINT('',(-0.659324228722,1.358648457443,0.1));
#1729 = CARTESIAN_POINT('',(-0.705,1.45,0.75));
#1730 = CARTESIAN_POINT('',(0.659324228722,1.358648457443,0.1));
#1731 = CARTESIAN_POINT('',(0.705,1.45,0.75));
#1732 = ADVANCED_FACE('',(#1733),#1790,.F.);
#1733 = FACE_BOUND('',#1734,.T.);
#1734 = EDGE_LOOP('',(#1735,#1736,#1744,#1752,#1760,#1768,#1776,#1784));
#1735 = ORIENTED_EDGE('',*,*,#1698,.T.);
#1736 = ORIENTED_EDGE('',*,*,#1737,.T.);
#1737 = EDGE_CURVE('',#1701,#1738,#1740,.T.);
#1738 = VERTEX_POINT('',#1739);
#1739 = CARTESIAN_POINT('',(0.708648457443,1.309324228722,0.1));
#1740 = LINE('',#1741,#1742);
#1741 = CARTESIAN_POINT('',(0.659324228722,1.358648457443,0.1));
#1742 = VECTOR('',#1743,1.);
#1743 = DIRECTION('',(0.707106781187,-0.707106781187,0.));
#1744 = ORIENTED_EDGE('',*,*,#1745,.T.);
#1745 = EDGE_CURVE('',#1738,#1746,#1748,.T.);
#1746 = VERTEX_POINT('',#1747);
#1747 = CARTESIAN_POINT('',(0.708648457443,-1.309324228722,0.1));
#1748 = LINE('',#1749,#1750);
#1749 = CARTESIAN_POINT('',(0.708648457443,1.309324228722,0.1));
#1750 = VECTOR('',#1751,1.);
#1751 = DIRECTION('',(1.110223024625E-16,-1.,0.));
#1752 = ORIENTED_EDGE('',*,*,#1753,.T.);
#1753 = EDGE_CURVE('',#1746,#1754,#1756,.T.);
#1754 = VERTEX_POINT('',#1755);
#1755 = CARTESIAN_POINT('',(0.659324228722,-1.358648457443,0.1));
#1756 = LINE('',#1757,#1758);
#1757 = CARTESIAN_POINT('',(0.708648457443,-1.309324228722,0.1));
#1758 = VECTOR('',#1759,1.);
#1759 = DIRECTION('',(-0.707106781187,-0.707106781187,0.));
#1760 = ORIENTED_EDGE('',*,*,#1761,.T.);
#1761 = EDGE_CURVE('',#1754,#1762,#1764,.T.);
#1762 = VERTEX_POINT('',#1763);
#1763 = CARTESIAN_POINT('',(-0.659324228722,-1.358648457443,0.1));
#1764 = LINE('',#1765,#1766);
#1765 = CARTESIAN_POINT('',(0.659324228722,-1.358648457443,0.1));
#1766 = VECTOR('',#1767,1.);
#1767 = DIRECTION('',(-1.,-1.110223024625E-16,0.));
#1768 = ORIENTED_EDGE('',*,*,#1769,.T.);
#1769 = EDGE_CURVE('',#1762,#1770,#1772,.T.);
#1770 = VERTEX_POINT('',#1771);
#1771 = CARTESIAN_POINT('',(-0.708648457443,-1.309324228722,0.1));
#1772 = LINE('',#1773,#1774);
#1773 = CARTESIAN_POINT('',(-0.659324228722,-1.358648457443,0.1));
#1774 = VECTOR('',#1775,1.);
#1775 = DIRECTION('',(-0.707106781187,0.707106781187,0.));
#1776 = ORIENTED_EDGE('',*,*,#1777,.T.);
#1777 = EDGE_CURVE('',#1770,#1778,#1780,.T.);
#1778 = VERTEX_POINT('',#1779);
#1779 = CARTESIAN_POINT('',(-0.708648457443,1.309324228722,0.1));
#1780 = LINE('',#1781,#1782);
#1781 = CARTESIAN_POINT('',(-0.708648457443,-1.309324228722,0.1));
#1782 = VECTOR('',#1783,1.);
#1783 = DIRECTION('',(-1.110223024625E-16,1.,0.));
#1784 = ORIENTED_EDGE('',*,*,#1785,.T.);
#1785 = EDGE_CURVE('',#1778,#1699,#1786,.T.);
#1786 = LINE('',#1787,#1788);
#1787 = CARTESIAN_POINT('',(-0.708648457443,1.309324228722,0.1));
#1788 = VECTOR('',#1789,1.);
#1789 = DIRECTION('',(0.707106781187,0.707106781187,0.));
#1790 = PLANE('',#1791);
#1791 = AXIS2_PLACEMENT_3D('',#1792,#1793,#1794);
#1792 = CARTESIAN_POINT('',(-0.659324228722,1.358648457443,0.1));
#1793 = DIRECTION('',(0.,0.,1.));
#1794 = DIRECTION('',(0.436587433964,-0.899661832304,0.));
#1795 = ADVANCED_FACE('',(#1796),#1813,.F.);
#1796 = FACE_BOUND('',#1797,.F.);
#1797 = EDGE_LOOP('',(#1798,#1799,#1806,#1812));
#1798 = ORIENTED_EDGE('',*,*,#1737,.T.);
#1799 = ORIENTED_EDGE('',*,*,#1800,.T.);
#1800 = EDGE_CURVE('',#1738,#1801,#1803,.T.);
#1801 = VERTEX_POINT('',#1802);
#1802 = CARTESIAN_POINT('',(0.8,1.355,0.75));
#1803 = B_SPLINE_CURVE_WITH_KNOTS('',1,(#1804,#1805),.UNSPECIFIED.,.F.,
  .F.,(2,2),(0.,1.),.PIECEWISE_BEZIER_KNOTS.);
#1804 = CARTESIAN_POINT('',(0.708648457443,1.309324228722,0.1));
#1805 = CARTESIAN_POINT('',(0.8,1.355,0.75));
#1806 = ORIENTED_EDGE('',*,*,#1807,.F.);
#1807 = EDGE_CURVE('',#1709,#1801,#1808,.T.);
#1808 = LINE('',#1809,#1810);
#1809 = CARTESIAN_POINT('',(0.705,1.45,0.75));
#1810 = VECTOR('',#1811,1.);
#1811 = DIRECTION('',(0.707106781187,-0.707106781187,0.));
#1812 = ORIENTED_EDGE('',*,*,#1708,.F.);
#1813 = B_SPLINE_SURFACE_WITH_KNOTS('',1,1,(
    (#1814,#1815)
    ,(#1816,#1817
    )),.UNSPECIFIED.,.F.,.F.,.F.,(2,2),(2,2),(0.,0.134350288425),(0.,1.)
  ,.PIECEWISE_BEZIER_KNOTS.);
#1814 = CARTESIAN_POINT('',(0.659324228722,1.358648457443,0.1));
#1815 = CARTESIAN_POINT('',(0.705,1.45,0.75));
#1816 = CARTESIAN_POINT('',(0.708648457443,1.309324228722,0.1));
#1817 = CARTESIAN_POINT('',(0.8,1.355,0.75));
#1818 = ADVANCED_FACE('',(#1819),#1842,.F.);
#1819 = FACE_BOUND('',#1820,.F.);
#1820 = EDGE_LOOP('',(#1821,#1822,#1829,#1837));
#1821 = ORIENTED_EDGE('',*,*,#1715,.T.);
#1822 = ORIENTED_EDGE('',*,*,#1823,.T.);
#1823 = EDGE_CURVE('',#1709,#1824,#1826,.T.);
#1824 = VERTEX_POINT('',#1825);
#1825 = CARTESIAN_POINT('',(0.705,1.45,0.9));
#1826 = B_SPLINE_CURVE_WITH_KNOTS('',1,(#1827,#1828),.UNSPECIFIED.,.F.,
  .F.,(2,2),(0.,1.),.PIECEWISE_BEZIER_KNOTS.);
#1827 = CARTESIAN_POINT('',(0.705,1.45,0.75));
#1828 = CARTESIAN_POINT('',(0.705,1.45,0.9));
#1829 = ORIENTED_EDGE('',*,*,#1830,.F.);
#1830 = EDGE_CURVE('',#1831,#1824,#1833,.T.);
#1831 = VERTEX_POINT('',#1832);
#1832 = CARTESIAN_POINT('',(-0.705,1.45,0.9));
#1833 = LINE('',#1834,#1835);
#1834 = CARTESIAN_POINT('',(-0.705,1.45,0.9));
#1835 = VECTOR('',#1836,1.);
#1836 = DIRECTION('',(1.,1.110223024625E-16,0.));
#1837 = ORIENTED_EDGE('',*,*,#1838,.F.);
#1838 = EDGE_CURVE('',#1716,#1831,#1839,.T.);
#1839 = B_SPLINE_CURVE_WITH_KNOTS('',1,(#1840,#1841),.UNSPECIFIED.,.F.,
  .F.,(2,2),(0.,1.),.PIECEWISE_BEZIER_KNOTS.);
#1840 = CARTESIAN_POINT('',(-0.705,1.45,0.75));
#1841 = CARTESIAN_POINT('',(-0.705,1.45,0.9));
#1842 = PLANE('',#1843);
#1843 = AXIS2_PLACEMENT_3D('',#1844,#1845,#1846);
#1844 = CARTESIAN_POINT('',(-0.705,1.45,0.9));
#1845 = DIRECTION('',(1.110223024625E-16,-1.,0.));
#1846 = DIRECTION('',(1.,1.110223024625E-16,0.));
#1847 = ADVANCED_FACE('',(#1848),#1865,.F.);
#1848 = FACE_BOUND('',#1849,.F.);
#1849 = EDGE_LOOP('',(#1850,#1851,#1852,#1860));
#1850 = ORIENTED_EDGE('',*,*,#1785,.T.);
#1851 = ORIENTED_EDGE('',*,*,#1723,.T.);
#1852 = ORIENTED_EDGE('',*,*,#1853,.F.);
#1853 = EDGE_CURVE('',#1854,#1716,#1856,.T.);
#1854 = VERTEX_POINT('',#1855);
#1855 = CARTESIAN_POINT('',(-0.8,1.355,0.75));
#1856 = LINE('',#1857,#1858);
#1857 = CARTESIAN_POINT('',(-0.8,1.355,0.75));
#1858 = VECTOR('',#1859,1.);
#1859 = DIRECTION('',(0.707106781187,0.707106781187,0.));
#1860 = ORIENTED_EDGE('',*,*,#1861,.F.);
#1861 = EDGE_CURVE('',#1778,#1854,#1862,.T.);
#1862 = B_SPLINE_CURVE_WITH_KNOTS('',1,(#1863,#1864),.UNSPECIFIED.,.F.,
  .F.,(2,2),(0.,1.),.PIECEWISE_BEZIER_KNOTS.);
#1863 = CARTESIAN_POINT('',(-0.708648457443,1.309324228722,0.1));
#1864 = CARTESIAN_POINT('',(-0.8,1.355,0.75));
#1865 = B_SPLINE_SURFACE_WITH_KNOTS('',1,1,(
    (#1866,#1867)
    ,(#1868,#1869
    )),.UNSPECIFIED.,.F.,.F.,.F.,(2,2),(2,2),(0.,0.134350288425),(0.,1.)
  ,.PIECEWISE_BEZIER_KNOTS.);
#1866 = CARTESIAN_POINT('',(-0.708648457443,1.309324228722,0.1));
#1867 = CARTESIAN_POINT('',(-0.8,1.355,0.75));
#1868 = CARTESIAN_POINT('',(-0.659324228722,1.358648457443,0.1));
#1869 = CARTESIAN_POINT('',(-0.705,1.45,0.75));
#1870 = ADVANCED_FACE('',(#1871),#1936,.F.);
#1871 = FACE_BOUND('',#1872,.F.);
#1872 = EDGE_LOOP('',(#1873,#1874,#1875,#1883,#1891,#1899,#1907,#1915,
    #1923,#1931));
#1873 = ORIENTED_EDGE('',*,*,#1777,.T.);
#1874 = ORIENTED_EDGE('',*,*,#1861,.T.);
#1875 = ORIENTED_EDGE('',*,*,#1876,.F.);
#1876 = EDGE_CURVE('',#1877,#1854,#1879,.T.);
#1877 = VERTEX_POINT('',#1878);
#1878 = CARTESIAN_POINT('',(-0.8,1.2,0.75));
#1879 = LINE('',#1880,#1881);
#1880 = CARTESIAN_POINT('',(-0.8,-1.355,0.75));
#1881 = VECTOR('',#1882,1.);
#1882 = DIRECTION('',(-1.110223024625E-16,1.,0.));
#1883 = ORIENTED_EDGE('',*,*,#1884,.F.);
#1884 = EDGE_CURVE('',#1885,#1877,#1887,.T.);
#1885 = VERTEX_POINT('',#1886);
#1886 = CARTESIAN_POINT('',(-0.8,0.7,0.75));
#1887 = LINE('',#1888,#1889);
#1888 = CARTESIAN_POINT('',(-0.8,-1.355,0.75));
#1889 = VECTOR('',#1890,1.);
#1890 = DIRECTION('',(-1.110223024625E-16,1.,0.));
#1891 = ORIENTED_EDGE('',*,*,#1892,.F.);
#1892 = EDGE_CURVE('',#1893,#1885,#1895,.T.);
#1893 = VERTEX_POINT('',#1894);
#1894 = CARTESIAN_POINT('',(-0.8,0.25,0.75));
#1895 = LINE('',#1896,#1897);
#1896 = CARTESIAN_POINT('',(-0.8,-1.355,0.75));
#1897 = VECTOR('',#1898,1.);
#1898 = DIRECTION('',(-1.110223024625E-16,1.,0.));
#1899 = ORIENTED_EDGE('',*,*,#1900,.F.);
#1900 = EDGE_CURVE('',#1901,#1893,#1903,.T.);
#1901 = VERTEX_POINT('',#1902);
#1902 = CARTESIAN_POINT('',(-0.8,-0.25,0.75));
#1903 = LINE('',#1904,#1905);
#1904 = CARTESIAN_POINT('',(-0.8,-1.355,0.75));
#1905 = VECTOR('',#1906,1.);
#1906 = DIRECTION('',(-1.110223024625E-16,1.,0.));
#1907 = ORIENTED_EDGE('',*,*,#1908,.F.);
#1908 = EDGE_CURVE('',#1909,#1901,#1911,.T.);
#1909 = VERTEX_POINT('',#1910);
#1910 = CARTESIAN_POINT('',(-0.8,-0.7,0.75));
#1911 = LINE('',#1912,#1913);
#1912 = CARTESIAN_POINT('',(-0.8,-1.355,0.75));
#1913 = VECTOR('',#1914,1.);
#1914 = DIRECTION('',(-1.110223024625E-16,1.,0.));
#1915 = ORIENTED_EDGE('',*,*,#1916,.F.);
#1916 = EDGE_CURVE('',#1917,#1909,#1919,.T.);
#1917 = VERTEX_POINT('',#1918);
#1918 = CARTESIAN_POINT('',(-0.8,-1.2,0.75));
#1919 = LINE('',#1920,#1921);
#1920 = CARTESIAN_POINT('',(-0.8,-1.355,0.75));
#1921 = VECTOR('',#1922,1.);
#1922 = DIRECTION('',(-1.110223024625E-16,1.,0.));
#1923 = ORIENTED_EDGE('',*,*,#1924,.F.);
#1924 = EDGE_CURVE('',#1925,#1917,#1927,.T.);
#1925 = VERTEX_POINT('',#1926);
#1926 = CARTESIAN_POINT('',(-0.8,-1.355,0.75));
#1927 = LINE('',#1928,#1929);
#1928 = CARTESIAN_POINT('',(-0.8,-1.355,0.75));
#1929 = VECTOR('',#1930,1.);
#1930 = DIRECTION('',(-1.110223024625E-16,1.,0.));
#1931 = ORIENTED_EDGE('',*,*,#1932,.F.);
#1932 = EDGE_CURVE('',#1770,#1925,#1933,.T.);
#1933 = B_SPLINE_CURVE_WITH_KNOTS('',1,(#1934,#1935),.UNSPECIFIED.,.F.,
  .F.,(2,2),(0.,1.),.PIECEWISE_BEZIER_KNOTS.);
#1934 = CARTESIAN_POINT('',(-0.708648457443,-1.309324228722,0.1));
#1935 = CARTESIAN_POINT('',(-0.8,-1.355,0.75));
#1936 = B_SPLINE_SURFACE_WITH_KNOTS('',1,1,(
    (#1937,#1938)
    ,(#1939,#1940
    )),.UNSPECIFIED.,.F.,.F.,.F.,(2,2),(2,2),(0.,2.71),(0.,1.),
  .PIECEWISE_BEZIER_KNOTS.);
#1937 = CARTESIAN_POINT('',(-0.708648457443,-1.309324228722,0.1));
#1938 = CARTESIAN_POINT('',(-0.8,-1.355,0.75));
#1939 = CARTESIAN_POINT('',(-0.708648457443,1.309324228722,0.1));
#1940 = CARTESIAN_POINT('',(-0.8,1.355,0.75));
#1941 = ADVANCED_FACE('',(#1942),#1991,.F.);
#1942 = FACE_BOUND('',#1943,.F.);
#1943 = EDGE_LOOP('',(#1944,#1945,#1952,#1960,#1968,#1976,#1984,#1990));
#1944 = ORIENTED_EDGE('',*,*,#1745,.T.);
#1945 = ORIENTED_EDGE('',*,*,#1946,.T.);
#1946 = EDGE_CURVE('',#1746,#1947,#1949,.T.);
#1947 = VERTEX_POINT('',#1948);
#1948 = CARTESIAN_POINT('',(0.8,-1.355,0.75));
#1949 = B_SPLINE_CURVE_WITH_KNOTS('',1,(#1950,#1951),.UNSPECIFIED.,.F.,
  .F.,(2,2),(0.,1.),.PIECEWISE_BEZIER_KNOTS.);
#1950 = CARTESIAN_POINT('',(0.708648457443,-1.309324228722,0.1));
#1951 = CARTESIAN_POINT('',(0.8,-1.355,0.75));
#1952 = ORIENTED_EDGE('',*,*,#1953,.F.);
#1953 = EDGE_CURVE('',#1954,#1947,#1956,.T.);
#1954 = VERTEX_POINT('',#1955);
#1955 = CARTESIAN_POINT('',(0.8,-1.2,0.75));
#1956 = LINE('',#1957,#1958);
#1957 = CARTESIAN_POINT('',(0.8,1.355,0.75));
#1958 = VECTOR('',#1959,1.);
#1959 = DIRECTION('',(1.110223024625E-16,-1.,0.));
#1960 = ORIENTED_EDGE('',*,*,#1961,.F.);
#1961 = EDGE_CURVE('',#1962,#1954,#1964,.T.);
#1962 = VERTEX_POINT('',#1963);
#1963 = CARTESIAN_POINT('',(0.8,-0.7,0.75));
#1964 = LINE('',#1965,#1966);
#1965 = CARTESIAN_POINT('',(0.8,1.355,0.75));
#1966 = VECTOR('',#1967,1.);
#1967 = DIRECTION('',(1.110223024625E-16,-1.,0.));
#1968 = ORIENTED_EDGE('',*,*,#1969,.F.);
#1969 = EDGE_CURVE('',#1970,#1962,#1972,.T.);
#1970 = VERTEX_POINT('',#1971);
#1971 = CARTESIAN_POINT('',(0.8,0.7,0.75));
#1972 = LINE('',#1973,#1974);
#1973 = CARTESIAN_POINT('',(0.8,1.355,0.75));
#1974 = VECTOR('',#1975,1.);
#1975 = DIRECTION('',(1.110223024625E-16,-1.,0.));
#1976 = ORIENTED_EDGE('',*,*,#1977,.F.);
#1977 = EDGE_CURVE('',#1978,#1970,#1980,.T.);
#1978 = VERTEX_POINT('',#1979);
#1979 = CARTESIAN_POINT('',(0.8,1.2,0.75));
#1980 = LINE('',#1981,#1982);
#1981 = CARTESIAN_POINT('',(0.8,1.355,0.75));
#1982 = VECTOR('',#1983,1.);
#1983 = DIRECTION('',(1.110223024625E-16,-1.,0.));
#1984 = ORIENTED_EDGE('',*,*,#1985,.F.);
#1985 = EDGE_CURVE('',#1801,#1978,#1986,.T.);
#1986 = LINE('',#1987,#1988);
#1987 = CARTESIAN_POINT('',(0.8,1.355,0.75));
#1988 = VECTOR('',#1989,1.);
#1989 = DIRECTION('',(1.110223024625E-16,-1.,0.));
#1990 = ORIENTED_EDGE('',*,*,#1800,.F.);
#1991 = B_SPLINE_SURFACE_WITH_KNOTS('',1,1,(
    (#1992,#1993)
    ,(#1994,#1995
    )),.UNSPECIFIED.,.F.,.F.,.F.,(2,2),(2,2),(0.,2.71),(0.,1.),
  .PIECEWISE_BEZIER_KNOTS.);
#1992 = CARTESIAN_POINT('',(0.708648457443,1.309324228722,0.1));
#1993 = CARTESIAN_POINT('',(0.8,1.355,0.75));
#1994 = CARTESIAN_POINT('',(0.708648457443,-1.309324228722,0.1));
#1995 = CARTESIAN_POINT('',(0.8,-1.355,0.75));
#1996 = ADVANCED_FACE('',(#1997),#2014,.F.);
#1997 = FACE_BOUND('',#1998,.F.);
#1998 = EDGE_LOOP('',(#1999,#2000,#2001,#2009));
#1999 = ORIENTED_EDGE('',*,*,#1769,.T.);
#2000 = ORIENTED_EDGE('',*,*,#1932,.T.);
#2001 = ORIENTED_EDGE('',*,*,#2002,.F.);
#2002 = EDGE_CURVE('',#2003,#1925,#2005,.T.);
#2003 = VERTEX_POINT('',#2004);
#2004 = CARTESIAN_POINT('',(-0.705,-1.45,0.75));
#2005 = LINE('',#2006,#2007);
#2006 = CARTESIAN_POINT('',(-0.705,-1.45,0.75));
#2007 = VECTOR('',#2008,1.);
#2008 = DIRECTION('',(-0.707106781187,0.707106781187,0.));
#2009 = ORIENTED_EDGE('',*,*,#2010,.F.);
#2010 = EDGE_CURVE('',#1762,#2003,#2011,.T.);
#2011 = B_SPLINE_CURVE_WITH_KNOTS('',1,(#2012,#2013),.UNSPECIFIED.,.F.,
  .F.,(2,2),(0.,1.),.PIECEWISE_BEZIER_KNOTS.);
#2012 = CARTESIAN_POINT('',(-0.659324228722,-1.358648457443,0.1));
#2013 = CARTESIAN_POINT('',(-0.705,-1.45,0.75));
#2014 = B_SPLINE_SURFACE_WITH_KNOTS('',1,1,(
    (#2015,#2016)
    ,(#2017,#2018
    )),.UNSPECIFIED.,.F.,.F.,.F.,(2,2),(2,2),(0.,0.134350288425),(0.,1.)
  ,.PIECEWISE_BEZIER_KNOTS.);
#2015 = CARTESIAN_POINT('',(-0.659324228722,-1.358648457443,0.1));
#2016 = CARTESIAN_POINT('',(-0.705,-1.45,0.75));
#2017 = CARTESIAN_POINT('',(-0.708648457443,-1.309324228722,0.1));
#2018 = CARTESIAN_POINT('',(-0.8,-1.355,0.75));
#2019 = ADVANCED_FACE('',(#2020),#2037,.F.);
#2020 = FACE_BOUND('',#2021,.F.);
#2021 = EDGE_LOOP('',(#2022,#2023,#2030,#2036));
#2022 = ORIENTED_EDGE('',*,*,#1753,.T.);
#2023 = ORIENTED_EDGE('',*,*,#2024,.T.);
#2024 = EDGE_CURVE('',#1754,#2025,#2027,.T.);
#2025 = VERTEX_POINT('',#2026);
#2026 = CARTESIAN_POINT('',(0.705,-1.45,0.75));
#2027 = B_SPLINE_CURVE_WITH_KNOTS('',1,(#2028,#2029),.UNSPECIFIED.,.F.,
  .F.,(2,2),(0.,1.),.PIECEWISE_BEZIER_KNOTS.);
#2028 = CARTESIAN_POINT('',(0.659324228722,-1.358648457443,0.1));
#2029 = CARTESIAN_POINT('',(0.705,-1.45,0.75));
#2030 = ORIENTED_EDGE('',*,*,#2031,.F.);
#2031 = EDGE_CURVE('',#1947,#2025,#2032,.T.);
#2032 = LINE('',#2033,#2034);
#2033 = CARTESIAN_POINT('',(0.8,-1.355,0.75));
#2034 = VECTOR('',#2035,1.);
#2035 = DIRECTION('',(-0.707106781187,-0.707106781187,0.));
#2036 = ORIENTED_EDGE('',*,*,#1946,.F.);
#2037 = B_SPLINE_SURFACE_WITH_KNOTS('',1,1,(
    (#2038,#2039)
    ,(#2040,#2041
    )),.UNSPECIFIED.,.F.,.F.,.F.,(2,2),(2,2),(0.,0.134350288425),(0.,1.)
  ,.PIECEWISE_BEZIER_KNOTS.);
#2038 = CARTESIAN_POINT('',(0.708648457443,-1.309324228722,0.1));
#2039 = CARTESIAN_POINT('',(0.8,-1.355,0.75));
#2040 = CARTESIAN_POINT('',(0.659324228722,-1.358648457443,0.1));
#2041 = CARTESIAN_POINT('',(0.705,-1.45,0.75));
#2042 = ADVANCED_FACE('',(#2043),#2054,.F.);
#2043 = FACE_BOUND('',#2044,.F.);
#2044 = EDGE_LOOP('',(#2045,#2046,#2047,#2053));
#2045 = ORIENTED_EDGE('',*,*,#1761,.T.);
#2046 = ORIENTED_EDGE('',*,*,#2010,.T.);
#2047 = ORIENTED_EDGE('',*,*,#2048,.F.);
#2048 = EDGE_CURVE('',#2025,#2003,#2049,.T.);
#2049 = LINE('',#2050,#2051);
#2050 = CARTESIAN_POINT('',(0.705,-1.45,0.75));
#2051 = VECTOR('',#2052,1.);
#2052 = DIRECTION('',(-1.,-1.110223024625E-16,0.));
#2053 = ORIENTED_EDGE('',*,*,#2024,.F.);
#2054 = B_SPLINE_SURFACE_WITH_KNOTS('',1,1,(
    (#2055,#2056)
    ,(#2057,#2058
    )),.UNSPECIFIED.,.F.,.F.,.F.,(2,2),(2,2),(0.,1.41),(0.,1.),
  .PIECEWISE_BEZIER_KNOTS.);
#2055 = CARTESIAN_POINT('',(0.659324228722,-1.358648457443,0.1));
#2056 = CARTESIAN_POINT('',(0.705,-1.45,0.75));
#2057 = CARTESIAN_POINT('',(-0.659324228722,-1.358648457443,0.1));
#2058 = CARTESIAN_POINT('',(-0.705,-1.45,0.75));
#2059 = ADVANCED_FACE('',(#2060),#2077,.F.);
#2060 = FACE_BOUND('',#2061,.F.);
#2061 = EDGE_LOOP('',(#2062,#2063,#2070,#2076));
#2062 = ORIENTED_EDGE('',*,*,#1807,.T.);
#2063 = ORIENTED_EDGE('',*,*,#2064,.T.);
#2064 = EDGE_CURVE('',#1801,#2065,#2067,.T.);
#2065 = VERTEX_POINT('',#2066);
#2066 = CARTESIAN_POINT('',(0.8,1.355,0.9));
#2067 = B_SPLINE_CURVE_WITH_KNOTS('',1,(#2068,#2069),.UNSPECIFIED.,.F.,
  .F.,(2,2),(0.,1.),.PIECEWISE_BEZIER_KNOTS.);
#2068 = CARTESIAN_POINT('',(0.8,1.355,0.75));
#2069 = CARTESIAN_POINT('',(0.8,1.355,0.9));
#2070 = ORIENTED_EDGE('',*,*,#2071,.F.);
#2071 = EDGE_CURVE('',#1824,#2065,#2072,.T.);
#2072 = LINE('',#2073,#2074);
#2073 = CARTESIAN_POINT('',(0.705,1.45,0.9));
#2074 = VECTOR('',#2075,1.);
#2075 = DIRECTION('',(0.707106781187,-0.707106781187,0.));
#2076 = ORIENTED_EDGE('',*,*,#1823,.F.);
#2077 = PLANE('',#2078);
#2078 = AXIS2_PLACEMENT_3D('',#2079,#2080,#2081);
#2079 = CARTESIAN_POINT('',(0.705,1.45,0.9));
#2080 = DIRECTION('',(-0.707106781187,-0.707106781187,0.));
#2081 = DIRECTION('',(0.707106781187,-0.707106781187,0.));
#2082 = ADVANCED_FACE('',(#2083),#2165,.F.);
#2083 = FACE_BOUND('',#2084,.F.);
#2084 = EDGE_LOOP('',(#2085,#2093,#2094,#2095,#2103,#2111,#2119,#2127,
    #2135,#2143,#2151,#2159));
#2085 = ORIENTED_EDGE('',*,*,#2086,.T.);
#2086 = EDGE_CURVE('',#2087,#1831,#2089,.T.);
#2087 = VERTEX_POINT('',#2088);
#2088 = CARTESIAN_POINT('',(-0.8,1.355,0.9));
#2089 = LINE('',#2090,#2091);
#2090 = CARTESIAN_POINT('',(-0.8,1.355,0.9));
#2091 = VECTOR('',#2092,1.);
#2092 = DIRECTION('',(0.707106781187,0.707106781187,0.));
#2093 = ORIENTED_EDGE('',*,*,#1830,.T.);
#2094 = ORIENTED_EDGE('',*,*,#2071,.T.);
#2095 = ORIENTED_EDGE('',*,*,#2096,.T.);
#2096 = EDGE_CURVE('',#2065,#2097,#2099,.T.);
#2097 = VERTEX_POINT('',#2098);
#2098 = CARTESIAN_POINT('',(0.8,1.2,0.9));
#2099 = LINE('',#2100,#2101);
#2100 = CARTESIAN_POINT('',(0.8,1.355,0.9));
#2101 = VECTOR('',#2102,1.);
#2102 = DIRECTION('',(1.110223024625E-16,-1.,0.));
#2103 = ORIENTED_EDGE('',*,*,#2104,.T.);
#2104 = EDGE_CURVE('',#2097,#2105,#2107,.T.);
#2105 = VERTEX_POINT('',#2106);
#2106 = CARTESIAN_POINT('',(0.775,1.2,0.9));
#2107 = LINE('',#2108,#2109);
#2108 = CARTESIAN_POINT('',(0.85,1.2,0.9));
#2109 = VECTOR('',#2110,1.);
#2110 = DIRECTION('',(-1.,-1.110223024625E-16,0.));
#2111 = ORIENTED_EDGE('',*,*,#2112,.F.);
#2112 = EDGE_CURVE('',#2113,#2105,#2115,.T.);
#2113 = VERTEX_POINT('',#2114);
#2114 = CARTESIAN_POINT('',(0.775,1.3425,0.9));
#2115 = LINE('',#2116,#2117);
#2116 = CARTESIAN_POINT('',(0.775,1.3425,0.9));
#2117 = VECTOR('',#2118,1.);
#2118 = DIRECTION('',(1.110223024625E-16,-1.,0.));
#2119 = ORIENTED_EDGE('',*,*,#2120,.F.);
#2120 = EDGE_CURVE('',#2121,#2113,#2123,.T.);
#2121 = VERTEX_POINT('',#2122);
#2122 = CARTESIAN_POINT('',(0.6925,1.425,0.9));
#2123 = LINE('',#2124,#2125);
#2124 = CARTESIAN_POINT('',(0.6925,1.425,0.9));
#2125 = VECTOR('',#2126,1.);
#2126 = DIRECTION('',(0.707106781187,-0.707106781187,0.));
#2127 = ORIENTED_EDGE('',*,*,#2128,.F.);
#2128 = EDGE_CURVE('',#2129,#2121,#2131,.T.);
#2129 = VERTEX_POINT('',#2130);
#2130 = CARTESIAN_POINT('',(-0.6925,1.425,0.9));
#2131 = LINE('',#2132,#2133);
#2132 = CARTESIAN_POINT('',(-0.6925,1.425,0.9));
#2133 = VECTOR('',#2134,1.);
#2134 = DIRECTION('',(1.,1.110223024625E-16,0.));
#2135 = ORIENTED_EDGE('',*,*,#2136,.F.);
#2136 = EDGE_CURVE('',#2137,#2129,#2139,.T.);
#2137 = VERTEX_POINT('',#2138);
#2138 = CARTESIAN_POINT('',(-0.775,1.3425,0.9));
#2139 = LINE('',#2140,#2141);
#2140 = CARTESIAN_POINT('',(-0.775,1.3425,0.9));
#2141 = VECTOR('',#2142,1.);
#2142 = DIRECTION('',(0.707106781187,0.707106781187,0.));
#2143 = ORIENTED_EDGE('',*,*,#2144,.F.);
#2144 = EDGE_CURVE('',#2145,#2137,#2147,.T.);
#2145 = VERTEX_POINT('',#2146);
#2146 = CARTESIAN_POINT('',(-0.775,1.2,0.9));
#2147 = LINE('',#2148,#2149);
#2148 = CARTESIAN_POINT('',(-0.775,-1.3425,0.9));
#2149 = VECTOR('',#2150,1.);
#2150 = DIRECTION('',(-1.110223024625E-16,1.,0.));
#2151 = ORIENTED_EDGE('',*,*,#2152,.F.);
#2152 = EDGE_CURVE('',#2153,#2145,#2155,.T.);
#2153 = VERTEX_POINT('',#2154);
#2154 = CARTESIAN_POINT('',(-0.8,1.2,0.9));
#2155 = LINE('',#2156,#2157);
#2156 = CARTESIAN_POINT('',(-0.85,1.2,0.9));
#2157 = VECTOR('',#2158,1.);
#2158 = DIRECTION('',(1.,-1.144237745222E-17,0.));
#2159 = ORIENTED_EDGE('',*,*,#2160,.T.);
#2160 = EDGE_CURVE('',#2153,#2087,#2161,.T.);
#2161 = LINE('',#2162,#2163);
#2162 = CARTESIAN_POINT('',(-0.8,-1.355,0.9));
#2163 = VECTOR('',#2164,1.);
#2164 = DIRECTION('',(-1.110223024625E-16,1.,0.));
#2165 = PLANE('',#2166);
#2166 = AXIS2_PLACEMENT_3D('',#2167,#2168,#2169);
#2167 = CARTESIAN_POINT('',(-2.091417030376E-16,1.4375,0.9));
#2168 = DIRECTION('',(4.595758349624E-18,6.551522493592E-27,-1.));
#2169 = DIRECTION('',(1.,1.51922136901E-16,4.595758349624E-18));
#2170 = ADVANCED_FACE('',(#2171),#2181,.F.);
#2171 = FACE_BOUND('',#2172,.F.);
#2172 = EDGE_LOOP('',(#2173,#2174,#2175,#2176));
#2173 = ORIENTED_EDGE('',*,*,#1853,.T.);
#2174 = ORIENTED_EDGE('',*,*,#1838,.T.);
#2175 = ORIENTED_EDGE('',*,*,#2086,.F.);
#2176 = ORIENTED_EDGE('',*,*,#2177,.F.);
#2177 = EDGE_CURVE('',#1854,#2087,#2178,.T.);
#2178 = B_SPLINE_CURVE_WITH_KNOTS('',1,(#2179,#2180),.UNSPECIFIED.,.F.,
  .F.,(2,2),(0.,1.),.PIECEWISE_BEZIER_KNOTS.);
#2179 = CARTESIAN_POINT('',(-0.8,1.355,0.75));
#2180 = CARTESIAN_POINT('',(-0.8,1.355,0.9));
#2181 = PLANE('',#2182);
#2182 = AXIS2_PLACEMENT_3D('',#2183,#2184,#2185);
#2183 = CARTESIAN_POINT('',(-0.8,1.355,0.9));
#2184 = DIRECTION('',(0.707106781187,-0.707106781187,0.));
#2185 = DIRECTION('',(0.707106781187,0.707106781187,0.));
#2186 = ADVANCED_FACE('',(#2187),#2211,.F.);
#2187 = FACE_BOUND('',#2188,.F.);
#2188 = EDGE_LOOP('',(#2189,#2196,#2197,#2205));
#2189 = ORIENTED_EDGE('',*,*,#2190,.F.);
#2190 = EDGE_CURVE('',#1925,#2191,#2193,.T.);
#2191 = VERTEX_POINT('',#2192);
#2192 = CARTESIAN_POINT('',(-0.8,-1.355,0.9));
#2193 = B_SPLINE_CURVE_WITH_KNOTS('',1,(#2194,#2195),.UNSPECIFIED.,.F.,
  .F.,(2,2),(0.,1.),.PIECEWISE_BEZIER_KNOTS.);
#2194 = CARTESIAN_POINT('',(-0.8,-1.355,0.75));
#2195 = CARTESIAN_POINT('',(-0.8,-1.355,0.9));
#2196 = ORIENTED_EDGE('',*,*,#1924,.T.);
#2197 = ORIENTED_EDGE('',*,*,#2198,.T.);
#2198 = EDGE_CURVE('',#1917,#2199,#2201,.T.);
#2199 = VERTEX_POINT('',#2200);
#2200 = CARTESIAN_POINT('',(-0.8,-1.2,0.9));
#2201 = LINE('',#2202,#2203);
#2202 = CARTESIAN_POINT('',(-0.8,-1.2,0.670847817658));
#2203 = VECTOR('',#2204,1.);
#2204 = DIRECTION('',(0.,0.,1.));
#2205 = ORIENTED_EDGE('',*,*,#2206,.F.);
#2206 = EDGE_CURVE('',#2191,#2199,#2207,.T.);
#2207 = LINE('',#2208,#2209);
#2208 = CARTESIAN_POINT('',(-0.8,-1.355,0.9));
#2209 = VECTOR('',#2210,1.);
#2210 = DIRECTION('',(-1.110223024625E-16,1.,0.));
#2211 = PLANE('',#2212);
#2212 = AXIS2_PLACEMENT_3D('',#2213,#2214,#2215);
#2213 = CARTESIAN_POINT('',(-0.8,-1.355,0.9));
#2214 = DIRECTION('',(1.,1.110223024625E-16,0.));
#2215 = DIRECTION('',(-1.110223024625E-16,1.,0.));
#2216 = ADVANCED_FACE('',(#2217),#2242,.F.);
#2217 = FACE_BOUND('',#2218,.F.);
#2218 = EDGE_LOOP('',(#2219,#2227,#2228,#2236));
#2219 = ORIENTED_EDGE('',*,*,#2220,.F.);
#2220 = EDGE_CURVE('',#1917,#2221,#2223,.T.);
#2221 = VERTEX_POINT('',#2222);
#2222 = CARTESIAN_POINT('',(-0.85,-1.2,0.75));
#2223 = LINE('',#2224,#2225);
#2224 = CARTESIAN_POINT('',(-0.75,-1.2,0.75));
#2225 = VECTOR('',#2226,1.);
#2226 = DIRECTION('',(-1.,1.144237745222E-17,0.));
#2227 = ORIENTED_EDGE('',*,*,#1916,.T.);
#2228 = ORIENTED_EDGE('',*,*,#2229,.T.);
#2229 = EDGE_CURVE('',#1909,#2230,#2232,.T.);
#2230 = VERTEX_POINT('',#2231);
#2231 = CARTESIAN_POINT('',(-0.85,-0.7,0.75));
#2232 = LINE('',#2233,#2234);
#2233 = CARTESIAN_POINT('',(-0.75,-0.7,0.75));
#2234 = VECTOR('',#2235,1.);
#2235 = DIRECTION('',(-1.,1.144237745222E-17,0.));
#2236 = ORIENTED_EDGE('',*,*,#2237,.F.);
#2237 = EDGE_CURVE('',#2221,#2230,#2238,.T.);
#2238 = LINE('',#2239,#2240);
#2239 = CARTESIAN_POINT('',(-0.85,-1.2,0.75));
#2240 = VECTOR('',#2241,1.);
#2241 = DIRECTION('',(1.144237745222E-17,1.,0.));
#2242 = PLANE('',#2243);
#2243 = AXIS2_PLACEMENT_3D('',#2244,#2245,#2246);
#2244 = CARTESIAN_POINT('',(-0.75,-1.2,0.75));
#2245 = DIRECTION('',(0.,0.,1.));
#2246 = DIRECTION('',(-1.,1.144237745222E-17,0.));
#2247 = ADVANCED_FACE('',(#2248),#2273,.F.);
#2248 = FACE_BOUND('',#2249,.F.);
#2249 = EDGE_LOOP('',(#2250,#2258,#2259,#2267));
#2250 = ORIENTED_EDGE('',*,*,#2251,.F.);
#2251 = EDGE_CURVE('',#1909,#2252,#2254,.T.);
#2252 = VERTEX_POINT('',#2253);
#2253 = CARTESIAN_POINT('',(-0.8,-0.7,0.9));
#2254 = LINE('',#2255,#2256);
#2255 = CARTESIAN_POINT('',(-0.8,-0.7,0.670847817658));
#2256 = VECTOR('',#2257,1.);
#2257 = DIRECTION('',(0.,0.,1.));
#2258 = ORIENTED_EDGE('',*,*,#1908,.T.);
#2259 = ORIENTED_EDGE('',*,*,#2260,.T.);
#2260 = EDGE_CURVE('',#1901,#2261,#2263,.T.);
#2261 = VERTEX_POINT('',#2262);
#2262 = CARTESIAN_POINT('',(-0.8,-0.25,0.9));
#2263 = LINE('',#2264,#2265);
#2264 = CARTESIAN_POINT('',(-0.8,-0.25,0.670847817658));
#2265 = VECTOR('',#2266,1.);
#2266 = DIRECTION('',(0.,0.,1.));
#2267 = ORIENTED_EDGE('',*,*,#2268,.F.);
#2268 = EDGE_CURVE('',#2252,#2261,#2269,.T.);
#2269 = LINE('',#2270,#2271);
#2270 = CARTESIAN_POINT('',(-0.8,-1.355,0.9));
#2271 = VECTOR('',#2272,1.);
#2272 = DIRECTION('',(-1.110223024625E-16,1.,0.));
#2273 = PLANE('',#2274);
#2274 = AXIS2_PLACEMENT_3D('',#2275,#2276,#2277);
#2275 = CARTESIAN_POINT('',(-0.8,-1.355,0.9));
#2276 = DIRECTION('',(1.,1.110223024625E-16,0.));
#2277 = DIRECTION('',(-1.110223024625E-16,1.,0.));
#2278 = ADVANCED_FACE('',(#2279),#2304,.F.);
#2279 = FACE_BOUND('',#2280,.F.);
#2280 = EDGE_LOOP('',(#2281,#2289,#2290,#2298));
#2281 = ORIENTED_EDGE('',*,*,#2282,.F.);
#2282 = EDGE_CURVE('',#1901,#2283,#2285,.T.);
#2283 = VERTEX_POINT('',#2284);
#2284 = CARTESIAN_POINT('',(-0.85,-0.25,0.75));
#2285 = LINE('',#2286,#2287);
#2286 = CARTESIAN_POINT('',(-0.75,-0.25,0.75));
#2287 = VECTOR('',#2288,1.);
#2288 = DIRECTION('',(-1.,1.144237745222E-17,0.));
#2289 = ORIENTED_EDGE('',*,*,#1900,.T.);
#2290 = ORIENTED_EDGE('',*,*,#2291,.T.);
#2291 = EDGE_CURVE('',#1893,#2292,#2294,.T.);
#2292 = VERTEX_POINT('',#2293);
#2293 = CARTESIAN_POINT('',(-0.85,0.25,0.75));
#2294 = LINE('',#2295,#2296);
#2295 = CARTESIAN_POINT('',(-0.75,0.25,0.75));
#2296 = VECTOR('',#2297,1.);
#2297 = DIRECTION('',(-1.,1.144237745222E-17,0.));
#2298 = ORIENTED_EDGE('',*,*,#2299,.F.);
#2299 = EDGE_CURVE('',#2283,#2292,#2300,.T.);
#2300 = LINE('',#2301,#2302);
#2301 = CARTESIAN_POINT('',(-0.85,-0.25,0.75));
#2302 = VECTOR('',#2303,1.);
#2303 = DIRECTION('',(1.144237745222E-17,1.,0.));
#2304 = PLANE('',#2305);
#2305 = AXIS2_PLACEMENT_3D('',#2306,#2307,#2308);
#2306 = CARTESIAN_POINT('',(-0.75,-0.25,0.75));
#2307 = DIRECTION('',(0.,0.,1.));
#2308 = DIRECTION('',(-1.,1.144237745222E-17,0.));
#2309 = ADVANCED_FACE('',(#2310),#2335,.F.);
#2310 = FACE_BOUND('',#2311,.F.);
#2311 = EDGE_LOOP('',(#2312,#2320,#2321,#2329));
#2312 = ORIENTED_EDGE('',*,*,#2313,.F.);
#2313 = EDGE_CURVE('',#1893,#2314,#2316,.T.);
#2314 = VERTEX_POINT('',#2315);
#2315 = CARTESIAN_POINT('',(-0.8,0.25,0.9));
#2316 = LINE('',#2317,#2318);
#2317 = CARTESIAN_POINT('',(-0.8,0.25,0.670847817658));
#2318 = VECTOR('',#2319,1.);
#2319 = DIRECTION('',(0.,0.,1.));
#2320 = ORIENTED_EDGE('',*,*,#1892,.T.);
#2321 = ORIENTED_EDGE('',*,*,#2322,.T.);
#2322 = EDGE_CURVE('',#1885,#2323,#2325,.T.);
#2323 = VERTEX_POINT('',#2324);
#2324 = CARTESIAN_POINT('',(-0.8,0.7,0.9));
#2325 = LINE('',#2326,#2327);
#2326 = CARTESIAN_POINT('',(-0.8,0.7,0.670847817658));
#2327 = VECTOR('',#2328,1.);
#2328 = DIRECTION('',(0.,0.,1.));
#2329 = ORIENTED_EDGE('',*,*,#2330,.F.);
#2330 = EDGE_CURVE('',#2314,#2323,#2331,.T.);
#2331 = LINE('',#2332,#2333);
#2332 = CARTESIAN_POINT('',(-0.8,-1.355,0.9));
#2333 = VECTOR('',#2334,1.);
#2334 = DIRECTION('',(-1.110223024625E-16,1.,0.));
#2335 = PLANE('',#2336);
#2336 = AXIS2_PLACEMENT_3D('',#2337,#2338,#2339);
#2337 = CARTESIAN_POINT('',(-0.8,-1.355,0.9));
#2338 = DIRECTION('',(1.,1.110223024625E-16,0.));
#2339 = DIRECTION('',(-1.110223024625E-16,1.,0.));
#2340 = ADVANCED_FACE('',(#2341),#2366,.F.);
#2341 = FACE_BOUND('',#2342,.F.);
#2342 = EDGE_LOOP('',(#2343,#2351,#2352,#2360));
#2343 = ORIENTED_EDGE('',*,*,#2344,.F.);
#2344 = EDGE_CURVE('',#1885,#2345,#2347,.T.);
#2345 = VERTEX_POINT('',#2346);
#2346 = CARTESIAN_POINT('',(-0.85,0.7,0.75));
#2347 = LINE('',#2348,#2349);
#2348 = CARTESIAN_POINT('',(-0.75,0.7,0.75));
#2349 = VECTOR('',#2350,1.);
#2350 = DIRECTION('',(-1.,1.144237745222E-17,0.));
#2351 = ORIENTED_EDGE('',*,*,#1884,.T.);
#2352 = ORIENTED_EDGE('',*,*,#2353,.T.);
#2353 = EDGE_CURVE('',#1877,#2354,#2356,.T.);
#2354 = VERTEX_POINT('',#2355);
#2355 = CARTESIAN_POINT('',(-0.85,1.2,0.75));
#2356 = LINE('',#2357,#2358);
#2357 = CARTESIAN_POINT('',(-0.75,1.2,0.75));
#2358 = VECTOR('',#2359,1.);
#2359 = DIRECTION('',(-1.,1.144237745222E-17,0.));
#2360 = ORIENTED_EDGE('',*,*,#2361,.F.);
#2361 = EDGE_CURVE('',#2345,#2354,#2362,.T.);
#2362 = LINE('',#2363,#2364);
#2363 = CARTESIAN_POINT('',(-0.85,0.7,0.75));
#2364 = VECTOR('',#2365,1.);
#2365 = DIRECTION('',(1.144237745222E-17,1.,0.));
#2366 = PLANE('',#2367);
#2367 = AXIS2_PLACEMENT_3D('',#2368,#2369,#2370);
#2368 = CARTESIAN_POINT('',(-0.75,0.7,0.75));
#2369 = DIRECTION('',(0.,0.,1.));
#2370 = DIRECTION('',(-1.,1.144237745222E-17,0.));
#2371 = ADVANCED_FACE('',(#2372),#2383,.F.);
#2372 = FACE_BOUND('',#2373,.F.);
#2373 = EDGE_LOOP('',(#2374,#2380,#2381,#2382));
#2374 = ORIENTED_EDGE('',*,*,#2375,.F.);
#2375 = EDGE_CURVE('',#1877,#2153,#2376,.T.);
#2376 = LINE('',#2377,#2378);
#2377 = CARTESIAN_POINT('',(-0.8,1.2,0.670847817658));
#2378 = VECTOR('',#2379,1.);
#2379 = DIRECTION('',(0.,0.,1.));
#2380 = ORIENTED_EDGE('',*,*,#1876,.T.);
#2381 = ORIENTED_EDGE('',*,*,#2177,.T.);
#2382 = ORIENTED_EDGE('',*,*,#2160,.F.);
#2383 = PLANE('',#2384);
#2384 = AXIS2_PLACEMENT_3D('',#2385,#2386,#2387);
#2385 = CARTESIAN_POINT('',(-0.8,-1.355,0.9));
#2386 = DIRECTION('',(1.,1.110223024625E-16,0.));
#2387 = DIRECTION('',(-1.110223024625E-16,1.,0.));
#2388 = ADVANCED_FACE('',(#2389),#2400,.F.);
#2389 = FACE_BOUND('',#2390,.F.);
#2390 = EDGE_LOOP('',(#2391,#2392,#2393,#2399));
#2391 = ORIENTED_EDGE('',*,*,#2064,.F.);
#2392 = ORIENTED_EDGE('',*,*,#1985,.T.);
#2393 = ORIENTED_EDGE('',*,*,#2394,.T.);
#2394 = EDGE_CURVE('',#1978,#2097,#2395,.T.);
#2395 = LINE('',#2396,#2397);
#2396 = CARTESIAN_POINT('',(0.8,1.2,0.670847817658));
#2397 = VECTOR('',#2398,1.);
#2398 = DIRECTION('',(0.,0.,1.));
#2399 = ORIENTED_EDGE('',*,*,#2096,.F.);
#2400 = PLANE('',#2401);
#2401 = AXIS2_PLACEMENT_3D('',#2402,#2403,#2404);
#2402 = CARTESIAN_POINT('',(0.8,1.355,0.9));
#2403 = DIRECTION('',(-1.,-1.110223024625E-16,0.));
#2404 = DIRECTION('',(1.110223024625E-16,-1.,0.));
#2405 = ADVANCED_FACE('',(#2406),#2431,.F.);
#2406 = FACE_BOUND('',#2407,.F.);
#2407 = EDGE_LOOP('',(#2408,#2416,#2417,#2425));
#2408 = ORIENTED_EDGE('',*,*,#2409,.F.);
#2409 = EDGE_CURVE('',#1978,#2410,#2412,.T.);
#2410 = VERTEX_POINT('',#2411);
#2411 = CARTESIAN_POINT('',(0.85,1.2,0.75));
#2412 = LINE('',#2413,#2414);
#2413 = CARTESIAN_POINT('',(0.75,1.2,0.75));
#2414 = VECTOR('',#2415,1.);
#2415 = DIRECTION('',(1.,1.110223024625E-16,0.));
#2416 = ORIENTED_EDGE('',*,*,#1977,.T.);
#2417 = ORIENTED_EDGE('',*,*,#2418,.T.);
#2418 = EDGE_CURVE('',#1970,#2419,#2421,.T.);
#2419 = VERTEX_POINT('',#2420);
#2420 = CARTESIAN_POINT('',(0.85,0.7,0.75));
#2421 = LINE('',#2422,#2423);
#2422 = CARTESIAN_POINT('',(0.75,0.7,0.75));
#2423 = VECTOR('',#2424,1.);
#2424 = DIRECTION('',(1.,1.110223024625E-16,0.));
#2425 = ORIENTED_EDGE('',*,*,#2426,.F.);
#2426 = EDGE_CURVE('',#2410,#2419,#2427,.T.);
#2427 = LINE('',#2428,#2429);
#2428 = CARTESIAN_POINT('',(0.85,1.2,0.75));
#2429 = VECTOR('',#2430,1.);
#2430 = DIRECTION('',(1.110223024625E-16,-1.,0.));
#2431 = PLANE('',#2432);
#2432 = AXIS2_PLACEMENT_3D('',#2433,#2434,#2435);
#2433 = CARTESIAN_POINT('',(0.75,1.2,0.75));
#2434 = DIRECTION('',(0.,0.,1.));
#2435 = DIRECTION('',(1.,1.110223024625E-16,-0.));
#2436 = ADVANCED_FACE('',(#2437),#2462,.F.);
#2437 = FACE_BOUND('',#2438,.F.);
#2438 = EDGE_LOOP('',(#2439,#2447,#2448,#2456));
#2439 = ORIENTED_EDGE('',*,*,#2440,.F.);
#2440 = EDGE_CURVE('',#1970,#2441,#2443,.T.);
#2441 = VERTEX_POINT('',#2442);
#2442 = CARTESIAN_POINT('',(0.8,0.7,0.9));
#2443 = LINE('',#2444,#2445);
#2444 = CARTESIAN_POINT('',(0.8,0.7,0.670847817658));
#2445 = VECTOR('',#2446,1.);
#2446 = DIRECTION('',(0.,0.,1.));
#2447 = ORIENTED_EDGE('',*,*,#1969,.T.);
#2448 = ORIENTED_EDGE('',*,*,#2449,.T.);
#2449 = EDGE_CURVE('',#1962,#2450,#2452,.T.);
#2450 = VERTEX_POINT('',#2451);
#2451 = CARTESIAN_POINT('',(0.8,-0.7,0.9));
#2452 = LINE('',#2453,#2454);
#2453 = CARTESIAN_POINT('',(0.8,-0.7,0.670847817658));
#2454 = VECTOR('',#2455,1.);
#2455 = DIRECTION('',(0.,0.,1.));
#2456 = ORIENTED_EDGE('',*,*,#2457,.F.);
#2457 = EDGE_CURVE('',#2441,#2450,#2458,.T.);
#2458 = LINE('',#2459,#2460);
#2459 = CARTESIAN_POINT('',(0.8,1.355,0.9));
#2460 = VECTOR('',#2461,1.);
#2461 = DIRECTION('',(1.110223024625E-16,-1.,0.));
#2462 = PLANE('',#2463);
#2463 = AXIS2_PLACEMENT_3D('',#2464,#2465,#2466);
#2464 = CARTESIAN_POINT('',(0.8,1.355,0.9));
#2465 = DIRECTION('',(-1.,-1.110223024625E-16,0.));
#2466 = DIRECTION('',(1.110223024625E-16,-1.,0.));
#2467 = ADVANCED_FACE('',(#2468),#2493,.F.);
#2468 = FACE_BOUND('',#2469,.F.);
#2469 = EDGE_LOOP('',(#2470,#2478,#2479,#2487));
#2470 = ORIENTED_EDGE('',*,*,#2471,.F.);
#2471 = EDGE_CURVE('',#1962,#2472,#2474,.T.);
#2472 = VERTEX_POINT('',#2473);
#2473 = CARTESIAN_POINT('',(0.85,-0.7,0.75));
#2474 = LINE('',#2475,#2476);
#2475 = CARTESIAN_POINT('',(0.75,-0.7,0.75));
#2476 = VECTOR('',#2477,1.);
#2477 = DIRECTION('',(1.,1.110223024625E-16,0.));
#2478 = ORIENTED_EDGE('',*,*,#1961,.T.);
#2479 = ORIENTED_EDGE('',*,*,#2480,.T.);
#2480 = EDGE_CURVE('',#1954,#2481,#2483,.T.);
#2481 = VERTEX_POINT('',#2482);
#2482 = CARTESIAN_POINT('',(0.85,-1.2,0.75));
#2483 = LINE('',#2484,#2485);
#2484 = CARTESIAN_POINT('',(0.75,-1.2,0.75));
#2485 = VECTOR('',#2486,1.);
#2486 = DIRECTION('',(1.,1.110223024625E-16,0.));
#2487 = ORIENTED_EDGE('',*,*,#2488,.F.);
#2488 = EDGE_CURVE('',#2472,#2481,#2489,.T.);
#2489 = LINE('',#2490,#2491);
#2490 = CARTESIAN_POINT('',(0.85,-0.7,0.75));
#2491 = VECTOR('',#2492,1.);
#2492 = DIRECTION('',(1.110223024625E-16,-1.,0.));
#2493 = PLANE('',#2494);
#2494 = AXIS2_PLACEMENT_3D('',#2495,#2496,#2497);
#2495 = CARTESIAN_POINT('',(0.75,-0.7,0.75));
#2496 = DIRECTION('',(0.,0.,1.));
#2497 = DIRECTION('',(1.,1.110223024625E-16,-0.));
#2498 = ADVANCED_FACE('',(#2499),#2523,.F.);
#2499 = FACE_BOUND('',#2500,.F.);
#2500 = EDGE_LOOP('',(#2501,#2509,#2510,#2517));
#2501 = ORIENTED_EDGE('',*,*,#2502,.F.);
#2502 = EDGE_CURVE('',#1954,#2503,#2505,.T.);
#2503 = VERTEX_POINT('',#2504);
#2504 = CARTESIAN_POINT('',(0.8,-1.2,0.9));
#2505 = LINE('',#2506,#2507);
#2506 = CARTESIAN_POINT('',(0.8,-1.2,0.670847817658));
#2507 = VECTOR('',#2508,1.);
#2508 = DIRECTION('',(0.,0.,1.));
#2509 = ORIENTED_EDGE('',*,*,#1953,.T.);
#2510 = ORIENTED_EDGE('',*,*,#2511,.T.);
#2511 = EDGE_CURVE('',#1947,#2512,#2514,.T.);
#2512 = VERTEX_POINT('',#2513);
#2513 = CARTESIAN_POINT('',(0.8,-1.355,0.9));
#2514 = B_SPLINE_CURVE_WITH_KNOTS('',1,(#2515,#2516),.UNSPECIFIED.,.F.,
  .F.,(2,2),(0.,1.),.PIECEWISE_BEZIER_KNOTS.);
#2515 = CARTESIAN_POINT('',(0.8,-1.355,0.75));
#2516 = CARTESIAN_POINT('',(0.8,-1.355,0.9));
#2517 = ORIENTED_EDGE('',*,*,#2518,.F.);
#2518 = EDGE_CURVE('',#2503,#2512,#2519,.T.);
#2519 = LINE('',#2520,#2521);
#2520 = CARTESIAN_POINT('',(0.8,1.355,0.9));
#2521 = VECTOR('',#2522,1.);
#2522 = DIRECTION('',(1.110223024625E-16,-1.,0.));
#2523 = PLANE('',#2524);
#2524 = AXIS2_PLACEMENT_3D('',#2525,#2526,#2527);
#2525 = CARTESIAN_POINT('',(0.8,1.355,0.9));
#2526 = DIRECTION('',(-1.,-1.110223024625E-16,0.));
#2527 = DIRECTION('',(1.110223024625E-16,-1.,0.));
#2528 = ADVANCED_FACE('',(#2529),#2546,.F.);
#2529 = FACE_BOUND('',#2530,.F.);
#2530 = EDGE_LOOP('',(#2531,#2532,#2533,#2541));
#2531 = ORIENTED_EDGE('',*,*,#2002,.T.);
#2532 = ORIENTED_EDGE('',*,*,#2190,.T.);
#2533 = ORIENTED_EDGE('',*,*,#2534,.F.);
#2534 = EDGE_CURVE('',#2535,#2191,#2537,.T.);
#2535 = VERTEX_POINT('',#2536);
#2536 = CARTESIAN_POINT('',(-0.705,-1.45,0.9));
#2537 = LINE('',#2538,#2539);
#2538 = CARTESIAN_POINT('',(-0.705,-1.45,0.9));
#2539 = VECTOR('',#2540,1.);
#2540 = DIRECTION('',(-0.707106781187,0.707106781187,0.));
#2541 = ORIENTED_EDGE('',*,*,#2542,.F.);
#2542 = EDGE_CURVE('',#2003,#2535,#2543,.T.);
#2543 = B_SPLINE_CURVE_WITH_KNOTS('',1,(#2544,#2545),.UNSPECIFIED.,.F.,
  .F.,(2,2),(0.,1.),.PIECEWISE_BEZIER_KNOTS.);
#2544 = CARTESIAN_POINT('',(-0.705,-1.45,0.75));
#2545 = CARTESIAN_POINT('',(-0.705,-1.45,0.9));
#2546 = PLANE('',#2547);
#2547 = AXIS2_PLACEMENT_3D('',#2548,#2549,#2550);
#2548 = CARTESIAN_POINT('',(-0.705,-1.45,0.9));
#2549 = DIRECTION('',(0.707106781187,0.707106781187,0.));
#2550 = DIRECTION('',(-0.707106781187,0.707106781187,0.));
#2551 = ADVANCED_FACE('',(#2552),#2569,.F.);
#2552 = FACE_BOUND('',#2553,.F.);
#2553 = EDGE_LOOP('',(#2554,#2555,#2562,#2568));
#2554 = ORIENTED_EDGE('',*,*,#2031,.T.);
#2555 = ORIENTED_EDGE('',*,*,#2556,.T.);
#2556 = EDGE_CURVE('',#2025,#2557,#2559,.T.);
#2557 = VERTEX_POINT('',#2558);
#2558 = CARTESIAN_POINT('',(0.705,-1.45,0.9));
#2559 = B_SPLINE_CURVE_WITH_KNOTS('',1,(#2560,#2561),.UNSPECIFIED.,.F.,
  .F.,(2,2),(0.,1.),.PIECEWISE_BEZIER_KNOTS.);
#2560 = CARTESIAN_POINT('',(0.705,-1.45,0.75));
#2561 = CARTESIAN_POINT('',(0.705,-1.45,0.9));
#2562 = ORIENTED_EDGE('',*,*,#2563,.F.);
#2563 = EDGE_CURVE('',#2512,#2557,#2564,.T.);
#2564 = LINE('',#2565,#2566);
#2565 = CARTESIAN_POINT('',(0.8,-1.355,0.9));
#2566 = VECTOR('',#2567,1.);
#2567 = DIRECTION('',(-0.707106781187,-0.707106781187,0.));
#2568 = ORIENTED_EDGE('',*,*,#2511,.F.);
#2569 = PLANE('',#2570);
#2570 = AXIS2_PLACEMENT_3D('',#2571,#2572,#2573);
#2571 = CARTESIAN_POINT('',(0.8,-1.355,0.9));
#2572 = DIRECTION('',(-0.707106781187,0.707106781187,0.));
#2573 = DIRECTION('',(-0.707106781187,-0.707106781187,0.));
#2574 = ADVANCED_FACE('',(#2575),#2586,.F.);
#2575 = FACE_BOUND('',#2576,.F.);
#2576 = EDGE_LOOP('',(#2577,#2578,#2579,#2585));
#2577 = ORIENTED_EDGE('',*,*,#2048,.T.);
#2578 = ORIENTED_EDGE('',*,*,#2542,.T.);
#2579 = ORIENTED_EDGE('',*,*,#2580,.F.);
#2580 = EDGE_CURVE('',#2557,#2535,#2581,.T.);
#2581 = LINE('',#2582,#2583);
#2582 = CARTESIAN_POINT('',(0.705,-1.45,0.9));
#2583 = VECTOR('',#2584,1.);
#2584 = DIRECTION('',(-1.,-1.110223024625E-16,0.));
#2585 = ORIENTED_EDGE('',*,*,#2556,.F.);
#2586 = PLANE('',#2587);
#2587 = AXIS2_PLACEMENT_3D('',#2588,#2589,#2590);
#2588 = CARTESIAN_POINT('',(0.705,-1.45,0.9));
#2589 = DIRECTION('',(-1.110223024625E-16,1.,0.));
#2590 = DIRECTION('',(-1.,-1.110223024625E-16,0.));
#2591 = ADVANCED_FACE('',(#2592),#2631,.F.);
#2592 = FACE_BOUND('',#2593,.F.);
#2593 = EDGE_LOOP('',(#2594,#2602,#2610,#2616,#2617,#2625));
#2594 = ORIENTED_EDGE('',*,*,#2595,.F.);
#2595 = EDGE_CURVE('',#2596,#2323,#2598,.T.);
#2596 = VERTEX_POINT('',#2597);
#2597 = CARTESIAN_POINT('',(-0.85,0.7,0.9));
#2598 = LINE('',#2599,#2600);
#2599 = CARTESIAN_POINT('',(-0.85,0.7,0.9));
#2600 = VECTOR('',#2601,1.);
#2601 = DIRECTION('',(1.,-1.144237745222E-17,0.));
#2602 = ORIENTED_EDGE('',*,*,#2603,.T.);
#2603 = EDGE_CURVE('',#2596,#2604,#2606,.T.);
#2604 = VERTEX_POINT('',#2605);
#2605 = CARTESIAN_POINT('',(-0.85,1.2,0.9));
#2606 = LINE('',#2607,#2608);
#2607 = CARTESIAN_POINT('',(-0.85,0.7,0.9));
#2608 = VECTOR('',#2609,1.);
#2609 = DIRECTION('',(1.144237745222E-17,1.,0.));
#2610 = ORIENTED_EDGE('',*,*,#2611,.T.);
#2611 = EDGE_CURVE('',#2604,#2153,#2612,.T.);
#2612 = LINE('',#2613,#2614);
#2613 = CARTESIAN_POINT('',(-0.85,1.2,0.9));
#2614 = VECTOR('',#2615,1.);
#2615 = DIRECTION('',(1.,-1.144237745222E-17,0.));
#2616 = ORIENTED_EDGE('',*,*,#2152,.T.);
#2617 = ORIENTED_EDGE('',*,*,#2618,.F.);
#2618 = EDGE_CURVE('',#2619,#2145,#2621,.T.);
#2619 = VERTEX_POINT('',#2620);
#2620 = CARTESIAN_POINT('',(-0.775,0.7,0.9));
#2621 = LINE('',#2622,#2623);
#2622 = CARTESIAN_POINT('',(-0.775,-1.3425,0.9));
#2623 = VECTOR('',#2624,1.);
#2624 = DIRECTION('',(-1.110223024625E-16,1.,0.));
#2625 = ORIENTED_EDGE('',*,*,#2626,.F.);
#2626 = EDGE_CURVE('',#2323,#2619,#2627,.T.);
#2627 = LINE('',#2628,#2629);
#2628 = CARTESIAN_POINT('',(-0.85,0.7,0.9));
#2629 = VECTOR('',#2630,1.);
#2630 = DIRECTION('',(1.,-1.144237745222E-17,0.));
#2631 = PLANE('',#2632);
#2632 = AXIS2_PLACEMENT_3D('',#2633,#2634,#2635);
#2633 = CARTESIAN_POINT('',(-0.85,0.7,0.9));
#2634 = DIRECTION('',(0.,0.,-1.));
#2635 = DIRECTION('',(1.,-1.144237745222E-17,0.));
#2636 = ADVANCED_FACE('',(#2637),#2701,.F.);
#2637 = FACE_BOUND('',#2638,.F.);
#2638 = EDGE_LOOP('',(#2639,#2649,#2657,#2665,#2673,#2679,#2680,#2681,
    #2688,#2696));
#2639 = ORIENTED_EDGE('',*,*,#2640,.T.);
#2640 = EDGE_CURVE('',#2641,#2643,#2645,.T.);
#2641 = VERTEX_POINT('',#2642);
#2642 = CARTESIAN_POINT('',(-0.775,-1.3425,0.9));
#2643 = VERTEX_POINT('',#2644);
#2644 = CARTESIAN_POINT('',(-0.775,-1.2,0.9));
#2645 = LINE('',#2646,#2647);
#2646 = CARTESIAN_POINT('',(-0.775,-1.3425,0.9));
#2647 = VECTOR('',#2648,1.);
#2648 = DIRECTION('',(-1.110223024625E-16,1.,0.));
#2649 = ORIENTED_EDGE('',*,*,#2650,.T.);
#2650 = EDGE_CURVE('',#2643,#2651,#2653,.T.);
#2651 = VERTEX_POINT('',#2652);
#2652 = CARTESIAN_POINT('',(-0.775,-0.7,0.9));
#2653 = LINE('',#2654,#2655);
#2654 = CARTESIAN_POINT('',(-0.775,-1.3425,0.9));
#2655 = VECTOR('',#2656,1.);
#2656 = DIRECTION('',(-1.110223024625E-16,1.,0.));
#2657 = ORIENTED_EDGE('',*,*,#2658,.T.);
#2658 = EDGE_CURVE('',#2651,#2659,#2661,.T.);
#2659 = VERTEX_POINT('',#2660);
#2660 = CARTESIAN_POINT('',(-0.775,-0.25,0.9));
#2661 = LINE('',#2662,#2663);
#2662 = CARTESIAN_POINT('',(-0.775,-1.3425,0.9));
#2663 = VECTOR('',#2664,1.);
#2664 = DIRECTION('',(-1.110223024625E-16,1.,0.));
#2665 = ORIENTED_EDGE('',*,*,#2666,.T.);
#2666 = EDGE_CURVE('',#2659,#2667,#2669,.T.);
#2667 = VERTEX_POINT('',#2668);
#2668 = CARTESIAN_POINT('',(-0.775,0.25,0.9));
#2669 = LINE('',#2670,#2671);
#2670 = CARTESIAN_POINT('',(-0.775,-1.3425,0.9));
#2671 = VECTOR('',#2672,1.);
#2672 = DIRECTION('',(-1.110223024625E-16,1.,0.));
#2673 = ORIENTED_EDGE('',*,*,#2674,.T.);
#2674 = EDGE_CURVE('',#2667,#2619,#2675,.T.);
#2675 = LINE('',#2676,#2677);
#2676 = CARTESIAN_POINT('',(-0.775,-1.3425,0.9));
#2677 = VECTOR('',#2678,1.);
#2678 = DIRECTION('',(-1.110223024625E-16,1.,0.));
#2679 = ORIENTED_EDGE('',*,*,#2618,.T.);
#2680 = ORIENTED_EDGE('',*,*,#2144,.T.);
#2681 = ORIENTED_EDGE('',*,*,#2682,.T.);
#2682 = EDGE_CURVE('',#2137,#2683,#2685,.T.);
#2683 = VERTEX_POINT('',#2684);
#2684 = CARTESIAN_POINT('',(-0.683648457443,1.296824228722,1.55));
#2685 = B_SPLINE_CURVE_WITH_KNOTS('',1,(#2686,#2687),.UNSPECIFIED.,.F.,
  .F.,(2,2),(0.,1.),.PIECEWISE_BEZIER_KNOTS.);
#2686 = CARTESIAN_POINT('',(-0.775,1.3425,0.9));
#2687 = CARTESIAN_POINT('',(-0.683648457443,1.296824228722,1.55));
#2688 = ORIENTED_EDGE('',*,*,#2689,.F.);
#2689 = EDGE_CURVE('',#2690,#2683,#2692,.T.);
#2690 = VERTEX_POINT('',#2691);
#2691 = CARTESIAN_POINT('',(-0.683648457443,-1.296824228722,1.55));
#2692 = LINE('',#2693,#2694);
#2693 = CARTESIAN_POINT('',(-0.683648457443,-1.296824228722,1.55));
#2694 = VECTOR('',#2695,1.);
#2695 = DIRECTION('',(-1.110223024625E-16,1.,0.));
#2696 = ORIENTED_EDGE('',*,*,#2697,.F.);
#2697 = EDGE_CURVE('',#2641,#2690,#2698,.T.);
#2698 = B_SPLINE_CURVE_WITH_KNOTS('',1,(#2699,#2700),.UNSPECIFIED.,.F.,
  .F.,(2,2),(0.,1.),.PIECEWISE_BEZIER_KNOTS.);
#2699 = CARTESIAN_POINT('',(-0.775,-1.3425,0.9));
#2700 = CARTESIAN_POINT('',(-0.683648457443,-1.296824228722,1.55));
#2701 = B_SPLINE_SURFACE_WITH_KNOTS('',1,1,(
    (#2702,#2703)
    ,(#2704,#2705
    )),.UNSPECIFIED.,.F.,.F.,.F.,(2,2),(2,2),(0.,2.685),(0.,1.),
  .PIECEWISE_BEZIER_KNOTS.);
#2702 = CARTESIAN_POINT('',(-0.775,-1.3425,0.9));
#2703 = CARTESIAN_POINT('',(-0.683648457443,-1.296824228722,1.55));
#2704 = CARTESIAN_POINT('',(-0.775,1.3425,0.9));
#2705 = CARTESIAN_POINT('',(-0.683648457443,1.296824228722,1.55));
#2706 = ADVANCED_FACE('',(#2707),#2724,.F.);
#2707 = FACE_BOUND('',#2708,.F.);
#2708 = EDGE_LOOP('',(#2709,#2710,#2717,#2723));
#2709 = ORIENTED_EDGE('',*,*,#2136,.T.);
#2710 = ORIENTED_EDGE('',*,*,#2711,.T.);
#2711 = EDGE_CURVE('',#2129,#2712,#2714,.T.);
#2712 = VERTEX_POINT('',#2713);
#2713 = CARTESIAN_POINT('',(-0.646824228722,1.333648457443,1.55));
#2714 = B_SPLINE_CURVE_WITH_KNOTS('',1,(#2715,#2716),.UNSPECIFIED.,.F.,
  .F.,(2,2),(0.,1.),.PIECEWISE_BEZIER_KNOTS.);
#2715 = CARTESIAN_POINT('',(-0.6925,1.425,0.9));
#2716 = CARTESIAN_POINT('',(-0.646824228722,1.333648457443,1.55));
#2717 = ORIENTED_EDGE('',*,*,#2718,.F.);
#2718 = EDGE_CURVE('',#2683,#2712,#2719,.T.);
#2719 = LINE('',#2720,#2721);
#2720 = CARTESIAN_POINT('',(-0.683648457443,1.296824228722,1.55));
#2721 = VECTOR('',#2722,1.);
#2722 = DIRECTION('',(0.707106781187,0.707106781187,0.));
#2723 = ORIENTED_EDGE('',*,*,#2682,.F.);
#2724 = B_SPLINE_SURFACE_WITH_KNOTS('',1,1,(
    (#2725,#2726)
    ,(#2727,#2728
    )),.UNSPECIFIED.,.F.,.F.,.F.,(2,2),(2,2),(0.,0.116672618896),(0.,1.)
  ,.PIECEWISE_BEZIER_KNOTS.);
#2725 = CARTESIAN_POINT('',(-0.775,1.3425,0.9));
#2726 = CARTESIAN_POINT('',(-0.683648457443,1.296824228722,1.55));
#2727 = CARTESIAN_POINT('',(-0.6925,1.425,0.9));
#2728 = CARTESIAN_POINT('',(-0.646824228722,1.333648457443,1.55));
#2729 = ADVANCED_FACE('',(#2730),#2747,.F.);
#2730 = FACE_BOUND('',#2731,.F.);
#2731 = EDGE_LOOP('',(#2732,#2733,#2740,#2746));
#2732 = ORIENTED_EDGE('',*,*,#2128,.T.);
#2733 = ORIENTED_EDGE('',*,*,#2734,.T.);
#2734 = EDGE_CURVE('',#2121,#2735,#2737,.T.);
#2735 = VERTEX_POINT('',#2736);
#2736 = CARTESIAN_POINT('',(0.646824228722,1.333648457443,1.55));
#2737 = B_SPLINE_CURVE_WITH_KNOTS('',1,(#2738,#2739),.UNSPECIFIED.,.F.,
  .F.,(2,2),(0.,1.),.PIECEWISE_BEZIER_KNOTS.);
#2738 = CARTESIAN_POINT('',(0.6925,1.425,0.9));
#2739 = CARTESIAN_POINT('',(0.646824228722,1.333648457443,1.55));
#2740 = ORIENTED_EDGE('',*,*,#2741,.F.);
#2741 = EDGE_CURVE('',#2712,#2735,#2742,.T.);
#2742 = LINE('',#2743,#2744);
#2743 = CARTESIAN_POINT('',(-0.646824228722,1.333648457443,1.55));
#2744 = VECTOR('',#2745,1.);
#2745 = DIRECTION('',(1.,1.110223024625E-16,0.));
#2746 = ORIENTED_EDGE('',*,*,#2711,.F.);
#2747 = B_SPLINE_SURFACE_WITH_KNOTS('',1,1,(
    (#2748,#2749)
    ,(#2750,#2751
    )),.UNSPECIFIED.,.F.,.F.,.F.,(2,2),(2,2),(0.,1.385),(0.,1.),
  .PIECEWISE_BEZIER_KNOTS.);
#2748 = CARTESIAN_POINT('',(-0.6925,1.425,0.9));
#2749 = CARTESIAN_POINT('',(-0.646824228722,1.333648457443,1.55));
#2750 = CARTESIAN_POINT('',(0.6925,1.425,0.9));
#2751 = CARTESIAN_POINT('',(0.646824228722,1.333648457443,1.55));
#2752 = ADVANCED_FACE('',(#2753),#2770,.F.);
#2753 = FACE_BOUND('',#2754,.F.);
#2754 = EDGE_LOOP('',(#2755,#2756,#2763,#2769));
#2755 = ORIENTED_EDGE('',*,*,#2120,.T.);
#2756 = ORIENTED_EDGE('',*,*,#2757,.T.);
#2757 = EDGE_CURVE('',#2113,#2758,#2760,.T.);
#2758 = VERTEX_POINT('',#2759);
#2759 = CARTESIAN_POINT('',(0.683648457443,1.296824228722,1.55));
#2760 = B_SPLINE_CURVE_WITH_KNOTS('',1,(#2761,#2762),.UNSPECIFIED.,.F.,
  .F.,(2,2),(0.,1.),.PIECEWISE_BEZIER_KNOTS.);
#2761 = CARTESIAN_POINT('',(0.775,1.3425,0.9));
#2762 = CARTESIAN_POINT('',(0.683648457443,1.296824228722,1.55));
#2763 = ORIENTED_EDGE('',*,*,#2764,.F.);
#2764 = EDGE_CURVE('',#2735,#2758,#2765,.T.);
#2765 = LINE('',#2766,#2767);
#2766 = CARTESIAN_POINT('',(0.646824228722,1.333648457443,1.55));
#2767 = VECTOR('',#2768,1.);
#2768 = DIRECTION('',(0.707106781187,-0.707106781187,0.));
#2769 = ORIENTED_EDGE('',*,*,#2734,.F.);
#2770 = B_SPLINE_SURFACE_WITH_KNOTS('',1,1,(
    (#2771,#2772)
    ,(#2773,#2774
    )),.UNSPECIFIED.,.F.,.F.,.F.,(2,2),(2,2),(0.,0.116672618896),(0.,1.)
  ,.PIECEWISE_BEZIER_KNOTS.);
#2771 = CARTESIAN_POINT('',(0.6925,1.425,0.9));
#2772 = CARTESIAN_POINT('',(0.646824228722,1.333648457443,1.55));
#2773 = CARTESIAN_POINT('',(0.775,1.3425,0.9));
#2774 = CARTESIAN_POINT('',(0.683648457443,1.296824228722,1.55));
#2775 = ADVANCED_FACE('',(#2776),#2825,.F.);
#2776 = FACE_BOUND('',#2777,.F.);
#2777 = EDGE_LOOP('',(#2778,#2779,#2787,#2795,#2803,#2811,#2818,#2824));
#2778 = ORIENTED_EDGE('',*,*,#2112,.T.);
#2779 = ORIENTED_EDGE('',*,*,#2780,.T.);
#2780 = EDGE_CURVE('',#2105,#2781,#2783,.T.);
#2781 = VERTEX_POINT('',#2782);
#2782 = CARTESIAN_POINT('',(0.775,0.7,0.9));
#2783 = LINE('',#2784,#2785);
#2784 = CARTESIAN_POINT('',(0.775,1.3425,0.9));
#2785 = VECTOR('',#2786,1.);
#2786 = DIRECTION('',(1.110223024625E-16,-1.,0.));
#2787 = ORIENTED_EDGE('',*,*,#2788,.T.);
#2788 = EDGE_CURVE('',#2781,#2789,#2791,.T.);
#2789 = VERTEX_POINT('',#2790);
#2790 = CARTESIAN_POINT('',(0.775,-0.7,0.9));
#2791 = LINE('',#2792,#2793);
#2792 = CARTESIAN_POINT('',(0.775,1.3425,0.9));
#2793 = VECTOR('',#2794,1.);
#2794 = DIRECTION('',(1.110223024625E-16,-1.,0.));
#2795 = ORIENTED_EDGE('',*,*,#2796,.T.);
#2796 = EDGE_CURVE('',#2789,#2797,#2799,.T.);
#2797 = VERTEX_POINT('',#2798);
#2798 = CARTESIAN_POINT('',(0.775,-1.2,0.9));
#2799 = LINE('',#2800,#2801);
#2800 = CARTESIAN_POINT('',(0.775,1.3425,0.9));
#2801 = VECTOR('',#2802,1.);
#2802 = DIRECTION('',(1.110223024625E-16,-1.,0.));
#2803 = ORIENTED_EDGE('',*,*,#2804,.T.);
#2804 = EDGE_CURVE('',#2797,#2805,#2807,.T.);
#2805 = VERTEX_POINT('',#2806);
#2806 = CARTESIAN_POINT('',(0.775,-1.3425,0.9));
#2807 = LINE('',#2808,#2809);
#2808 = CARTESIAN_POINT('',(0.775,1.3425,0.9));
#2809 = VECTOR('',#2810,1.);
#2810 = DIRECTION('',(1.110223024625E-16,-1.,0.));
#2811 = ORIENTED_EDGE('',*,*,#2812,.T.);
#2812 = EDGE_CURVE('',#2805,#2813,#2815,.T.);
#2813 = VERTEX_POINT('',#2814);
#2814 = CARTESIAN_POINT('',(0.683648457443,-1.296824228722,1.55));
#2815 = B_SPLINE_CURVE_WITH_KNOTS('',1,(#2816,#2817),.UNSPECIFIED.,.F.,
  .F.,(2,2),(0.,1.),.PIECEWISE_BEZIER_KNOTS.);
#2816 = CARTESIAN_POINT('',(0.775,-1.3425,0.9));
#2817 = CARTESIAN_POINT('',(0.683648457443,-1.296824228722,1.55));
#2818 = ORIENTED_EDGE('',*,*,#2819,.F.);
#2819 = EDGE_CURVE('',#2758,#2813,#2820,.T.);
#2820 = LINE('',#2821,#2822);
#2821 = CARTESIAN_POINT('',(0.683648457443,1.296824228722,1.55));
#2822 = VECTOR('',#2823,1.);
#2823 = DIRECTION('',(1.110223024625E-16,-1.,0.));
#2824 = ORIENTED_EDGE('',*,*,#2757,.F.);
#2825 = B_SPLINE_SURFACE_WITH_KNOTS('',1,1,(
    (#2826,#2827)
    ,(#2828,#2829
    )),.UNSPECIFIED.,.F.,.F.,.F.,(2,2),(2,2),(0.,2.685),(0.,1.),
  .PIECEWISE_BEZIER_KNOTS.);
#2826 = CARTESIAN_POINT('',(0.775,1.3425,0.9));
#2827 = CARTESIAN_POINT('',(0.683648457443,1.296824228722,1.55));
#2828 = CARTESIAN_POINT('',(0.775,-1.3425,0.9));
#2829 = CARTESIAN_POINT('',(0.683648457443,-1.296824228722,1.55));
#2830 = ADVANCED_FACE('',(#2831),#2863,.F.);
#2831 = FACE_BOUND('',#2832,.F.);
#2832 = EDGE_LOOP('',(#2833,#2841,#2849,#2855,#2861,#2862));
#2833 = ORIENTED_EDGE('',*,*,#2834,.F.);
#2834 = EDGE_CURVE('',#2835,#2097,#2837,.T.);
#2835 = VERTEX_POINT('',#2836);
#2836 = CARTESIAN_POINT('',(0.85,1.2,0.9));
#2837 = LINE('',#2838,#2839);
#2838 = CARTESIAN_POINT('',(0.85,1.2,0.9));
#2839 = VECTOR('',#2840,1.);
#2840 = DIRECTION('',(-1.,-1.110223024625E-16,0.));
#2841 = ORIENTED_EDGE('',*,*,#2842,.T.);
#2842 = EDGE_CURVE('',#2835,#2843,#2845,.T.);
#2843 = VERTEX_POINT('',#2844);
#2844 = CARTESIAN_POINT('',(0.85,0.7,0.9));
#2845 = LINE('',#2846,#2847);
#2846 = CARTESIAN_POINT('',(0.85,1.2,0.9));
#2847 = VECTOR('',#2848,1.);
#2848 = DIRECTION('',(1.110223024625E-16,-1.,0.));
#2849 = ORIENTED_EDGE('',*,*,#2850,.T.);
#2850 = EDGE_CURVE('',#2843,#2441,#2851,.T.);
#2851 = LINE('',#2852,#2853);
#2852 = CARTESIAN_POINT('',(0.85,0.7,0.9));
#2853 = VECTOR('',#2854,1.);
#2854 = DIRECTION('',(-1.,-1.110223024625E-16,0.));
#2855 = ORIENTED_EDGE('',*,*,#2856,.T.);
#2856 = EDGE_CURVE('',#2441,#2781,#2857,.T.);
#2857 = LINE('',#2858,#2859);
#2858 = CARTESIAN_POINT('',(0.85,0.7,0.9));
#2859 = VECTOR('',#2860,1.);
#2860 = DIRECTION('',(-1.,-1.110223024625E-16,0.));
#2861 = ORIENTED_EDGE('',*,*,#2780,.F.);
#2862 = ORIENTED_EDGE('',*,*,#2104,.F.);
#2863 = PLANE('',#2864);
#2864 = AXIS2_PLACEMENT_3D('',#2865,#2866,#2867);
#2865 = CARTESIAN_POINT('',(0.85,1.2,0.9));
#2866 = DIRECTION('',(0.,0.,-1.));
#2867 = DIRECTION('',(-1.,-1.110223024625E-16,-0.));
#2868 = ADVANCED_FACE('',(#2869),#2912,.F.);
#2869 = FACE_BOUND('',#2870,.F.);
#2870 = EDGE_LOOP('',(#2871,#2877,#2878,#2879,#2880,#2881,#2882,#2888,
    #2889,#2897,#2905,#2911));
#2871 = ORIENTED_EDGE('',*,*,#2872,.F.);
#2872 = EDGE_CURVE('',#2503,#2797,#2873,.T.);
#2873 = LINE('',#2874,#2875);
#2874 = CARTESIAN_POINT('',(0.85,-1.2,0.9));
#2875 = VECTOR('',#2876,1.);
#2876 = DIRECTION('',(-1.,-1.110223024625E-16,0.));
#2877 = ORIENTED_EDGE('',*,*,#2518,.T.);
#2878 = ORIENTED_EDGE('',*,*,#2563,.T.);
#2879 = ORIENTED_EDGE('',*,*,#2580,.T.);
#2880 = ORIENTED_EDGE('',*,*,#2534,.T.);
#2881 = ORIENTED_EDGE('',*,*,#2206,.T.);
#2882 = ORIENTED_EDGE('',*,*,#2883,.T.);
#2883 = EDGE_CURVE('',#2199,#2643,#2884,.T.);
#2884 = LINE('',#2885,#2886);
#2885 = CARTESIAN_POINT('',(-0.85,-1.2,0.9));
#2886 = VECTOR('',#2887,1.);
#2887 = DIRECTION('',(1.,-1.144237745222E-17,0.));
#2888 = ORIENTED_EDGE('',*,*,#2640,.F.);
#2889 = ORIENTED_EDGE('',*,*,#2890,.F.);
#2890 = EDGE_CURVE('',#2891,#2641,#2893,.T.);
#2891 = VERTEX_POINT('',#2892);
#2892 = CARTESIAN_POINT('',(-0.6925,-1.425,0.9));
#2893 = LINE('',#2894,#2895);
#2894 = CARTESIAN_POINT('',(-0.6925,-1.425,0.9));
#2895 = VECTOR('',#2896,1.);
#2896 = DIRECTION('',(-0.707106781187,0.707106781187,0.));
#2897 = ORIENTED_EDGE('',*,*,#2898,.F.);
#2898 = EDGE_CURVE('',#2899,#2891,#2901,.T.);
#2899 = VERTEX_POINT('',#2900);
#2900 = CARTESIAN_POINT('',(0.6925,-1.425,0.9));
#2901 = LINE('',#2902,#2903);
#2902 = CARTESIAN_POINT('',(0.6925,-1.425,0.9));
#2903 = VECTOR('',#2904,1.);
#2904 = DIRECTION('',(-1.,-1.110223024625E-16,0.));
#2905 = ORIENTED_EDGE('',*,*,#2906,.F.);
#2906 = EDGE_CURVE('',#2805,#2899,#2907,.T.);
#2907 = LINE('',#2908,#2909);
#2908 = CARTESIAN_POINT('',(0.775,-1.3425,0.9));
#2909 = VECTOR('',#2910,1.);
#2910 = DIRECTION('',(-0.707106781187,-0.707106781187,0.));
#2911 = ORIENTED_EDGE('',*,*,#2804,.F.);
#2912 = PLANE('',#2913);
#2913 = AXIS2_PLACEMENT_3D('',#2914,#2915,#2916);
#2914 = CARTESIAN_POINT('',(-2.091417030376E-16,1.4375,0.9));
#2915 = DIRECTION('',(4.595758349624E-18,6.551522493592E-27,-1.));
#2916 = DIRECTION('',(1.,1.51922136901E-16,4.595758349624E-18));
#2917 = ADVANCED_FACE('',(#2918),#3004,.F.);
#2918 = FACE_BOUND('',#2919,.F.);
#2919 = EDGE_LOOP('',(#2920,#2921,#2922,#2931,#2939,#2948,#2956,#2964,
    #2972,#2981,#2989,#2998));
#2920 = ORIENTED_EDGE('',*,*,#2198,.F.);
#2921 = ORIENTED_EDGE('',*,*,#2220,.T.);
#2922 = ORIENTED_EDGE('',*,*,#2923,.T.);
#2923 = EDGE_CURVE('',#2221,#2924,#2926,.T.);
#2924 = VERTEX_POINT('',#2925);
#2925 = CARTESIAN_POINT('',(-0.948480775301,-1.2,0.667364817767));
#2926 = CIRCLE('',#2927,0.1);
#2927 = AXIS2_PLACEMENT_3D('',#2928,#2929,#2930);
#2928 = CARTESIAN_POINT('',(-0.85,-1.2,0.65));
#2929 = DIRECTION('',(-1.144237745222E-17,-1.,0.));
#2930 = DIRECTION('',(0.,0.,1.));
#2931 = ORIENTED_EDGE('',*,*,#2932,.T.);
#2932 = EDGE_CURVE('',#2924,#2933,#2935,.T.);
#2933 = VERTEX_POINT('',#2934);
#2934 = CARTESIAN_POINT('',(-1.02432885403,-1.2,0.206587955583));
#2935 = LINE('',#2936,#2937);
#2936 = CARTESIAN_POINT('',(-0.948480775301,-1.2,0.667364817767));
#2937 = VECTOR('',#2938,1.);
#2938 = DIRECTION('',(-0.162423314012,1.858508865964E-18,-0.986721169868
    ));
#2939 = ORIENTED_EDGE('',*,*,#2940,.T.);
#2940 = EDGE_CURVE('',#2933,#2941,#2943,.T.);
#2941 = VERTEX_POINT('',#2942);
#2942 = CARTESIAN_POINT('',(-1.270530792283,-1.2,0.));
#2943 = CIRCLE('',#2944,0.25);
#2944 = AXIS2_PLACEMENT_3D('',#2945,#2946,#2947);
#2945 = CARTESIAN_POINT('',(-1.270530792283,-1.2,0.25));
#2946 = DIRECTION('',(1.144237745222E-17,1.,1.24725095109E-33));
#2947 = DIRECTION('',(0.984807753012,-1.126854202784E-17,-0.173648177667
    ));
#2948 = ORIENTED_EDGE('',*,*,#2949,.T.);
#2949 = EDGE_CURVE('',#2941,#2950,#2952,.T.);
#2950 = VERTEX_POINT('',#2951);
#2951 = CARTESIAN_POINT('',(-1.4,-1.2,0.));
#2952 = LINE('',#2953,#2954);
#2953 = CARTESIAN_POINT('',(-1.270530792283,-1.2,0.));
#2954 = VECTOR('',#2955,1.);
#2955 = DIRECTION('',(-1.,1.144237745222E-17,0.));
#2956 = ORIENTED_EDGE('',*,*,#2957,.T.);
#2957 = EDGE_CURVE('',#2950,#2958,#2960,.T.);
#2958 = VERTEX_POINT('',#2959);
#2959 = CARTESIAN_POINT('',(-1.4,-1.2,0.15));
#2960 = LINE('',#2961,#2962);
#2961 = CARTESIAN_POINT('',(-1.4,-1.2,0.));
#2962 = VECTOR('',#2963,1.);
#2963 = DIRECTION('',(0.,0.,1.));
#2964 = ORIENTED_EDGE('',*,*,#2965,.T.);
#2965 = EDGE_CURVE('',#2958,#2966,#2968,.T.);
#2966 = VERTEX_POINT('',#2967);
#2967 = CARTESIAN_POINT('',(-1.270530792283,-1.2,0.15));
#2968 = LINE('',#2969,#2970);
#2969 = CARTESIAN_POINT('',(-1.4,-1.2,0.15));
#2970 = VECTOR('',#2971,1.);
#2971 = DIRECTION('',(1.,-1.144237745222E-17,0.));
#2972 = ORIENTED_EDGE('',*,*,#2973,.T.);
#2973 = EDGE_CURVE('',#2966,#2974,#2976,.T.);
#2974 = VERTEX_POINT('',#2975);
#2975 = CARTESIAN_POINT('',(-1.172050016982,-1.2,0.232635182233));
#2976 = CIRCLE('',#2977,0.1);
#2977 = AXIS2_PLACEMENT_3D('',#2978,#2979,#2980);
#2978 = CARTESIAN_POINT('',(-1.270530792283,-1.2,0.25));
#2979 = DIRECTION('',(-1.144237745222E-17,-1.,1.855131475086E-48));
#2980 = DIRECTION('',(-2.22044604925E-15,2.540718180781E-32,-1.));
#2981 = ORIENTED_EDGE('',*,*,#2982,.T.);
#2982 = EDGE_CURVE('',#2974,#2983,#2985,.T.);
#2983 = VERTEX_POINT('',#2984);
#2984 = CARTESIAN_POINT('',(-1.096201938253,-1.2,0.693412044417));
#2985 = LINE('',#2986,#2987);
#2986 = CARTESIAN_POINT('',(-1.172050016982,-1.2,0.232635182233));
#2987 = VECTOR('',#2988,1.);
#2988 = DIRECTION('',(0.162423314012,-1.858508865964E-18,0.986721169868)
  );
#2989 = ORIENTED_EDGE('',*,*,#2990,.T.);
#2990 = EDGE_CURVE('',#2983,#2991,#2993,.T.);
#2991 = VERTEX_POINT('',#2992);
#2992 = CARTESIAN_POINT('',(-0.85,-1.2,0.9));
#2993 = CIRCLE('',#2994,0.25);
#2994 = AXIS2_PLACEMENT_3D('',#2995,#2996,#2997);
#2995 = CARTESIAN_POINT('',(-0.85,-1.2,0.65));
#2996 = DIRECTION('',(1.144237745222E-17,1.,8.679168028915E-34));
#2997 = DIRECTION('',(-0.984807753012,1.126854202784E-17,0.173648177667)
  );
#2998 = ORIENTED_EDGE('',*,*,#2999,.T.);
#2999 = EDGE_CURVE('',#2991,#2199,#3000,.T.);
#3000 = LINE('',#3001,#3002);
#3001 = CARTESIAN_POINT('',(-0.85,-1.2,0.9));
#3002 = VECTOR('',#3003,1.);
#3003 = DIRECTION('',(1.,-1.144237745222E-17,0.));
#3004 = PLANE('',#3005);
#3005 = AXIS2_PLACEMENT_3D('',#3006,#3007,#3008);
#3006 = CARTESIAN_POINT('',(-1.069123385139,-1.2,0.441695635315));
#3007 = DIRECTION('',(1.144237745222E-17,1.,0.));
#3008 = DIRECTION('',(0.,-0.,1.));
#3009 = ADVANCED_FACE('',(#3010),#3029,.F.);
#3010 = FACE_BOUND('',#3011,.F.);
#3011 = EDGE_LOOP('',(#3012,#3013,#3022,#3028));
#3012 = ORIENTED_EDGE('',*,*,#2237,.T.);
#3013 = ORIENTED_EDGE('',*,*,#3014,.T.);
#3014 = EDGE_CURVE('',#2230,#3015,#3017,.T.);
#3015 = VERTEX_POINT('',#3016);
#3016 = CARTESIAN_POINT('',(-0.948480775301,-0.7,0.667364817767));
#3017 = CIRCLE('',#3018,0.1);
#3018 = AXIS2_PLACEMENT_3D('',#3019,#3020,#3021);
#3019 = CARTESIAN_POINT('',(-0.85,-0.7,0.65));
#3020 = DIRECTION('',(-1.144237745222E-17,-1.,0.));
#3021 = DIRECTION('',(0.,0.,1.));
#3022 = ORIENTED_EDGE('',*,*,#3023,.F.);
#3023 = EDGE_CURVE('',#2924,#3015,#3024,.T.);
#3024 = LINE('',#3025,#3026);
#3025 = CARTESIAN_POINT('',(-0.948480775301,-1.2,0.667364817767));
#3026 = VECTOR('',#3027,1.);
#3027 = DIRECTION('',(1.144237745222E-17,1.,0.));
#3028 = ORIENTED_EDGE('',*,*,#2923,.F.);
#3029 = CYLINDRICAL_SURFACE('',#3030,0.1);
#3030 = AXIS2_PLACEMENT_3D('',#3031,#3032,#3033);
#3031 = CARTESIAN_POINT('',(-0.85,-1.2,0.65));
#3032 = DIRECTION('',(-1.144237745222E-17,-1.,0.));
#3033 = DIRECTION('',(0.,0.,1.));
#3034 = ADVANCED_FACE('',(#3035),#3113,.T.);
#3035 = FACE_BOUND('',#3036,.T.);
#3036 = EDGE_LOOP('',(#3037,#3038,#3039,#3040,#3048,#3057,#3065,#3073,
    #3081,#3090,#3098,#3107));
#3037 = ORIENTED_EDGE('',*,*,#2251,.F.);
#3038 = ORIENTED_EDGE('',*,*,#2229,.T.);
#3039 = ORIENTED_EDGE('',*,*,#3014,.T.);
#3040 = ORIENTED_EDGE('',*,*,#3041,.T.);
#3041 = EDGE_CURVE('',#3015,#3042,#3044,.T.);
#3042 = VERTEX_POINT('',#3043);
#3043 = CARTESIAN_POINT('',(-1.02432885403,-0.7,0.206587955583));
#3044 = LINE('',#3045,#3046);
#3045 = CARTESIAN_POINT('',(-0.948480775301,-0.7,0.667364817767));
#3046 = VECTOR('',#3047,1.);
#3047 = DIRECTION('',(-0.162423314012,1.858508865964E-18,-0.986721169868
    ));
#3048 = ORIENTED_EDGE('',*,*,#3049,.T.);
#3049 = EDGE_CURVE('',#3042,#3050,#3052,.T.);
#3050 = VERTEX_POINT('',#3051);
#3051 = CARTESIAN_POINT('',(-1.270530792283,-0.7,0.));
#3052 = CIRCLE('',#3053,0.25);
#3053 = AXIS2_PLACEMENT_3D('',#3054,#3055,#3056);
#3054 = CARTESIAN_POINT('',(-1.270530792283,-0.7,0.25));
#3055 = DIRECTION('',(1.144237745222E-17,1.,1.24725095109E-33));
#3056 = DIRECTION('',(0.984807753012,-1.126854202784E-17,-0.173648177667
    ));
#3057 = ORIENTED_EDGE('',*,*,#3058,.T.);
#3058 = EDGE_CURVE('',#3050,#3059,#3061,.T.);
#3059 = VERTEX_POINT('',#3060);
#3060 = CARTESIAN_POINT('',(-1.4,-0.7,0.));
#3061 = LINE('',#3062,#3063);
#3062 = CARTESIAN_POINT('',(-1.270530792283,-0.7,0.));
#3063 = VECTOR('',#3064,1.);
#3064 = DIRECTION('',(-1.,1.144237745222E-17,0.));
#3065 = ORIENTED_EDGE('',*,*,#3066,.T.);
#3066 = EDGE_CURVE('',#3059,#3067,#3069,.T.);
#3067 = VERTEX_POINT('',#3068);
#3068 = CARTESIAN_POINT('',(-1.4,-0.7,0.15));
#3069 = LINE('',#3070,#3071);
#3070 = CARTESIAN_POINT('',(-1.4,-0.7,0.));
#3071 = VECTOR('',#3072,1.);
#3072 = DIRECTION('',(0.,0.,1.));
#3073 = ORIENTED_EDGE('',*,*,#3074,.T.);
#3074 = EDGE_CURVE('',#3067,#3075,#3077,.T.);
#3075 = VERTEX_POINT('',#3076);
#3076 = CARTESIAN_POINT('',(-1.270530792283,-0.7,0.15));
#3077 = LINE('',#3078,#3079);
#3078 = CARTESIAN_POINT('',(-1.4,-0.7,0.15));
#3079 = VECTOR('',#3080,1.);
#3080 = DIRECTION('',(1.,-1.144237745222E-17,0.));
#3081 = ORIENTED_EDGE('',*,*,#3082,.T.);
#3082 = EDGE_CURVE('',#3075,#3083,#3085,.T.);
#3083 = VERTEX_POINT('',#3084);
#3084 = CARTESIAN_POINT('',(-1.172050016982,-0.7,0.232635182233));
#3085 = CIRCLE('',#3086,0.1);
#3086 = AXIS2_PLACEMENT_3D('',#3087,#3088,#3089);
#3087 = CARTESIAN_POINT('',(-1.270530792283,-0.7,0.25));
#3088 = DIRECTION('',(-1.144237745222E-17,-1.,1.855131475086E-48));
#3089 = DIRECTION('',(-2.22044604925E-15,2.540718180781E-32,-1.));
#3090 = ORIENTED_EDGE('',*,*,#3091,.T.);
#3091 = EDGE_CURVE('',#3083,#3092,#3094,.T.);
#3092 = VERTEX_POINT('',#3093);
#3093 = CARTESIAN_POINT('',(-1.096201938253,-0.7,0.693412044417));
#3094 = LINE('',#3095,#3096);
#3095 = CARTESIAN_POINT('',(-1.172050016982,-0.7,0.232635182233));
#3096 = VECTOR('',#3097,1.);
#3097 = DIRECTION('',(0.162423314012,-1.858508865964E-18,0.986721169868)
  );
#3098 = ORIENTED_EDGE('',*,*,#3099,.T.);
#3099 = EDGE_CURVE('',#3092,#3100,#3102,.T.);
#3100 = VERTEX_POINT('',#3101);
#3101 = CARTESIAN_POINT('',(-0.85,-0.7,0.9));
#3102 = CIRCLE('',#3103,0.25);
#3103 = AXIS2_PLACEMENT_3D('',#3104,#3105,#3106);
#3104 = CARTESIAN_POINT('',(-0.85,-0.7,0.65));
#3105 = DIRECTION('',(1.144237745222E-17,1.,8.679168028915E-34));
#3106 = DIRECTION('',(-0.984807753012,1.126854202784E-17,0.173648177667)
  );
#3107 = ORIENTED_EDGE('',*,*,#3108,.T.);
#3108 = EDGE_CURVE('',#3100,#2252,#3109,.T.);
#3109 = LINE('',#3110,#3111);
#3110 = CARTESIAN_POINT('',(-0.85,-0.7,0.9));
#3111 = VECTOR('',#3112,1.);
#3112 = DIRECTION('',(1.,-1.144237745222E-17,0.));
#3113 = PLANE('',#3114);
#3114 = AXIS2_PLACEMENT_3D('',#3115,#3116,#3117);
#3115 = CARTESIAN_POINT('',(-1.069123385139,-0.7,0.441695635315));
#3116 = DIRECTION('',(1.144237745222E-17,1.,0.));
#3117 = DIRECTION('',(0.,-0.,1.));
#3118 = ADVANCED_FACE('',(#3119),#3135,.F.);
#3119 = FACE_BOUND('',#3120,.F.);
#3120 = EDGE_LOOP('',(#3121,#3122,#3128,#3129));
#3121 = ORIENTED_EDGE('',*,*,#2268,.T.);
#3122 = ORIENTED_EDGE('',*,*,#3123,.T.);
#3123 = EDGE_CURVE('',#2261,#2659,#3124,.T.);
#3124 = LINE('',#3125,#3126);
#3125 = CARTESIAN_POINT('',(-0.85,-0.25,0.9));
#3126 = VECTOR('',#3127,1.);
#3127 = DIRECTION('',(1.,-1.144237745222E-17,0.));
#3128 = ORIENTED_EDGE('',*,*,#2658,.F.);
#3129 = ORIENTED_EDGE('',*,*,#3130,.F.);
#3130 = EDGE_CURVE('',#2252,#2651,#3131,.T.);
#3131 = LINE('',#3132,#3133);
#3132 = CARTESIAN_POINT('',(-0.85,-0.7,0.9));
#3133 = VECTOR('',#3134,1.);
#3134 = DIRECTION('',(1.,-1.144237745222E-17,0.));
#3135 = PLANE('',#3136);
#3136 = AXIS2_PLACEMENT_3D('',#3137,#3138,#3139);
#3137 = CARTESIAN_POINT('',(-2.091417030376E-16,1.4375,0.9));
#3138 = DIRECTION('',(4.595758349624E-18,6.551522493592E-27,-1.));
#3139 = DIRECTION('',(1.,1.51922136901E-16,4.595758349624E-18));
#3140 = ADVANCED_FACE('',(#3141),#3227,.F.);
#3141 = FACE_BOUND('',#3142,.F.);
#3142 = EDGE_LOOP('',(#3143,#3144,#3145,#3154,#3162,#3171,#3179,#3187,
    #3195,#3204,#3212,#3221));
#3143 = ORIENTED_EDGE('',*,*,#2260,.F.);
#3144 = ORIENTED_EDGE('',*,*,#2282,.T.);
#3145 = ORIENTED_EDGE('',*,*,#3146,.T.);
#3146 = EDGE_CURVE('',#2283,#3147,#3149,.T.);
#3147 = VERTEX_POINT('',#3148);
#3148 = CARTESIAN_POINT('',(-0.948480775301,-0.25,0.667364817767));
#3149 = CIRCLE('',#3150,0.1);
#3150 = AXIS2_PLACEMENT_3D('',#3151,#3152,#3153);
#3151 = CARTESIAN_POINT('',(-0.85,-0.25,0.65));
#3152 = DIRECTION('',(-1.144237745222E-17,-1.,0.));
#3153 = DIRECTION('',(0.,0.,1.));
#3154 = ORIENTED_EDGE('',*,*,#3155,.T.);
#3155 = EDGE_CURVE('',#3147,#3156,#3158,.T.);
#3156 = VERTEX_POINT('',#3157);
#3157 = CARTESIAN_POINT('',(-1.02432885403,-0.25,0.206587955583));
#3158 = LINE('',#3159,#3160);
#3159 = CARTESIAN_POINT('',(-0.948480775301,-0.25,0.667364817767));
#3160 = VECTOR('',#3161,1.);
#3161 = DIRECTION('',(-0.162423314012,1.858508865964E-18,-0.986721169868
    ));
#3162 = ORIENTED_EDGE('',*,*,#3163,.T.);
#3163 = EDGE_CURVE('',#3156,#3164,#3166,.T.);
#3164 = VERTEX_POINT('',#3165);
#3165 = CARTESIAN_POINT('',(-1.270530792283,-0.25,0.));
#3166 = CIRCLE('',#3167,0.25);
#3167 = AXIS2_PLACEMENT_3D('',#3168,#3169,#3170);
#3168 = CARTESIAN_POINT('',(-1.270530792283,-0.25,0.25));
#3169 = DIRECTION('',(1.144237745222E-17,1.,1.24725095109E-33));
#3170 = DIRECTION('',(0.984807753012,-1.126854202784E-17,-0.173648177667
    ));
#3171 = ORIENTED_EDGE('',*,*,#3172,.T.);
#3172 = EDGE_CURVE('',#3164,#3173,#3175,.T.);
#3173 = VERTEX_POINT('',#3174);
#3174 = CARTESIAN_POINT('',(-1.4,-0.25,0.));
#3175 = LINE('',#3176,#3177);
#3176 = CARTESIAN_POINT('',(-1.270530792283,-0.25,0.));
#3177 = VECTOR('',#3178,1.);
#3178 = DIRECTION('',(-1.,1.144237745222E-17,0.));
#3179 = ORIENTED_EDGE('',*,*,#3180,.T.);
#3180 = EDGE_CURVE('',#3173,#3181,#3183,.T.);
#3181 = VERTEX_POINT('',#3182);
#3182 = CARTESIAN_POINT('',(-1.4,-0.25,0.15));
#3183 = LINE('',#3184,#3185);
#3184 = CARTESIAN_POINT('',(-1.4,-0.25,0.));
#3185 = VECTOR('',#3186,1.);
#3186 = DIRECTION('',(0.,0.,1.));
#3187 = ORIENTED_EDGE('',*,*,#3188,.T.);
#3188 = EDGE_CURVE('',#3181,#3189,#3191,.T.);
#3189 = VERTEX_POINT('',#3190);
#3190 = CARTESIAN_POINT('',(-1.270530792283,-0.25,0.15));
#3191 = LINE('',#3192,#3193);
#3192 = CARTESIAN_POINT('',(-1.4,-0.25,0.15));
#3193 = VECTOR('',#3194,1.);
#3194 = DIRECTION('',(1.,-1.144237745222E-17,0.));
#3195 = ORIENTED_EDGE('',*,*,#3196,.T.);
#3196 = EDGE_CURVE('',#3189,#3197,#3199,.T.);
#3197 = VERTEX_POINT('',#3198);
#3198 = CARTESIAN_POINT('',(-1.172050016982,-0.25,0.232635182233));
#3199 = CIRCLE('',#3200,0.1);
#3200 = AXIS2_PLACEMENT_3D('',#3201,#3202,#3203);
#3201 = CARTESIAN_POINT('',(-1.270530792283,-0.25,0.25));
#3202 = DIRECTION('',(-1.144237745222E-17,-1.,1.855131475086E-48));
#3203 = DIRECTION('',(-2.22044604925E-15,2.540718180781E-32,-1.));
#3204 = ORIENTED_EDGE('',*,*,#3205,.T.);
#3205 = EDGE_CURVE('',#3197,#3206,#3208,.T.);
#3206 = VERTEX_POINT('',#3207);
#3207 = CARTESIAN_POINT('',(-1.096201938253,-0.25,0.693412044417));
#3208 = LINE('',#3209,#3210);
#3209 = CARTESIAN_POINT('',(-1.172050016982,-0.25,0.232635182233));
#3210 = VECTOR('',#3211,1.);
#3211 = DIRECTION('',(0.162423314012,-1.858508865964E-18,0.986721169868)
  );
#3212 = ORIENTED_EDGE('',*,*,#3213,.T.);
#3213 = EDGE_CURVE('',#3206,#3214,#3216,.T.);
#3214 = VERTEX_POINT('',#3215);
#3215 = CARTESIAN_POINT('',(-0.85,-0.25,0.9));
#3216 = CIRCLE('',#3217,0.25);
#3217 = AXIS2_PLACEMENT_3D('',#3218,#3219,#3220);
#3218 = CARTESIAN_POINT('',(-0.85,-0.25,0.65));
#3219 = DIRECTION('',(1.144237745222E-17,1.,8.679168028915E-34));
#3220 = DIRECTION('',(-0.984807753012,1.126854202784E-17,0.173648177667)
  );
#3221 = ORIENTED_EDGE('',*,*,#3222,.T.);
#3222 = EDGE_CURVE('',#3214,#2261,#3223,.T.);
#3223 = LINE('',#3224,#3225);
#3224 = CARTESIAN_POINT('',(-0.85,-0.25,0.9));
#3225 = VECTOR('',#3226,1.);
#3226 = DIRECTION('',(1.,-1.144237745222E-17,0.));
#3227 = PLANE('',#3228);
#3228 = AXIS2_PLACEMENT_3D('',#3229,#3230,#3231);
#3229 = CARTESIAN_POINT('',(-1.069123385139,-0.25,0.441695635315));
#3230 = DIRECTION('',(1.144237745222E-17,1.,0.));
#3231 = DIRECTION('',(0.,-0.,1.));
#3232 = ADVANCED_FACE('',(#3233),#3252,.F.);
#3233 = FACE_BOUND('',#3234,.F.);
#3234 = EDGE_LOOP('',(#3235,#3236,#3245,#3251));
#3235 = ORIENTED_EDGE('',*,*,#2299,.T.);
#3236 = ORIENTED_EDGE('',*,*,#3237,.T.);
#3237 = EDGE_CURVE('',#2292,#3238,#3240,.T.);
#3238 = VERTEX_POINT('',#3239);
#3239 = CARTESIAN_POINT('',(-0.948480775301,0.25,0.667364817767));
#3240 = CIRCLE('',#3241,0.1);
#3241 = AXIS2_PLACEMENT_3D('',#3242,#3243,#3244);
#3242 = CARTESIAN_POINT('',(-0.85,0.25,0.65));
#3243 = DIRECTION('',(-1.144237745222E-17,-1.,0.));
#3244 = DIRECTION('',(0.,0.,1.));
#3245 = ORIENTED_EDGE('',*,*,#3246,.F.);
#3246 = EDGE_CURVE('',#3147,#3238,#3247,.T.);
#3247 = LINE('',#3248,#3249);
#3248 = CARTESIAN_POINT('',(-0.948480775301,-0.25,0.667364817767));
#3249 = VECTOR('',#3250,1.);
#3250 = DIRECTION('',(1.144237745222E-17,1.,0.));
#3251 = ORIENTED_EDGE('',*,*,#3146,.F.);
#3252 = CYLINDRICAL_SURFACE('',#3253,0.1);
#3253 = AXIS2_PLACEMENT_3D('',#3254,#3255,#3256);
#3254 = CARTESIAN_POINT('',(-0.85,-0.25,0.65));
#3255 = DIRECTION('',(-1.144237745222E-17,-1.,0.));
#3256 = DIRECTION('',(0.,0.,1.));
#3257 = ADVANCED_FACE('',(#3258),#3336,.T.);
#3258 = FACE_BOUND('',#3259,.T.);
#3259 = EDGE_LOOP('',(#3260,#3261,#3262,#3263,#3271,#3280,#3288,#3296,
    #3304,#3313,#3321,#3330));
#3260 = ORIENTED_EDGE('',*,*,#2313,.F.);
#3261 = ORIENTED_EDGE('',*,*,#2291,.T.);
#3262 = ORIENTED_EDGE('',*,*,#3237,.T.);
#3263 = ORIENTED_EDGE('',*,*,#3264,.T.);
#3264 = EDGE_CURVE('',#3238,#3265,#3267,.T.);
#3265 = VERTEX_POINT('',#3266);
#3266 = CARTESIAN_POINT('',(-1.02432885403,0.25,0.206587955583));
#3267 = LINE('',#3268,#3269);
#3268 = CARTESIAN_POINT('',(-0.948480775301,0.25,0.667364817767));
#3269 = VECTOR('',#3270,1.);
#3270 = DIRECTION('',(-0.162423314012,1.858508865964E-18,-0.986721169868
    ));
#3271 = ORIENTED_EDGE('',*,*,#3272,.T.);
#3272 = EDGE_CURVE('',#3265,#3273,#3275,.T.);
#3273 = VERTEX_POINT('',#3274);
#3274 = CARTESIAN_POINT('',(-1.270530792283,0.25,0.));
#3275 = CIRCLE('',#3276,0.25);
#3276 = AXIS2_PLACEMENT_3D('',#3277,#3278,#3279);
#3277 = CARTESIAN_POINT('',(-1.270530792283,0.25,0.25));
#3278 = DIRECTION('',(1.144237745222E-17,1.,1.24725095109E-33));
#3279 = DIRECTION('',(0.984807753012,-1.126854202784E-17,-0.173648177667
    ));
#3280 = ORIENTED_EDGE('',*,*,#3281,.T.);
#3281 = EDGE_CURVE('',#3273,#3282,#3284,.T.);
#3282 = VERTEX_POINT('',#3283);
#3283 = CARTESIAN_POINT('',(-1.4,0.25,0.));
#3284 = LINE('',#3285,#3286);
#3285 = CARTESIAN_POINT('',(-1.270530792283,0.25,0.));
#3286 = VECTOR('',#3287,1.);
#3287 = DIRECTION('',(-1.,1.144237745222E-17,0.));
#3288 = ORIENTED_EDGE('',*,*,#3289,.T.);
#3289 = EDGE_CURVE('',#3282,#3290,#3292,.T.);
#3290 = VERTEX_POINT('',#3291);
#3291 = CARTESIAN_POINT('',(-1.4,0.25,0.15));
#3292 = LINE('',#3293,#3294);
#3293 = CARTESIAN_POINT('',(-1.4,0.25,0.));
#3294 = VECTOR('',#3295,1.);
#3295 = DIRECTION('',(0.,0.,1.));
#3296 = ORIENTED_EDGE('',*,*,#3297,.T.);
#3297 = EDGE_CURVE('',#3290,#3298,#3300,.T.);
#3298 = VERTEX_POINT('',#3299);
#3299 = CARTESIAN_POINT('',(-1.270530792283,0.25,0.15));
#3300 = LINE('',#3301,#3302);
#3301 = CARTESIAN_POINT('',(-1.4,0.25,0.15));
#3302 = VECTOR('',#3303,1.);
#3303 = DIRECTION('',(1.,-1.144237745222E-17,0.));
#3304 = ORIENTED_EDGE('',*,*,#3305,.T.);
#3305 = EDGE_CURVE('',#3298,#3306,#3308,.T.);
#3306 = VERTEX_POINT('',#3307);
#3307 = CARTESIAN_POINT('',(-1.172050016982,0.25,0.232635182233));
#3308 = CIRCLE('',#3309,0.1);
#3309 = AXIS2_PLACEMENT_3D('',#3310,#3311,#3312);
#3310 = CARTESIAN_POINT('',(-1.270530792283,0.25,0.25));
#3311 = DIRECTION('',(-1.144237745222E-17,-1.,1.855131475086E-48));
#3312 = DIRECTION('',(-2.22044604925E-15,2.540718180781E-32,-1.));
#3313 = ORIENTED_EDGE('',*,*,#3314,.T.);
#3314 = EDGE_CURVE('',#3306,#3315,#3317,.T.);
#3315 = VERTEX_POINT('',#3316);
#3316 = CARTESIAN_POINT('',(-1.096201938253,0.25,0.693412044417));
#3317 = LINE('',#3318,#3319);
#3318 = CARTESIAN_POINT('',(-1.172050016982,0.25,0.232635182233));
#3319 = VECTOR('',#3320,1.);
#3320 = DIRECTION('',(0.162423314012,-1.858508865964E-18,0.986721169868)
  );
#3321 = ORIENTED_EDGE('',*,*,#3322,.T.);
#3322 = EDGE_CURVE('',#3315,#3323,#3325,.T.);
#3323 = VERTEX_POINT('',#3324);
#3324 = CARTESIAN_POINT('',(-0.85,0.25,0.9));
#3325 = CIRCLE('',#3326,0.25);
#3326 = AXIS2_PLACEMENT_3D('',#3327,#3328,#3329);
#3327 = CARTESIAN_POINT('',(-0.85,0.25,0.65));
#3328 = DIRECTION('',(1.144237745222E-17,1.,8.679168028915E-34));
#3329 = DIRECTION('',(-0.984807753012,1.126854202784E-17,0.173648177667)
  );
#3330 = ORIENTED_EDGE('',*,*,#3331,.T.);
#3331 = EDGE_CURVE('',#3323,#2314,#3332,.T.);
#3332 = LINE('',#3333,#3334);
#3333 = CARTESIAN_POINT('',(-0.85,0.25,0.9));
#3334 = VECTOR('',#3335,1.);
#3335 = DIRECTION('',(1.,-1.144237745222E-17,0.));
#3336 = PLANE('',#3337);
#3337 = AXIS2_PLACEMENT_3D('',#3338,#3339,#3340);
#3338 = CARTESIAN_POINT('',(-1.069123385139,0.25,0.441695635315));
#3339 = DIRECTION('',(1.144237745222E-17,1.,0.));
#3340 = DIRECTION('',(0.,-0.,1.));
#3341 = ADVANCED_FACE('',(#3342),#3353,.F.);
#3342 = FACE_BOUND('',#3343,.F.);
#3343 = EDGE_LOOP('',(#3344,#3345,#3346,#3347));
#3344 = ORIENTED_EDGE('',*,*,#2330,.T.);
#3345 = ORIENTED_EDGE('',*,*,#2626,.T.);
#3346 = ORIENTED_EDGE('',*,*,#2674,.F.);
#3347 = ORIENTED_EDGE('',*,*,#3348,.F.);
#3348 = EDGE_CURVE('',#2314,#2667,#3349,.T.);
#3349 = LINE('',#3350,#3351);
#3350 = CARTESIAN_POINT('',(-0.85,0.25,0.9));
#3351 = VECTOR('',#3352,1.);
#3352 = DIRECTION('',(1.,-1.144237745222E-17,0.));
#3353 = PLANE('',#3354);
#3354 = AXIS2_PLACEMENT_3D('',#3355,#3356,#3357);
#3355 = CARTESIAN_POINT('',(-2.091417030376E-16,1.4375,0.9));
#3356 = DIRECTION('',(4.595758349624E-18,6.551522493592E-27,-1.));
#3357 = DIRECTION('',(1.,1.51922136901E-16,4.595758349624E-18));
#3358 = ADVANCED_FACE('',(#3359),#3438,.F.);
#3359 = FACE_BOUND('',#3360,.F.);
#3360 = EDGE_LOOP('',(#3361,#3362,#3363,#3372,#3380,#3389,#3397,#3405,
    #3413,#3422,#3430,#3437));
#3361 = ORIENTED_EDGE('',*,*,#2322,.F.);
#3362 = ORIENTED_EDGE('',*,*,#2344,.T.);
#3363 = ORIENTED_EDGE('',*,*,#3364,.T.);
#3364 = EDGE_CURVE('',#2345,#3365,#3367,.T.);
#3365 = VERTEX_POINT('',#3366);
#3366 = CARTESIAN_POINT('',(-0.948480775301,0.7,0.667364817767));
#3367 = CIRCLE('',#3368,0.1);
#3368 = AXIS2_PLACEMENT_3D('',#3369,#3370,#3371);
#3369 = CARTESIAN_POINT('',(-0.85,0.7,0.65));
#3370 = DIRECTION('',(-1.144237745222E-17,-1.,0.));
#3371 = DIRECTION('',(0.,0.,1.));
#3372 = ORIENTED_EDGE('',*,*,#3373,.T.);
#3373 = EDGE_CURVE('',#3365,#3374,#3376,.T.);
#3374 = VERTEX_POINT('',#3375);
#3375 = CARTESIAN_POINT('',(-1.02432885403,0.7,0.206587955583));
#3376 = LINE('',#3377,#3378);
#3377 = CARTESIAN_POINT('',(-0.948480775301,0.7,0.667364817767));
#3378 = VECTOR('',#3379,1.);
#3379 = DIRECTION('',(-0.162423314012,1.858508865964E-18,-0.986721169868
    ));
#3380 = ORIENTED_EDGE('',*,*,#3381,.T.);
#3381 = EDGE_CURVE('',#3374,#3382,#3384,.T.);
#3382 = VERTEX_POINT('',#3383);
#3383 = CARTESIAN_POINT('',(-1.270530792283,0.7,0.));
#3384 = CIRCLE('',#3385,0.25);
#3385 = AXIS2_PLACEMENT_3D('',#3386,#3387,#3388);
#3386 = CARTESIAN_POINT('',(-1.270530792283,0.7,0.25));
#3387 = DIRECTION('',(1.144237745222E-17,1.,1.24725095109E-33));
#3388 = DIRECTION('',(0.984807753012,-1.126854202784E-17,-0.173648177667
    ));
#3389 = ORIENTED_EDGE('',*,*,#3390,.T.);
#3390 = EDGE_CURVE('',#3382,#3391,#3393,.T.);
#3391 = VERTEX_POINT('',#3392);
#3392 = CARTESIAN_POINT('',(-1.4,0.7,0.));
#3393 = LINE('',#3394,#3395);
#3394 = CARTESIAN_POINT('',(-1.270530792283,0.7,0.));
#3395 = VECTOR('',#3396,1.);
#3396 = DIRECTION('',(-1.,1.144237745222E-17,0.));
#3397 = ORIENTED_EDGE('',*,*,#3398,.T.);
#3398 = EDGE_CURVE('',#3391,#3399,#3401,.T.);
#3399 = VERTEX_POINT('',#3400);
#3400 = CARTESIAN_POINT('',(-1.4,0.7,0.15));
#3401 = LINE('',#3402,#3403);
#3402 = CARTESIAN_POINT('',(-1.4,0.7,0.));
#3403 = VECTOR('',#3404,1.);
#3404 = DIRECTION('',(0.,0.,1.));
#3405 = ORIENTED_EDGE('',*,*,#3406,.T.);
#3406 = EDGE_CURVE('',#3399,#3407,#3409,.T.);
#3407 = VERTEX_POINT('',#3408);
#3408 = CARTESIAN_POINT('',(-1.270530792283,0.7,0.15));
#3409 = LINE('',#3410,#3411);
#3410 = CARTESIAN_POINT('',(-1.4,0.7,0.15));
#3411 = VECTOR('',#3412,1.);
#3412 = DIRECTION('',(1.,-1.144237745222E-17,0.));
#3413 = ORIENTED_EDGE('',*,*,#3414,.T.);
#3414 = EDGE_CURVE('',#3407,#3415,#3417,.T.);
#3415 = VERTEX_POINT('',#3416);
#3416 = CARTESIAN_POINT('',(-1.172050016982,0.7,0.232635182233));
#3417 = CIRCLE('',#3418,0.1);
#3418 = AXIS2_PLACEMENT_3D('',#3419,#3420,#3421);
#3419 = CARTESIAN_POINT('',(-1.270530792283,0.7,0.25));
#3420 = DIRECTION('',(-1.144237745222E-17,-1.,1.855131475086E-48));
#3421 = DIRECTION('',(-2.22044604925E-15,2.540718180781E-32,-1.));
#3422 = ORIENTED_EDGE('',*,*,#3423,.T.);
#3423 = EDGE_CURVE('',#3415,#3424,#3426,.T.);
#3424 = VERTEX_POINT('',#3425);
#3425 = CARTESIAN_POINT('',(-1.096201938253,0.7,0.693412044417));
#3426 = LINE('',#3427,#3428);
#3427 = CARTESIAN_POINT('',(-1.172050016982,0.7,0.232635182233));
#3428 = VECTOR('',#3429,1.);
#3429 = DIRECTION('',(0.162423314012,-1.858508865964E-18,0.986721169868)
  );
#3430 = ORIENTED_EDGE('',*,*,#3431,.T.);
#3431 = EDGE_CURVE('',#3424,#2596,#3432,.T.);
#3432 = CIRCLE('',#3433,0.25);
#3433 = AXIS2_PLACEMENT_3D('',#3434,#3435,#3436);
#3434 = CARTESIAN_POINT('',(-0.85,0.7,0.65));
#3435 = DIRECTION('',(1.144237745222E-17,1.,8.679168028915E-34));
#3436 = DIRECTION('',(-0.984807753012,1.126854202784E-17,0.173648177667)
  );
#3437 = ORIENTED_EDGE('',*,*,#2595,.T.);
#3438 = PLANE('',#3439);
#3439 = AXIS2_PLACEMENT_3D('',#3440,#3441,#3442);
#3440 = CARTESIAN_POINT('',(-1.069123385139,0.7,0.441695635315));
#3441 = DIRECTION('',(1.144237745222E-17,1.,0.));
#3442 = DIRECTION('',(0.,-0.,1.));
#3443 = ADVANCED_FACE('',(#3444),#3463,.F.);
#3444 = FACE_BOUND('',#3445,.F.);
#3445 = EDGE_LOOP('',(#3446,#3447,#3456,#3462));
#3446 = ORIENTED_EDGE('',*,*,#2361,.T.);
#3447 = ORIENTED_EDGE('',*,*,#3448,.T.);
#3448 = EDGE_CURVE('',#2354,#3449,#3451,.T.);
#3449 = VERTEX_POINT('',#3450);
#3450 = CARTESIAN_POINT('',(-0.948480775301,1.2,0.667364817767));
#3451 = CIRCLE('',#3452,0.1);
#3452 = AXIS2_PLACEMENT_3D('',#3453,#3454,#3455);
#3453 = CARTESIAN_POINT('',(-0.85,1.2,0.65));
#3454 = DIRECTION('',(-1.144237745222E-17,-1.,0.));
#3455 = DIRECTION('',(0.,0.,1.));
#3456 = ORIENTED_EDGE('',*,*,#3457,.F.);
#3457 = EDGE_CURVE('',#3365,#3449,#3458,.T.);
#3458 = LINE('',#3459,#3460);
#3459 = CARTESIAN_POINT('',(-0.948480775301,0.7,0.667364817767));
#3460 = VECTOR('',#3461,1.);
#3461 = DIRECTION('',(1.144237745222E-17,1.,0.));
#3462 = ORIENTED_EDGE('',*,*,#3364,.F.);
#3463 = CYLINDRICAL_SURFACE('',#3464,0.1);
#3464 = AXIS2_PLACEMENT_3D('',#3465,#3466,#3467);
#3465 = CARTESIAN_POINT('',(-0.85,0.7,0.65));
#3466 = DIRECTION('',(-1.144237745222E-17,-1.,0.));
#3467 = DIRECTION('',(0.,0.,1.));
#3468 = ADVANCED_FACE('',(#3469),#3540,.T.);
#3469 = FACE_BOUND('',#3470,.T.);
#3470 = EDGE_LOOP('',(#3471,#3472,#3473,#3474,#3482,#3491,#3499,#3507,
    #3515,#3524,#3532,#3539));
#3471 = ORIENTED_EDGE('',*,*,#2375,.F.);
#3472 = ORIENTED_EDGE('',*,*,#2353,.T.);
#3473 = ORIENTED_EDGE('',*,*,#3448,.T.);
#3474 = ORIENTED_EDGE('',*,*,#3475,.T.);
#3475 = EDGE_CURVE('',#3449,#3476,#3478,.T.);
#3476 = VERTEX_POINT('',#3477);
#3477 = CARTESIAN_POINT('',(-1.02432885403,1.2,0.206587955583));
#3478 = LINE('',#3479,#3480);
#3479 = CARTESIAN_POINT('',(-0.948480775301,1.2,0.667364817767));
#3480 = VECTOR('',#3481,1.);
#3481 = DIRECTION('',(-0.162423314012,1.858508865964E-18,-0.986721169868
    ));
#3482 = ORIENTED_EDGE('',*,*,#3483,.T.);
#3483 = EDGE_CURVE('',#3476,#3484,#3486,.T.);
#3484 = VERTEX_POINT('',#3485);
#3485 = CARTESIAN_POINT('',(-1.270530792283,1.2,0.));
#3486 = CIRCLE('',#3487,0.25);
#3487 = AXIS2_PLACEMENT_3D('',#3488,#3489,#3490);
#3488 = CARTESIAN_POINT('',(-1.270530792283,1.2,0.25));
#3489 = DIRECTION('',(1.144237745222E-17,1.,1.24725095109E-33));
#3490 = DIRECTION('',(0.984807753012,-1.126854202784E-17,-0.173648177667
    ));
#3491 = ORIENTED_EDGE('',*,*,#3492,.T.);
#3492 = EDGE_CURVE('',#3484,#3493,#3495,.T.);
#3493 = VERTEX_POINT('',#3494);
#3494 = CARTESIAN_POINT('',(-1.4,1.2,0.));
#3495 = LINE('',#3496,#3497);
#3496 = CARTESIAN_POINT('',(-1.270530792283,1.2,0.));
#3497 = VECTOR('',#3498,1.);
#3498 = DIRECTION('',(-1.,1.144237745222E-17,0.));
#3499 = ORIENTED_EDGE('',*,*,#3500,.T.);
#3500 = EDGE_CURVE('',#3493,#3501,#3503,.T.);
#3501 = VERTEX_POINT('',#3502);
#3502 = CARTESIAN_POINT('',(-1.4,1.2,0.15));
#3503 = LINE('',#3504,#3505);
#3504 = CARTESIAN_POINT('',(-1.4,1.2,0.));
#3505 = VECTOR('',#3506,1.);
#3506 = DIRECTION('',(0.,0.,1.));
#3507 = ORIENTED_EDGE('',*,*,#3508,.T.);
#3508 = EDGE_CURVE('',#3501,#3509,#3511,.T.);
#3509 = VERTEX_POINT('',#3510);
#3510 = CARTESIAN_POINT('',(-1.270530792283,1.2,0.15));
#3511 = LINE('',#3512,#3513);
#3512 = CARTESIAN_POINT('',(-1.4,1.2,0.15));
#3513 = VECTOR('',#3514,1.);
#3514 = DIRECTION('',(1.,-1.144237745222E-17,0.));
#3515 = ORIENTED_EDGE('',*,*,#3516,.T.);
#3516 = EDGE_CURVE('',#3509,#3517,#3519,.T.);
#3517 = VERTEX_POINT('',#3518);
#3518 = CARTESIAN_POINT('',(-1.172050016982,1.2,0.232635182233));
#3519 = CIRCLE('',#3520,0.1);
#3520 = AXIS2_PLACEMENT_3D('',#3521,#3522,#3523);
#3521 = CARTESIAN_POINT('',(-1.270530792283,1.2,0.25));
#3522 = DIRECTION('',(-1.144237745222E-17,-1.,1.855131475086E-48));
#3523 = DIRECTION('',(-2.22044604925E-15,2.540718180781E-32,-1.));
#3524 = ORIENTED_EDGE('',*,*,#3525,.T.);
#3525 = EDGE_CURVE('',#3517,#3526,#3528,.T.);
#3526 = VERTEX_POINT('',#3527);
#3527 = CARTESIAN_POINT('',(-1.096201938253,1.2,0.693412044417));
#3528 = LINE('',#3529,#3530);
#3529 = CARTESIAN_POINT('',(-1.172050016982,1.2,0.232635182233));
#3530 = VECTOR('',#3531,1.);
#3531 = DIRECTION('',(0.162423314012,-1.858508865964E-18,0.986721169868)
  );
#3532 = ORIENTED_EDGE('',*,*,#3533,.T.);
#3533 = EDGE_CURVE('',#3526,#2604,#3534,.T.);
#3534 = CIRCLE('',#3535,0.25);
#3535 = AXIS2_PLACEMENT_3D('',#3536,#3537,#3538);
#3536 = CARTESIAN_POINT('',(-0.85,1.2,0.65));
#3537 = DIRECTION('',(1.144237745222E-17,1.,8.679168028915E-34));
#3538 = DIRECTION('',(-0.984807753012,1.126854202784E-17,0.173648177667)
  );
#3539 = ORIENTED_EDGE('',*,*,#2611,.T.);
#3540 = PLANE('',#3541);
#3541 = AXIS2_PLACEMENT_3D('',#3542,#3543,#3544);
#3542 = CARTESIAN_POINT('',(-1.069123385139,1.2,0.441695635315));
#3543 = DIRECTION('',(1.144237745222E-17,1.,0.));
#3544 = DIRECTION('',(0.,-0.,1.));
#3545 = ADVANCED_FACE('',(#3546),#3625,.F.);
#3546 = FACE_BOUND('',#3547,.F.);
#3547 = EDGE_LOOP('',(#3548,#3549,#3550,#3559,#3567,#3576,#3584,#3592,
    #3600,#3609,#3617,#3624));
#3548 = ORIENTED_EDGE('',*,*,#2394,.F.);
#3549 = ORIENTED_EDGE('',*,*,#2409,.T.);
#3550 = ORIENTED_EDGE('',*,*,#3551,.T.);
#3551 = EDGE_CURVE('',#2410,#3552,#3554,.T.);
#3552 = VERTEX_POINT('',#3553);
#3553 = CARTESIAN_POINT('',(0.948480775301,1.2,0.667364817767));
#3554 = CIRCLE('',#3555,0.1);
#3555 = AXIS2_PLACEMENT_3D('',#3556,#3557,#3558);
#3556 = CARTESIAN_POINT('',(0.85,1.2,0.65));
#3557 = DIRECTION('',(-1.110223024625E-16,1.,0.));
#3558 = DIRECTION('',(0.,0.,1.));
#3559 = ORIENTED_EDGE('',*,*,#3560,.T.);
#3560 = EDGE_CURVE('',#3552,#3561,#3563,.T.);
#3561 = VERTEX_POINT('',#3562);
#3562 = CARTESIAN_POINT('',(1.02432885403,1.2,0.206587955583));
#3563 = LINE('',#3564,#3565);
#3564 = CARTESIAN_POINT('',(0.948480775301,1.2,0.667364817767));
#3565 = VECTOR('',#3566,1.);
#3566 = DIRECTION('',(0.162423314012,1.803261029519E-17,-0.986721169868)
  );
#3567 = ORIENTED_EDGE('',*,*,#3568,.T.);
#3568 = EDGE_CURVE('',#3561,#3569,#3571,.T.);
#3569 = VERTEX_POINT('',#3570);
#3570 = CARTESIAN_POINT('',(1.270530792283,1.2,0.));
#3571 = CIRCLE('',#3572,0.25);
#3572 = AXIS2_PLACEMENT_3D('',#3573,#3574,#3575);
#3573 = CARTESIAN_POINT('',(1.270530792283,1.2,0.25));
#3574 = DIRECTION('',(1.110223024625E-16,-1.,-6.255634725081E-34));
#3575 = DIRECTION('',(-0.984807753012,-1.093356242223E-16,
    -0.173648177667));
#3576 = ORIENTED_EDGE('',*,*,#3577,.T.);
#3577 = EDGE_CURVE('',#3569,#3578,#3580,.T.);
#3578 = VERTEX_POINT('',#3579);
#3579 = CARTESIAN_POINT('',(1.4,1.2,0.));
#3580 = LINE('',#3581,#3582);
#3581 = CARTESIAN_POINT('',(1.270530792283,1.2,0.));
#3582 = VECTOR('',#3583,1.);
#3583 = DIRECTION('',(1.,1.110223024625E-16,0.));
#3584 = ORIENTED_EDGE('',*,*,#3585,.T.);
#3585 = EDGE_CURVE('',#3578,#3586,#3588,.T.);
#3586 = VERTEX_POINT('',#3587);
#3587 = CARTESIAN_POINT('',(1.4,1.2,0.15));
#3588 = LINE('',#3589,#3590);
#3589 = CARTESIAN_POINT('',(1.4,1.2,0.));
#3590 = VECTOR('',#3591,1.);
#3591 = DIRECTION('',(0.,0.,1.));
#3592 = ORIENTED_EDGE('',*,*,#3593,.T.);
#3593 = EDGE_CURVE('',#3586,#3594,#3596,.T.);
#3594 = VERTEX_POINT('',#3595);
#3595 = CARTESIAN_POINT('',(1.270530792283,1.2,0.15));
#3596 = LINE('',#3597,#3598);
#3597 = CARTESIAN_POINT('',(1.4,1.2,0.15));
#3598 = VECTOR('',#3599,1.);
#3599 = DIRECTION('',(-1.,-1.110223024625E-16,0.));
#3600 = ORIENTED_EDGE('',*,*,#3601,.T.);
#3601 = EDGE_CURVE('',#3594,#3602,#3604,.T.);
#3602 = VERTEX_POINT('',#3603);
#3603 = CARTESIAN_POINT('',(1.172050016982,1.2,0.232635182233));
#3604 = CIRCLE('',#3605,0.1);
#3605 = AXIS2_PLACEMENT_3D('',#3606,#3607,#3608);
#3606 = CARTESIAN_POINT('',(1.270530792283,1.2,0.25));
#3607 = DIRECTION('',(-1.110223024625E-16,1.,-1.094764425744E-47));
#3608 = DIRECTION('',(2.22044604925E-15,2.465190328815E-31,-1.));
#3609 = ORIENTED_EDGE('',*,*,#3610,.T.);
#3610 = EDGE_CURVE('',#3602,#3611,#3613,.T.);
#3611 = VERTEX_POINT('',#3612);
#3612 = CARTESIAN_POINT('',(1.096201938253,1.2,0.693412044417));
#3613 = LINE('',#3614,#3615);
#3614 = CARTESIAN_POINT('',(1.172050016982,1.2,0.232635182233));
#3615 = VECTOR('',#3616,1.);
#3616 = DIRECTION('',(-0.162423314012,-1.803261029519E-17,0.986721169868
    ));
#3617 = ORIENTED_EDGE('',*,*,#3618,.T.);
#3618 = EDGE_CURVE('',#3611,#2835,#3619,.T.);
#3619 = CIRCLE('',#3620,0.25);
#3620 = AXIS2_PLACEMENT_3D('',#3621,#3622,#3623);
#3621 = CARTESIAN_POINT('',(0.85,1.2,0.65));
#3622 = DIRECTION('',(1.110223024625E-16,-1.,-6.255634725081E-34));
#3623 = DIRECTION('',(0.984807753012,1.093356242223E-16,0.173648177667)
  );
#3624 = ORIENTED_EDGE('',*,*,#2834,.T.);
#3625 = PLANE('',#3626);
#3626 = AXIS2_PLACEMENT_3D('',#3627,#3628,#3629);
#3627 = CARTESIAN_POINT('',(1.069123385139,1.2,0.441695635315));
#3628 = DIRECTION('',(1.110223024625E-16,-1.,0.));
#3629 = DIRECTION('',(0.,0.,1.));
#3630 = ADVANCED_FACE('',(#3631),#3650,.F.);
#3631 = FACE_BOUND('',#3632,.F.);
#3632 = EDGE_LOOP('',(#3633,#3634,#3643,#3649));
#3633 = ORIENTED_EDGE('',*,*,#2426,.T.);
#3634 = ORIENTED_EDGE('',*,*,#3635,.T.);
#3635 = EDGE_CURVE('',#2419,#3636,#3638,.T.);
#3636 = VERTEX_POINT('',#3637);
#3637 = CARTESIAN_POINT('',(0.948480775301,0.7,0.667364817767));
#3638 = CIRCLE('',#3639,0.1);
#3639 = AXIS2_PLACEMENT_3D('',#3640,#3641,#3642);
#3640 = CARTESIAN_POINT('',(0.85,0.7,0.65));
#3641 = DIRECTION('',(-1.110223024625E-16,1.,0.));
#3642 = DIRECTION('',(0.,0.,1.));
#3643 = ORIENTED_EDGE('',*,*,#3644,.F.);
#3644 = EDGE_CURVE('',#3552,#3636,#3645,.T.);
#3645 = LINE('',#3646,#3647);
#3646 = CARTESIAN_POINT('',(0.948480775301,1.2,0.667364817767));
#3647 = VECTOR('',#3648,1.);
#3648 = DIRECTION('',(1.110223024625E-16,-1.,0.));
#3649 = ORIENTED_EDGE('',*,*,#3551,.F.);
#3650 = CYLINDRICAL_SURFACE('',#3651,0.1);
#3651 = AXIS2_PLACEMENT_3D('',#3652,#3653,#3654);
#3652 = CARTESIAN_POINT('',(0.85,1.2,0.65));
#3653 = DIRECTION('',(-1.110223024625E-16,1.,0.));
#3654 = DIRECTION('',(0.,0.,1.));
#3655 = ADVANCED_FACE('',(#3656),#3727,.T.);
#3656 = FACE_BOUND('',#3657,.T.);
#3657 = EDGE_LOOP('',(#3658,#3659,#3660,#3661,#3669,#3678,#3686,#3694,
    #3702,#3711,#3719,#3726));
#3658 = ORIENTED_EDGE('',*,*,#2440,.F.);
#3659 = ORIENTED_EDGE('',*,*,#2418,.T.);
#3660 = ORIENTED_EDGE('',*,*,#3635,.T.);
#3661 = ORIENTED_EDGE('',*,*,#3662,.T.);
#3662 = EDGE_CURVE('',#3636,#3663,#3665,.T.);
#3663 = VERTEX_POINT('',#3664);
#3664 = CARTESIAN_POINT('',(1.02432885403,0.7,0.206587955583));
#3665 = LINE('',#3666,#3667);
#3666 = CARTESIAN_POINT('',(0.948480775301,0.7,0.667364817767));
#3667 = VECTOR('',#3668,1.);
#3668 = DIRECTION('',(0.162423314012,1.803261029519E-17,-0.986721169868)
  );
#3669 = ORIENTED_EDGE('',*,*,#3670,.T.);
#3670 = EDGE_CURVE('',#3663,#3671,#3673,.T.);
#3671 = VERTEX_POINT('',#3672);
#3672 = CARTESIAN_POINT('',(1.270530792283,0.7,0.));
#3673 = CIRCLE('',#3674,0.25);
#3674 = AXIS2_PLACEMENT_3D('',#3675,#3676,#3677);
#3675 = CARTESIAN_POINT('',(1.270530792283,0.7,0.25));
#3676 = DIRECTION('',(1.110223024625E-16,-1.,-6.255634725081E-34));
#3677 = DIRECTION('',(-0.984807753012,-1.093356242223E-16,
    -0.173648177667));
#3678 = ORIENTED_EDGE('',*,*,#3679,.T.);
#3679 = EDGE_CURVE('',#3671,#3680,#3682,.T.);
#3680 = VERTEX_POINT('',#3681);
#3681 = CARTESIAN_POINT('',(1.4,0.7,0.));
#3682 = LINE('',#3683,#3684);
#3683 = CARTESIAN_POINT('',(1.270530792283,0.7,0.));
#3684 = VECTOR('',#3685,1.);
#3685 = DIRECTION('',(1.,1.110223024625E-16,0.));
#3686 = ORIENTED_EDGE('',*,*,#3687,.T.);
#3687 = EDGE_CURVE('',#3680,#3688,#3690,.T.);
#3688 = VERTEX_POINT('',#3689);
#3689 = CARTESIAN_POINT('',(1.4,0.7,0.15));
#3690 = LINE('',#3691,#3692);
#3691 = CARTESIAN_POINT('',(1.4,0.7,0.));
#3692 = VECTOR('',#3693,1.);
#3693 = DIRECTION('',(0.,0.,1.));
#3694 = ORIENTED_EDGE('',*,*,#3695,.T.);
#3695 = EDGE_CURVE('',#3688,#3696,#3698,.T.);
#3696 = VERTEX_POINT('',#3697);
#3697 = CARTESIAN_POINT('',(1.270530792283,0.7,0.15));
#3698 = LINE('',#3699,#3700);
#3699 = CARTESIAN_POINT('',(1.4,0.7,0.15));
#3700 = VECTOR('',#3701,1.);
#3701 = DIRECTION('',(-1.,-1.110223024625E-16,0.));
#3702 = ORIENTED_EDGE('',*,*,#3703,.T.);
#3703 = EDGE_CURVE('',#3696,#3704,#3706,.T.);
#3704 = VERTEX_POINT('',#3705);
#3705 = CARTESIAN_POINT('',(1.172050016982,0.7,0.232635182233));
#3706 = CIRCLE('',#3707,0.1);
#3707 = AXIS2_PLACEMENT_3D('',#3708,#3709,#3710);
#3708 = CARTESIAN_POINT('',(1.270530792283,0.7,0.25));
#3709 = DIRECTION('',(-1.110223024625E-16,1.,-1.094764425744E-47));
#3710 = DIRECTION('',(2.22044604925E-15,2.465190328815E-31,-1.));
#3711 = ORIENTED_EDGE('',*,*,#3712,.T.);
#3712 = EDGE_CURVE('',#3704,#3713,#3715,.T.);
#3713 = VERTEX_POINT('',#3714);
#3714 = CARTESIAN_POINT('',(1.096201938253,0.7,0.693412044417));
#3715 = LINE('',#3716,#3717);
#3716 = CARTESIAN_POINT('',(1.172050016982,0.7,0.232635182233));
#3717 = VECTOR('',#3718,1.);
#3718 = DIRECTION('',(-0.162423314012,-1.803261029519E-17,0.986721169868
    ));
#3719 = ORIENTED_EDGE('',*,*,#3720,.T.);
#3720 = EDGE_CURVE('',#3713,#2843,#3721,.T.);
#3721 = CIRCLE('',#3722,0.25);
#3722 = AXIS2_PLACEMENT_3D('',#3723,#3724,#3725);
#3723 = CARTESIAN_POINT('',(0.85,0.7,0.65));
#3724 = DIRECTION('',(1.110223024625E-16,-1.,-6.255634725081E-34));
#3725 = DIRECTION('',(0.984807753012,1.093356242223E-16,0.173648177667)
  );
#3726 = ORIENTED_EDGE('',*,*,#2850,.T.);
#3727 = PLANE('',#3728);
#3728 = AXIS2_PLACEMENT_3D('',#3729,#3730,#3731);
#3729 = CARTESIAN_POINT('',(1.069123385139,0.7,0.441695635315));
#3730 = DIRECTION('',(1.110223024625E-16,-1.,0.));
#3731 = DIRECTION('',(0.,0.,1.));
#3732 = ADVANCED_FACE('',(#3733),#3744,.F.);
#3733 = FACE_BOUND('',#3734,.F.);
#3734 = EDGE_LOOP('',(#3735,#3736,#3737,#3743));
#3735 = ORIENTED_EDGE('',*,*,#2856,.F.);
#3736 = ORIENTED_EDGE('',*,*,#2457,.T.);
#3737 = ORIENTED_EDGE('',*,*,#3738,.T.);
#3738 = EDGE_CURVE('',#2450,#2789,#3739,.T.);
#3739 = LINE('',#3740,#3741);
#3740 = CARTESIAN_POINT('',(0.85,-0.7,0.9));
#3741 = VECTOR('',#3742,1.);
#3742 = DIRECTION('',(-1.,-1.110223024625E-16,0.));
#3743 = ORIENTED_EDGE('',*,*,#2788,.F.);
#3744 = PLANE('',#3745);
#3745 = AXIS2_PLACEMENT_3D('',#3746,#3747,#3748);
#3746 = CARTESIAN_POINT('',(-2.091417030376E-16,1.4375,0.9));
#3747 = DIRECTION('',(4.595758349624E-18,6.551522493592E-27,-1.));
#3748 = DIRECTION('',(1.,1.51922136901E-16,4.595758349624E-18));
#3749 = ADVANCED_FACE('',(#3750),#3836,.F.);
#3750 = FACE_BOUND('',#3751,.F.);
#3751 = EDGE_LOOP('',(#3752,#3753,#3754,#3763,#3771,#3780,#3788,#3796,
    #3804,#3813,#3821,#3830));
#3752 = ORIENTED_EDGE('',*,*,#2449,.F.);
#3753 = ORIENTED_EDGE('',*,*,#2471,.T.);
#3754 = ORIENTED_EDGE('',*,*,#3755,.T.);
#3755 = EDGE_CURVE('',#2472,#3756,#3758,.T.);
#3756 = VERTEX_POINT('',#3757);
#3757 = CARTESIAN_POINT('',(0.948480775301,-0.7,0.667364817767));
#3758 = CIRCLE('',#3759,0.1);
#3759 = AXIS2_PLACEMENT_3D('',#3760,#3761,#3762);
#3760 = CARTESIAN_POINT('',(0.85,-0.7,0.65));
#3761 = DIRECTION('',(-1.110223024625E-16,1.,0.));
#3762 = DIRECTION('',(0.,0.,1.));
#3763 = ORIENTED_EDGE('',*,*,#3764,.T.);
#3764 = EDGE_CURVE('',#3756,#3765,#3767,.T.);
#3765 = VERTEX_POINT('',#3766);
#3766 = CARTESIAN_POINT('',(1.02432885403,-0.7,0.206587955583));
#3767 = LINE('',#3768,#3769);
#3768 = CARTESIAN_POINT('',(0.948480775301,-0.7,0.667364817767));
#3769 = VECTOR('',#3770,1.);
#3770 = DIRECTION('',(0.162423314012,1.803261029519E-17,-0.986721169868)
  );
#3771 = ORIENTED_EDGE('',*,*,#3772,.T.);
#3772 = EDGE_CURVE('',#3765,#3773,#3775,.T.);
#3773 = VERTEX_POINT('',#3774);
#3774 = CARTESIAN_POINT('',(1.270530792283,-0.7,0.));
#3775 = CIRCLE('',#3776,0.25);
#3776 = AXIS2_PLACEMENT_3D('',#3777,#3778,#3779);
#3777 = CARTESIAN_POINT('',(1.270530792283,-0.7,0.25));
#3778 = DIRECTION('',(1.110223024625E-16,-1.,-6.255634725081E-34));
#3779 = DIRECTION('',(-0.984807753012,-1.093356242223E-16,
    -0.173648177667));
#3780 = ORIENTED_EDGE('',*,*,#3781,.T.);
#3781 = EDGE_CURVE('',#3773,#3782,#3784,.T.);
#3782 = VERTEX_POINT('',#3783);
#3783 = CARTESIAN_POINT('',(1.4,-0.7,0.));
#3784 = LINE('',#3785,#3786);
#3785 = CARTESIAN_POINT('',(1.270530792283,-0.7,0.));
#3786 = VECTOR('',#3787,1.);
#3787 = DIRECTION('',(1.,1.110223024625E-16,0.));
#3788 = ORIENTED_EDGE('',*,*,#3789,.T.);
#3789 = EDGE_CURVE('',#3782,#3790,#3792,.T.);
#3790 = VERTEX_POINT('',#3791);
#3791 = CARTESIAN_POINT('',(1.4,-0.7,0.15));
#3792 = LINE('',#3793,#3794);
#3793 = CARTESIAN_POINT('',(1.4,-0.7,0.));
#3794 = VECTOR('',#3795,1.);
#3795 = DIRECTION('',(0.,0.,1.));
#3796 = ORIENTED_EDGE('',*,*,#3797,.T.);
#3797 = EDGE_CURVE('',#3790,#3798,#3800,.T.);
#3798 = VERTEX_POINT('',#3799);
#3799 = CARTESIAN_POINT('',(1.270530792283,-0.7,0.15));
#3800 = LINE('',#3801,#3802);
#3801 = CARTESIAN_POINT('',(1.4,-0.7,0.15));
#3802 = VECTOR('',#3803,1.);
#3803 = DIRECTION('',(-1.,-1.110223024625E-16,0.));
#3804 = ORIENTED_EDGE('',*,*,#3805,.T.);
#3805 = EDGE_CURVE('',#3798,#3806,#3808,.T.);
#3806 = VERTEX_POINT('',#3807);
#3807 = CARTESIAN_POINT('',(1.172050016982,-0.7,0.232635182233));
#3808 = CIRCLE('',#3809,0.1);
#3809 = AXIS2_PLACEMENT_3D('',#3810,#3811,#3812);
#3810 = CARTESIAN_POINT('',(1.270530792283,-0.7,0.25));
#3811 = DIRECTION('',(-1.110223024625E-16,1.,-1.094764425744E-47));
#3812 = DIRECTION('',(2.22044604925E-15,2.465190328815E-31,-1.));
#3813 = ORIENTED_EDGE('',*,*,#3814,.T.);
#3814 = EDGE_CURVE('',#3806,#3815,#3817,.T.);
#3815 = VERTEX_POINT('',#3816);
#3816 = CARTESIAN_POINT('',(1.096201938253,-0.7,0.693412044417));
#3817 = LINE('',#3818,#3819);
#3818 = CARTESIAN_POINT('',(1.172050016982,-0.7,0.232635182233));
#3819 = VECTOR('',#3820,1.);
#3820 = DIRECTION('',(-0.162423314012,-1.803261029519E-17,0.986721169868
    ));
#3821 = ORIENTED_EDGE('',*,*,#3822,.T.);
#3822 = EDGE_CURVE('',#3815,#3823,#3825,.T.);
#3823 = VERTEX_POINT('',#3824);
#3824 = CARTESIAN_POINT('',(0.85,-0.7,0.9));
#3825 = CIRCLE('',#3826,0.25);
#3826 = AXIS2_PLACEMENT_3D('',#3827,#3828,#3829);
#3827 = CARTESIAN_POINT('',(0.85,-0.7,0.65));
#3828 = DIRECTION('',(1.110223024625E-16,-1.,-6.255634725081E-34));
#3829 = DIRECTION('',(0.984807753012,1.093356242223E-16,0.173648177667)
  );
#3830 = ORIENTED_EDGE('',*,*,#3831,.T.);
#3831 = EDGE_CURVE('',#3823,#2450,#3832,.T.);
#3832 = LINE('',#3833,#3834);
#3833 = CARTESIAN_POINT('',(0.85,-0.7,0.9));
#3834 = VECTOR('',#3835,1.);
#3835 = DIRECTION('',(-1.,-1.110223024625E-16,0.));
#3836 = PLANE('',#3837);
#3837 = AXIS2_PLACEMENT_3D('',#3838,#3839,#3840);
#3838 = CARTESIAN_POINT('',(1.069123385139,-0.7,0.441695635315));
#3839 = DIRECTION('',(1.110223024625E-16,-1.,0.));
#3840 = DIRECTION('',(0.,0.,1.));
#3841 = ADVANCED_FACE('',(#3842),#3861,.F.);
#3842 = FACE_BOUND('',#3843,.F.);
#3843 = EDGE_LOOP('',(#3844,#3845,#3854,#3860));
#3844 = ORIENTED_EDGE('',*,*,#2488,.T.);
#3845 = ORIENTED_EDGE('',*,*,#3846,.T.);
#3846 = EDGE_CURVE('',#2481,#3847,#3849,.T.);
#3847 = VERTEX_POINT('',#3848);
#3848 = CARTESIAN_POINT('',(0.948480775301,-1.2,0.667364817767));
#3849 = CIRCLE('',#3850,0.1);
#3850 = AXIS2_PLACEMENT_3D('',#3851,#3852,#3853);
#3851 = CARTESIAN_POINT('',(0.85,-1.2,0.65));
#3852 = DIRECTION('',(-1.110223024625E-16,1.,0.));
#3853 = DIRECTION('',(0.,0.,1.));
#3854 = ORIENTED_EDGE('',*,*,#3855,.F.);
#3855 = EDGE_CURVE('',#3756,#3847,#3856,.T.);
#3856 = LINE('',#3857,#3858);
#3857 = CARTESIAN_POINT('',(0.948480775301,-0.7,0.667364817767));
#3858 = VECTOR('',#3859,1.);
#3859 = DIRECTION('',(1.110223024625E-16,-1.,0.));
#3860 = ORIENTED_EDGE('',*,*,#3755,.F.);
#3861 = CYLINDRICAL_SURFACE('',#3862,0.1);
#3862 = AXIS2_PLACEMENT_3D('',#3863,#3864,#3865);
#3863 = CARTESIAN_POINT('',(0.85,-0.7,0.65));
#3864 = DIRECTION('',(-1.110223024625E-16,1.,0.));
#3865 = DIRECTION('',(0.,0.,1.));
#3866 = ADVANCED_FACE('',(#3867),#3945,.T.);
#3867 = FACE_BOUND('',#3868,.T.);
#3868 = EDGE_LOOP('',(#3869,#3870,#3871,#3872,#3880,#3889,#3897,#3905,
    #3913,#3922,#3930,#3939));
#3869 = ORIENTED_EDGE('',*,*,#2502,.F.);
#3870 = ORIENTED_EDGE('',*,*,#2480,.T.);
#3871 = ORIENTED_EDGE('',*,*,#3846,.T.);
#3872 = ORIENTED_EDGE('',*,*,#3873,.T.);
#3873 = EDGE_CURVE('',#3847,#3874,#3876,.T.);
#3874 = VERTEX_POINT('',#3875);
#3875 = CARTESIAN_POINT('',(1.02432885403,-1.2,0.206587955583));
#3876 = LINE('',#3877,#3878);
#3877 = CARTESIAN_POINT('',(0.948480775301,-1.2,0.667364817767));
#3878 = VECTOR('',#3879,1.);
#3879 = DIRECTION('',(0.162423314012,1.803261029519E-17,-0.986721169868)
  );
#3880 = ORIENTED_EDGE('',*,*,#3881,.T.);
#3881 = EDGE_CURVE('',#3874,#3882,#3884,.T.);
#3882 = VERTEX_POINT('',#3883);
#3883 = CARTESIAN_POINT('',(1.270530792283,-1.2,0.));
#3884 = CIRCLE('',#3885,0.25);
#3885 = AXIS2_PLACEMENT_3D('',#3886,#3887,#3888);
#3886 = CARTESIAN_POINT('',(1.270530792283,-1.2,0.25));
#3887 = DIRECTION('',(1.110223024625E-16,-1.,-6.255634725081E-34));
#3888 = DIRECTION('',(-0.984807753012,-1.093356242223E-16,
    -0.173648177667));
#3889 = ORIENTED_EDGE('',*,*,#3890,.T.);
#3890 = EDGE_CURVE('',#3882,#3891,#3893,.T.);
#3891 = VERTEX_POINT('',#3892);
#3892 = CARTESIAN_POINT('',(1.4,-1.2,0.));
#3893 = LINE('',#3894,#3895);
#3894 = CARTESIAN_POINT('',(1.270530792283,-1.2,0.));
#3895 = VECTOR('',#3896,1.);
#3896 = DIRECTION('',(1.,1.110223024625E-16,0.));
#3897 = ORIENTED_EDGE('',*,*,#3898,.T.);
#3898 = EDGE_CURVE('',#3891,#3899,#3901,.T.);
#3899 = VERTEX_POINT('',#3900);
#3900 = CARTESIAN_POINT('',(1.4,-1.2,0.15));
#3901 = LINE('',#3902,#3903);
#3902 = CARTESIAN_POINT('',(1.4,-1.2,0.));
#3903 = VECTOR('',#3904,1.);
#3904 = DIRECTION('',(0.,0.,1.));
#3905 = ORIENTED_EDGE('',*,*,#3906,.T.);
#3906 = EDGE_CURVE('',#3899,#3907,#3909,.T.);
#3907 = VERTEX_POINT('',#3908);
#3908 = CARTESIAN_POINT('',(1.270530792283,-1.2,0.15));
#3909 = LINE('',#3910,#3911);
#3910 = CARTESIAN_POINT('',(1.4,-1.2,0.15));
#3911 = VECTOR('',#3912,1.);
#3912 = DIRECTION('',(-1.,-1.110223024625E-16,0.));
#3913 = ORIENTED_EDGE('',*,*,#3914,.T.);
#3914 = EDGE_CURVE('',#3907,#3915,#3917,.T.);
#3915 = VERTEX_POINT('',#3916);
#3916 = CARTESIAN_POINT('',(1.172050016982,-1.2,0.232635182233));
#3917 = CIRCLE('',#3918,0.1);
#3918 = AXIS2_PLACEMENT_3D('',#3919,#3920,#3921);
#3919 = CARTESIAN_POINT('',(1.270530792283,-1.2,0.25));
#3920 = DIRECTION('',(-1.110223024625E-16,1.,-1.094764425744E-47));
#3921 = DIRECTION('',(2.22044604925E-15,2.465190328815E-31,-1.));
#3922 = ORIENTED_EDGE('',*,*,#3923,.T.);
#3923 = EDGE_CURVE('',#3915,#3924,#3926,.T.);
#3924 = VERTEX_POINT('',#3925);
#3925 = CARTESIAN_POINT('',(1.096201938253,-1.2,0.693412044417));
#3926 = LINE('',#3927,#3928);
#3927 = CARTESIAN_POINT('',(1.172050016982,-1.2,0.232635182233));
#3928 = VECTOR('',#3929,1.);
#3929 = DIRECTION('',(-0.162423314012,-1.803261029519E-17,0.986721169868
    ));
#3930 = ORIENTED_EDGE('',*,*,#3931,.T.);
#3931 = EDGE_CURVE('',#3924,#3932,#3934,.T.);
#3932 = VERTEX_POINT('',#3933);
#3933 = CARTESIAN_POINT('',(0.85,-1.2,0.9));
#3934 = CIRCLE('',#3935,0.25);
#3935 = AXIS2_PLACEMENT_3D('',#3936,#3937,#3938);
#3936 = CARTESIAN_POINT('',(0.85,-1.2,0.65));
#3937 = DIRECTION('',(1.110223024625E-16,-1.,-6.255634725081E-34));
#3938 = DIRECTION('',(0.984807753012,1.093356242223E-16,0.173648177667)
  );
#3939 = ORIENTED_EDGE('',*,*,#3940,.T.);
#3940 = EDGE_CURVE('',#3932,#2503,#3941,.T.);
#3941 = LINE('',#3942,#3943);
#3942 = CARTESIAN_POINT('',(0.85,-1.2,0.9));
#3943 = VECTOR('',#3944,1.);
#3944 = DIRECTION('',(-1.,-1.110223024625E-16,0.));
#3945 = PLANE('',#3946);
#3946 = AXIS2_PLACEMENT_3D('',#3947,#3948,#3949);
#3947 = CARTESIAN_POINT('',(1.069123385139,-1.2,0.441695635315));
#3948 = DIRECTION('',(1.110223024625E-16,-1.,0.));
#3949 = DIRECTION('',(0.,0.,1.));
#3950 = ADVANCED_FACE('',(#3951),#3962,.T.);
#3951 = FACE_BOUND('',#3952,.T.);
#3952 = EDGE_LOOP('',(#3953,#3954,#3955,#3956));
#3953 = ORIENTED_EDGE('',*,*,#3431,.T.);
#3954 = ORIENTED_EDGE('',*,*,#2603,.T.);
#3955 = ORIENTED_EDGE('',*,*,#3533,.F.);
#3956 = ORIENTED_EDGE('',*,*,#3957,.F.);
#3957 = EDGE_CURVE('',#3424,#3526,#3958,.T.);
#3958 = LINE('',#3959,#3960);
#3959 = CARTESIAN_POINT('',(-1.096201938253,0.7,0.693412044417));
#3960 = VECTOR('',#3961,1.);
#3961 = DIRECTION('',(1.144237745222E-17,1.,0.));
#3962 = CYLINDRICAL_SURFACE('',#3963,0.25);
#3963 = AXIS2_PLACEMENT_3D('',#3964,#3965,#3966);
#3964 = CARTESIAN_POINT('',(-0.85,0.7,0.65));
#3965 = DIRECTION('',(-1.144237745222E-17,-1.,0.));
#3966 = DIRECTION('',(-0.984807753012,1.126854202784E-17,0.173648177667)
  );
#3967 = ADVANCED_FACE('',(#3968),#3981,.F.);
#3968 = FACE_BOUND('',#3969,.F.);
#3969 = EDGE_LOOP('',(#3970,#3971,#3977,#3978,#3979,#3980));
#3970 = ORIENTED_EDGE('',*,*,#2999,.F.);
#3971 = ORIENTED_EDGE('',*,*,#3972,.T.);
#3972 = EDGE_CURVE('',#2991,#3100,#3973,.T.);
#3973 = LINE('',#3974,#3975);
#3974 = CARTESIAN_POINT('',(-0.85,-1.2,0.9));
#3975 = VECTOR('',#3976,1.);
#3976 = DIRECTION('',(1.144237745222E-17,1.,0.));
#3977 = ORIENTED_EDGE('',*,*,#3108,.T.);
#3978 = ORIENTED_EDGE('',*,*,#3130,.T.);
#3979 = ORIENTED_EDGE('',*,*,#2650,.F.);
#3980 = ORIENTED_EDGE('',*,*,#2883,.F.);
#3981 = PLANE('',#3982);
#3982 = AXIS2_PLACEMENT_3D('',#3983,#3984,#3985);
#3983 = CARTESIAN_POINT('',(-0.85,-1.2,0.9));
#3984 = DIRECTION('',(0.,0.,-1.));
#3985 = DIRECTION('',(1.,-1.144237745222E-17,0.));
#3986 = ADVANCED_FACE('',(#3987),#4000,.F.);
#3987 = FACE_BOUND('',#3988,.F.);
#3988 = EDGE_LOOP('',(#3989,#3990,#3996,#3997,#3998,#3999));
#3989 = ORIENTED_EDGE('',*,*,#3222,.F.);
#3990 = ORIENTED_EDGE('',*,*,#3991,.T.);
#3991 = EDGE_CURVE('',#3214,#3323,#3992,.T.);
#3992 = LINE('',#3993,#3994);
#3993 = CARTESIAN_POINT('',(-0.85,-0.25,0.9));
#3994 = VECTOR('',#3995,1.);
#3995 = DIRECTION('',(1.144237745222E-17,1.,0.));
#3996 = ORIENTED_EDGE('',*,*,#3331,.T.);
#3997 = ORIENTED_EDGE('',*,*,#3348,.T.);
#3998 = ORIENTED_EDGE('',*,*,#2666,.F.);
#3999 = ORIENTED_EDGE('',*,*,#3123,.F.);
#4000 = PLANE('',#4001);
#4001 = AXIS2_PLACEMENT_3D('',#4002,#4003,#4004);
#4002 = CARTESIAN_POINT('',(-0.85,-0.25,0.9));
#4003 = DIRECTION('',(0.,0.,-1.));
#4004 = DIRECTION('',(1.,-1.144237745222E-17,0.));
#4005 = ADVANCED_FACE('',(#4006,#4035),#4046,.T.);
#4006 = FACE_BOUND('',#4007,.T.);
#4007 = EDGE_LOOP('',(#4008,#4009,#4010,#4011,#4019,#4027,#4033,#4034));
#4008 = ORIENTED_EDGE('',*,*,#2741,.F.);
#4009 = ORIENTED_EDGE('',*,*,#2718,.F.);
#4010 = ORIENTED_EDGE('',*,*,#2689,.F.);
#4011 = ORIENTED_EDGE('',*,*,#4012,.F.);
#4012 = EDGE_CURVE('',#4013,#2690,#4015,.T.);
#4013 = VERTEX_POINT('',#4014);
#4014 = CARTESIAN_POINT('',(-0.646824228722,-1.333648457443,1.55));
#4015 = LINE('',#4016,#4017);
#4016 = CARTESIAN_POINT('',(-0.646824228722,-1.333648457443,1.55));
#4017 = VECTOR('',#4018,1.);
#4018 = DIRECTION('',(-0.707106781187,0.707106781187,0.));
#4019 = ORIENTED_EDGE('',*,*,#4020,.F.);
#4020 = EDGE_CURVE('',#4021,#4013,#4023,.T.);
#4021 = VERTEX_POINT('',#4022);
#4022 = CARTESIAN_POINT('',(0.646824228722,-1.333648457443,1.55));
#4023 = LINE('',#4024,#4025);
#4024 = CARTESIAN_POINT('',(0.646824228722,-1.333648457443,1.55));
#4025 = VECTOR('',#4026,1.);
#4026 = DIRECTION('',(-1.,-1.110223024625E-16,0.));
#4027 = ORIENTED_EDGE('',*,*,#4028,.F.);
#4028 = EDGE_CURVE('',#2813,#4021,#4029,.T.);
#4029 = LINE('',#4030,#4031);
#4030 = CARTESIAN_POINT('',(0.683648457443,-1.296824228722,1.55));
#4031 = VECTOR('',#4032,1.);
#4032 = DIRECTION('',(-0.707106781187,-0.707106781187,0.));
#4033 = ORIENTED_EDGE('',*,*,#2819,.F.);
#4034 = ORIENTED_EDGE('',*,*,#2764,.F.);
#4035 = FACE_BOUND('',#4036,.T.);
#4036 = EDGE_LOOP('',(#4037));
#4037 = ORIENTED_EDGE('',*,*,#4038,.T.);
#4038 = EDGE_CURVE('',#4039,#4039,#4041,.T.);
#4039 = VERTEX_POINT('',#4040);
#4040 = CARTESIAN_POINT('',(-0.483648457443,1.083648457443,1.55));
#4041 = CIRCLE('',#4042,5.E-02);
#4042 = AXIS2_PLACEMENT_3D('',#4043,#4044,#4045);
#4043 = CARTESIAN_POINT('',(-0.483648457443,1.133648457443,1.55));
#4044 = DIRECTION('',(0.,-0.,-1.));
#4045 = DIRECTION('',(1.110223024625E-16,-1.,0.));
#4046 = PLANE('',#4047);
#4047 = AXIS2_PLACEMENT_3D('',#4048,#4049,#4050);
#4048 = CARTESIAN_POINT('',(-0.646824228722,1.333648457443,1.55));
#4049 = DIRECTION('',(0.,0.,1.));
#4050 = DIRECTION('',(0.436386464522,-0.899759330922,0.));
#4051 = ADVANCED_FACE('',(#4052),#4062,.F.);
#4052 = FACE_BOUND('',#4053,.F.);
#4053 = EDGE_LOOP('',(#4054,#4055,#4056,#4057));
#4054 = ORIENTED_EDGE('',*,*,#2890,.T.);
#4055 = ORIENTED_EDGE('',*,*,#2697,.T.);
#4056 = ORIENTED_EDGE('',*,*,#4012,.F.);
#4057 = ORIENTED_EDGE('',*,*,#4058,.F.);
#4058 = EDGE_CURVE('',#2891,#4013,#4059,.T.);
#4059 = B_SPLINE_CURVE_WITH_KNOTS('',1,(#4060,#4061),.UNSPECIFIED.,.F.,
  .F.,(2,2),(0.,1.),.PIECEWISE_BEZIER_KNOTS.);
#4060 = CARTESIAN_POINT('',(-0.6925,-1.425,0.9));
#4061 = CARTESIAN_POINT('',(-0.646824228722,-1.333648457443,1.55));
#4062 = B_SPLINE_SURFACE_WITH_KNOTS('',1,1,(
    (#4063,#4064)
    ,(#4065,#4066
    )),.UNSPECIFIED.,.F.,.F.,.F.,(2,2),(2,2),(0.,0.116672618896),(0.,1.)
  ,.PIECEWISE_BEZIER_KNOTS.);
#4063 = CARTESIAN_POINT('',(-0.6925,-1.425,0.9));
#4064 = CARTESIAN_POINT('',(-0.646824228722,-1.333648457443,1.55));
#4065 = CARTESIAN_POINT('',(-0.775,-1.3425,0.9));
#4066 = CARTESIAN_POINT('',(-0.683648457443,-1.296824228722,1.55));
#4067 = ADVANCED_FACE('',(#4068),#4081,.F.);
#4068 = FACE_BOUND('',#4069,.F.);
#4069 = EDGE_LOOP('',(#4070,#4071,#4077,#4078,#4079,#4080));
#4070 = ORIENTED_EDGE('',*,*,#3831,.F.);
#4071 = ORIENTED_EDGE('',*,*,#4072,.T.);
#4072 = EDGE_CURVE('',#3823,#3932,#4073,.T.);
#4073 = LINE('',#4074,#4075);
#4074 = CARTESIAN_POINT('',(0.85,-0.7,0.9));
#4075 = VECTOR('',#4076,1.);
#4076 = DIRECTION('',(1.110223024625E-16,-1.,0.));
#4077 = ORIENTED_EDGE('',*,*,#3940,.T.);
#4078 = ORIENTED_EDGE('',*,*,#2872,.T.);
#4079 = ORIENTED_EDGE('',*,*,#2796,.F.);
#4080 = ORIENTED_EDGE('',*,*,#3738,.F.);
#4081 = PLANE('',#4082);
#4082 = AXIS2_PLACEMENT_3D('',#4083,#4084,#4085);
#4083 = CARTESIAN_POINT('',(0.85,-0.7,0.9));
#4084 = DIRECTION('',(0.,0.,-1.));
#4085 = DIRECTION('',(-1.,-1.110223024625E-16,-0.));
#4086 = ADVANCED_FACE('',(#4087),#4097,.F.);
#4087 = FACE_BOUND('',#4088,.F.);
#4088 = EDGE_LOOP('',(#4089,#4090,#4095,#4096));
#4089 = ORIENTED_EDGE('',*,*,#2906,.T.);
#4090 = ORIENTED_EDGE('',*,*,#4091,.T.);
#4091 = EDGE_CURVE('',#2899,#4021,#4092,.T.);
#4092 = B_SPLINE_CURVE_WITH_KNOTS('',1,(#4093,#4094),.UNSPECIFIED.,.F.,
  .F.,(2,2),(0.,1.),.PIECEWISE_BEZIER_KNOTS.);
#4093 = CARTESIAN_POINT('',(0.6925,-1.425,0.9));
#4094 = CARTESIAN_POINT('',(0.646824228722,-1.333648457443,1.55));
#4095 = ORIENTED_EDGE('',*,*,#4028,.F.);
#4096 = ORIENTED_EDGE('',*,*,#2812,.F.);
#4097 = B_SPLINE_SURFACE_WITH_KNOTS('',1,1,(
    (#4098,#4099)
    ,(#4100,#4101
    )),.UNSPECIFIED.,.F.,.F.,.F.,(2,2),(2,2),(0.,0.116672618896),(0.,1.)
  ,.PIECEWISE_BEZIER_KNOTS.);
#4098 = CARTESIAN_POINT('',(0.775,-1.3425,0.9));
#4099 = CARTESIAN_POINT('',(0.683648457443,-1.296824228722,1.55));
#4100 = CARTESIAN_POINT('',(0.6925,-1.425,0.9));
#4101 = CARTESIAN_POINT('',(0.646824228722,-1.333648457443,1.55));
#4102 = ADVANCED_FACE('',(#4103),#4114,.T.);
#4103 = FACE_BOUND('',#4104,.T.);
#4104 = EDGE_LOOP('',(#4105,#4106,#4107,#4108));
#4105 = ORIENTED_EDGE('',*,*,#3618,.T.);
#4106 = ORIENTED_EDGE('',*,*,#2842,.T.);
#4107 = ORIENTED_EDGE('',*,*,#3720,.F.);
#4108 = ORIENTED_EDGE('',*,*,#4109,.F.);
#4109 = EDGE_CURVE('',#3611,#3713,#4110,.T.);
#4110 = LINE('',#4111,#4112);
#4111 = CARTESIAN_POINT('',(1.096201938253,1.2,0.693412044417));
#4112 = VECTOR('',#4113,1.);
#4113 = DIRECTION('',(1.110223024625E-16,-1.,0.));
#4114 = CYLINDRICAL_SURFACE('',#4115,0.25);
#4115 = AXIS2_PLACEMENT_3D('',#4116,#4117,#4118);
#4116 = CARTESIAN_POINT('',(0.85,1.2,0.65));
#4117 = DIRECTION('',(-1.110223024625E-16,1.,0.));
#4118 = DIRECTION('',(0.984807753012,1.093356242223E-16,0.173648177667)
  );
#4119 = ADVANCED_FACE('',(#4120),#4126,.F.);
#4120 = FACE_BOUND('',#4121,.F.);
#4121 = EDGE_LOOP('',(#4122,#4123,#4124,#4125));
#4122 = ORIENTED_EDGE('',*,*,#2898,.T.);
#4123 = ORIENTED_EDGE('',*,*,#4058,.T.);
#4124 = ORIENTED_EDGE('',*,*,#4020,.F.);
#4125 = ORIENTED_EDGE('',*,*,#4091,.F.);
#4126 = B_SPLINE_SURFACE_WITH_KNOTS('',1,1,(
    (#4127,#4128)
    ,(#4129,#4130
    )),.UNSPECIFIED.,.F.,.F.,.F.,(2,2),(2,2),(0.,1.385),(0.,1.),
  .PIECEWISE_BEZIER_KNOTS.);
#4127 = CARTESIAN_POINT('',(0.6925,-1.425,0.9));
#4128 = CARTESIAN_POINT('',(0.646824228722,-1.333648457443,1.55));
#4129 = CARTESIAN_POINT('',(-0.6925,-1.425,0.9));
#4130 = CARTESIAN_POINT('',(-0.646824228722,-1.333648457443,1.55));
#4131 = ADVANCED_FACE('',(#4132),#4143,.T.);
#4132 = FACE_BOUND('',#4133,.T.);
#4133 = EDGE_LOOP('',(#4134,#4135,#4136,#4137));
#4134 = ORIENTED_EDGE('',*,*,#2990,.T.);
#4135 = ORIENTED_EDGE('',*,*,#3972,.T.);
#4136 = ORIENTED_EDGE('',*,*,#3099,.F.);
#4137 = ORIENTED_EDGE('',*,*,#4138,.F.);
#4138 = EDGE_CURVE('',#2983,#3092,#4139,.T.);
#4139 = LINE('',#4140,#4141);
#4140 = CARTESIAN_POINT('',(-1.096201938253,-1.2,0.693412044417));
#4141 = VECTOR('',#4142,1.);
#4142 = DIRECTION('',(1.144237745222E-17,1.,0.));
#4143 = CYLINDRICAL_SURFACE('',#4144,0.25);
#4144 = AXIS2_PLACEMENT_3D('',#4145,#4146,#4147);
#4145 = CARTESIAN_POINT('',(-0.85,-1.2,0.65));
#4146 = DIRECTION('',(-1.144237745222E-17,-1.,0.));
#4147 = DIRECTION('',(-0.984807753012,1.126854202784E-17,0.173648177667)
  );
#4148 = ADVANCED_FACE('',(#4149),#4160,.F.);
#4149 = FACE_BOUND('',#4150,.F.);
#4150 = EDGE_LOOP('',(#4151,#4157,#4158,#4159));
#4151 = ORIENTED_EDGE('',*,*,#4152,.T.);
#4152 = EDGE_CURVE('',#2974,#3083,#4153,.T.);
#4153 = LINE('',#4154,#4155);
#4154 = CARTESIAN_POINT('',(-1.172050016982,-1.2,0.232635182233));
#4155 = VECTOR('',#4156,1.);
#4156 = DIRECTION('',(1.144237745222E-17,1.,0.));
#4157 = ORIENTED_EDGE('',*,*,#3091,.T.);
#4158 = ORIENTED_EDGE('',*,*,#4138,.F.);
#4159 = ORIENTED_EDGE('',*,*,#2982,.F.);
#4160 = PLANE('',#4161);
#4161 = AXIS2_PLACEMENT_3D('',#4162,#4163,#4164);
#4162 = CARTESIAN_POINT('',(-1.172050016982,-1.2,0.232635182233));
#4163 = DIRECTION('',(0.986721169868,-1.129043606572E-17,-0.162423314012
    ));
#4164 = DIRECTION('',(0.162423314012,-1.858508865964E-18,0.986721169868)
  );
#4165 = ADVANCED_FACE('',(#4166),#4177,.F.);
#4166 = FACE_BOUND('',#4167,.F.);
#4167 = EDGE_LOOP('',(#4168,#4174,#4175,#4176));
#4168 = ORIENTED_EDGE('',*,*,#4169,.T.);
#4169 = EDGE_CURVE('',#2966,#3075,#4170,.T.);
#4170 = LINE('',#4171,#4172);
#4171 = CARTESIAN_POINT('',(-1.270530792283,-1.2,0.15));
#4172 = VECTOR('',#4173,1.);
#4173 = DIRECTION('',(1.144237745222E-17,1.,0.));
#4174 = ORIENTED_EDGE('',*,*,#3082,.T.);
#4175 = ORIENTED_EDGE('',*,*,#4152,.F.);
#4176 = ORIENTED_EDGE('',*,*,#2973,.F.);
#4177 = CYLINDRICAL_SURFACE('',#4178,0.1);
#4178 = AXIS2_PLACEMENT_3D('',#4179,#4180,#4181);
#4179 = CARTESIAN_POINT('',(-1.270530792283,-1.2,0.25));
#4180 = DIRECTION('',(-1.144237745222E-17,-1.,0.));
#4181 = DIRECTION('',(-2.22044604925E-15,2.540718180781E-32,-1.));
#4182 = ADVANCED_FACE('',(#4183),#4194,.F.);
#4183 = FACE_BOUND('',#4184,.F.);
#4184 = EDGE_LOOP('',(#4185,#4191,#4192,#4193));
#4185 = ORIENTED_EDGE('',*,*,#4186,.T.);
#4186 = EDGE_CURVE('',#2958,#3067,#4187,.T.);
#4187 = LINE('',#4188,#4189);
#4188 = CARTESIAN_POINT('',(-1.4,-1.2,0.15));
#4189 = VECTOR('',#4190,1.);
#4190 = DIRECTION('',(1.144237745222E-17,1.,0.));
#4191 = ORIENTED_EDGE('',*,*,#3074,.T.);
#4192 = ORIENTED_EDGE('',*,*,#4169,.F.);
#4193 = ORIENTED_EDGE('',*,*,#2965,.F.);
#4194 = PLANE('',#4195);
#4195 = AXIS2_PLACEMENT_3D('',#4196,#4197,#4198);
#4196 = CARTESIAN_POINT('',(-1.4,-1.2,0.15));
#4197 = DIRECTION('',(0.,0.,-1.));
#4198 = DIRECTION('',(1.,-1.144237745222E-17,0.));
#4199 = ADVANCED_FACE('',(#4200),#4211,.F.);
#4200 = FACE_BOUND('',#4201,.F.);
#4201 = EDGE_LOOP('',(#4202,#4208,#4209,#4210));
#4202 = ORIENTED_EDGE('',*,*,#4203,.T.);
#4203 = EDGE_CURVE('',#2950,#3059,#4204,.T.);
#4204 = LINE('',#4205,#4206);
#4205 = CARTESIAN_POINT('',(-1.4,-1.2,0.));
#4206 = VECTOR('',#4207,1.);
#4207 = DIRECTION('',(1.144237745222E-17,1.,0.));
#4208 = ORIENTED_EDGE('',*,*,#3066,.T.);
#4209 = ORIENTED_EDGE('',*,*,#4186,.F.);
#4210 = ORIENTED_EDGE('',*,*,#2957,.F.);
#4211 = PLANE('',#4212);
#4212 = AXIS2_PLACEMENT_3D('',#4213,#4214,#4215);
#4213 = CARTESIAN_POINT('',(-1.4,-1.2,0.));
#4214 = DIRECTION('',(1.,-1.144237745222E-17,0.));
#4215 = DIRECTION('',(0.,0.,1.));
#4216 = ADVANCED_FACE('',(#4217),#4228,.F.);
#4217 = FACE_BOUND('',#4218,.F.);
#4218 = EDGE_LOOP('',(#4219,#4225,#4226,#4227));
#4219 = ORIENTED_EDGE('',*,*,#4220,.T.);
#4220 = EDGE_CURVE('',#2941,#3050,#4221,.T.);
#4221 = LINE('',#4222,#4223);
#4222 = CARTESIAN_POINT('',(-1.270530792283,-1.2,0.));
#4223 = VECTOR('',#4224,1.);
#4224 = DIRECTION('',(1.144237745222E-17,1.,0.));
#4225 = ORIENTED_EDGE('',*,*,#3058,.T.);
#4226 = ORIENTED_EDGE('',*,*,#4203,.F.);
#4227 = ORIENTED_EDGE('',*,*,#2949,.F.);
#4228 = PLANE('',#4229);
#4229 = AXIS2_PLACEMENT_3D('',#4230,#4231,#4232);
#4230 = CARTESIAN_POINT('',(-1.270530792283,-1.2,0.));
#4231 = DIRECTION('',(0.,0.,1.));
#4232 = DIRECTION('',(-1.,1.144237745222E-17,0.));
#4233 = ADVANCED_FACE('',(#4234),#4245,.T.);
#4234 = FACE_BOUND('',#4235,.T.);
#4235 = EDGE_LOOP('',(#4236,#4237,#4238,#4239));
#4236 = ORIENTED_EDGE('',*,*,#2940,.T.);
#4237 = ORIENTED_EDGE('',*,*,#4220,.T.);
#4238 = ORIENTED_EDGE('',*,*,#3049,.F.);
#4239 = ORIENTED_EDGE('',*,*,#4240,.F.);
#4240 = EDGE_CURVE('',#2933,#3042,#4241,.T.);
#4241 = LINE('',#4242,#4243);
#4242 = CARTESIAN_POINT('',(-1.02432885403,-1.2,0.206587955583));
#4243 = VECTOR('',#4244,1.);
#4244 = DIRECTION('',(1.144237745222E-17,1.,0.));
#4245 = CYLINDRICAL_SURFACE('',#4246,0.25);
#4246 = AXIS2_PLACEMENT_3D('',#4247,#4248,#4249);
#4247 = CARTESIAN_POINT('',(-1.270530792283,-1.2,0.25));
#4248 = DIRECTION('',(-1.144237745222E-17,-1.,0.));
#4249 = DIRECTION('',(0.984807753012,-1.126854202784E-17,-0.173648177667
    ));
#4250 = ADVANCED_FACE('',(#4251),#4257,.F.);
#4251 = FACE_BOUND('',#4252,.F.);
#4252 = EDGE_LOOP('',(#4253,#4254,#4255,#4256));
#4253 = ORIENTED_EDGE('',*,*,#3023,.T.);
#4254 = ORIENTED_EDGE('',*,*,#3041,.T.);
#4255 = ORIENTED_EDGE('',*,*,#4240,.F.);
#4256 = ORIENTED_EDGE('',*,*,#2932,.F.);
#4257 = PLANE('',#4258);
#4258 = AXIS2_PLACEMENT_3D('',#4259,#4260,#4261);
#4259 = CARTESIAN_POINT('',(-0.948480775301,-1.2,0.667364817767));
#4260 = DIRECTION('',(-0.986721169868,1.129043606572E-17,0.162423314012)
  );
#4261 = DIRECTION('',(-0.162423314012,1.858508865964E-18,-0.986721169868
    ));
#4262 = ADVANCED_FACE('',(#4263),#4274,.T.);
#4263 = FACE_BOUND('',#4264,.T.);
#4264 = EDGE_LOOP('',(#4265,#4266,#4267,#4268));
#4265 = ORIENTED_EDGE('',*,*,#3213,.T.);
#4266 = ORIENTED_EDGE('',*,*,#3991,.T.);
#4267 = ORIENTED_EDGE('',*,*,#3322,.F.);
#4268 = ORIENTED_EDGE('',*,*,#4269,.F.);
#4269 = EDGE_CURVE('',#3206,#3315,#4270,.T.);
#4270 = LINE('',#4271,#4272);
#4271 = CARTESIAN_POINT('',(-1.096201938253,-0.25,0.693412044417));
#4272 = VECTOR('',#4273,1.);
#4273 = DIRECTION('',(1.144237745222E-17,1.,0.));
#4274 = CYLINDRICAL_SURFACE('',#4275,0.25);
#4275 = AXIS2_PLACEMENT_3D('',#4276,#4277,#4278);
#4276 = CARTESIAN_POINT('',(-0.85,-0.25,0.65));
#4277 = DIRECTION('',(-1.144237745222E-17,-1.,0.));
#4278 = DIRECTION('',(-0.984807753012,1.126854202784E-17,0.173648177667)
  );
#4279 = ADVANCED_FACE('',(#4280),#4291,.F.);
#4280 = FACE_BOUND('',#4281,.F.);
#4281 = EDGE_LOOP('',(#4282,#4288,#4289,#4290));
#4282 = ORIENTED_EDGE('',*,*,#4283,.T.);
#4283 = EDGE_CURVE('',#3197,#3306,#4284,.T.);
#4284 = LINE('',#4285,#4286);
#4285 = CARTESIAN_POINT('',(-1.172050016982,-0.25,0.232635182233));
#4286 = VECTOR('',#4287,1.);
#4287 = DIRECTION('',(1.144237745222E-17,1.,0.));
#4288 = ORIENTED_EDGE('',*,*,#3314,.T.);
#4289 = ORIENTED_EDGE('',*,*,#4269,.F.);
#4290 = ORIENTED_EDGE('',*,*,#3205,.F.);
#4291 = PLANE('',#4292);
#4292 = AXIS2_PLACEMENT_3D('',#4293,#4294,#4295);
#4293 = CARTESIAN_POINT('',(-1.172050016982,-0.25,0.232635182233));
#4294 = DIRECTION('',(0.986721169868,-1.129043606572E-17,-0.162423314012
    ));
#4295 = DIRECTION('',(0.162423314012,-1.858508865964E-18,0.986721169868)
  );
#4296 = ADVANCED_FACE('',(#4297),#4308,.F.);
#4297 = FACE_BOUND('',#4298,.F.);
#4298 = EDGE_LOOP('',(#4299,#4305,#4306,#4307));
#4299 = ORIENTED_EDGE('',*,*,#4300,.T.);
#4300 = EDGE_CURVE('',#3189,#3298,#4301,.T.);
#4301 = LINE('',#4302,#4303);
#4302 = CARTESIAN_POINT('',(-1.270530792283,-0.25,0.15));
#4303 = VECTOR('',#4304,1.);
#4304 = DIRECTION('',(1.144237745222E-17,1.,0.));
#4305 = ORIENTED_EDGE('',*,*,#3305,.T.);
#4306 = ORIENTED_EDGE('',*,*,#4283,.F.);
#4307 = ORIENTED_EDGE('',*,*,#3196,.F.);
#4308 = CYLINDRICAL_SURFACE('',#4309,0.1);
#4309 = AXIS2_PLACEMENT_3D('',#4310,#4311,#4312);
#4310 = CARTESIAN_POINT('',(-1.270530792283,-0.25,0.25));
#4311 = DIRECTION('',(-1.144237745222E-17,-1.,0.));
#4312 = DIRECTION('',(-2.22044604925E-15,2.540718180781E-32,-1.));
#4313 = ADVANCED_FACE('',(#4314),#4325,.F.);
#4314 = FACE_BOUND('',#4315,.F.);
#4315 = EDGE_LOOP('',(#4316,#4322,#4323,#4324));
#4316 = ORIENTED_EDGE('',*,*,#4317,.T.);
#4317 = EDGE_CURVE('',#3181,#3290,#4318,.T.);
#4318 = LINE('',#4319,#4320);
#4319 = CARTESIAN_POINT('',(-1.4,-0.25,0.15));
#4320 = VECTOR('',#4321,1.);
#4321 = DIRECTION('',(1.144237745222E-17,1.,0.));
#4322 = ORIENTED_EDGE('',*,*,#3297,.T.);
#4323 = ORIENTED_EDGE('',*,*,#4300,.F.);
#4324 = ORIENTED_EDGE('',*,*,#3188,.F.);
#4325 = PLANE('',#4326);
#4326 = AXIS2_PLACEMENT_3D('',#4327,#4328,#4329);
#4327 = CARTESIAN_POINT('',(-1.4,-0.25,0.15));
#4328 = DIRECTION('',(0.,0.,-1.));
#4329 = DIRECTION('',(1.,-1.144237745222E-17,0.));
#4330 = ADVANCED_FACE('',(#4331),#4342,.F.);
#4331 = FACE_BOUND('',#4332,.F.);
#4332 = EDGE_LOOP('',(#4333,#4339,#4340,#4341));
#4333 = ORIENTED_EDGE('',*,*,#4334,.T.);
#4334 = EDGE_CURVE('',#3173,#3282,#4335,.T.);
#4335 = LINE('',#4336,#4337);
#4336 = CARTESIAN_POINT('',(-1.4,-0.25,0.));
#4337 = VECTOR('',#4338,1.);
#4338 = DIRECTION('',(1.144237745222E-17,1.,0.));
#4339 = ORIENTED_EDGE('',*,*,#3289,.T.);
#4340 = ORIENTED_EDGE('',*,*,#4317,.F.);
#4341 = ORIENTED_EDGE('',*,*,#3180,.F.);
#4342 = PLANE('',#4343);
#4343 = AXIS2_PLACEMENT_3D('',#4344,#4345,#4346);
#4344 = CARTESIAN_POINT('',(-1.4,-0.25,0.));
#4345 = DIRECTION('',(1.,-1.144237745222E-17,0.));
#4346 = DIRECTION('',(0.,0.,1.));
#4347 = ADVANCED_FACE('',(#4348),#4359,.F.);
#4348 = FACE_BOUND('',#4349,.F.);
#4349 = EDGE_LOOP('',(#4350,#4356,#4357,#4358));
#4350 = ORIENTED_EDGE('',*,*,#4351,.T.);
#4351 = EDGE_CURVE('',#3164,#3273,#4352,.T.);
#4352 = LINE('',#4353,#4354);
#4353 = CARTESIAN_POINT('',(-1.270530792283,-0.25,0.));
#4354 = VECTOR('',#4355,1.);
#4355 = DIRECTION('',(1.144237745222E-17,1.,0.));
#4356 = ORIENTED_EDGE('',*,*,#3281,.T.);
#4357 = ORIENTED_EDGE('',*,*,#4334,.F.);
#4358 = ORIENTED_EDGE('',*,*,#3172,.F.);
#4359 = PLANE('',#4360);
#4360 = AXIS2_PLACEMENT_3D('',#4361,#4362,#4363);
#4361 = CARTESIAN_POINT('',(-1.270530792283,-0.25,0.));
#4362 = DIRECTION('',(0.,0.,1.));
#4363 = DIRECTION('',(-1.,1.144237745222E-17,0.));
#4364 = ADVANCED_FACE('',(#4365),#4376,.T.);
#4365 = FACE_BOUND('',#4366,.T.);
#4366 = EDGE_LOOP('',(#4367,#4368,#4369,#4370));
#4367 = ORIENTED_EDGE('',*,*,#3163,.T.);
#4368 = ORIENTED_EDGE('',*,*,#4351,.T.);
#4369 = ORIENTED_EDGE('',*,*,#3272,.F.);
#4370 = ORIENTED_EDGE('',*,*,#4371,.F.);
#4371 = EDGE_CURVE('',#3156,#3265,#4372,.T.);
#4372 = LINE('',#4373,#4374);
#4373 = CARTESIAN_POINT('',(-1.02432885403,-0.25,0.206587955583));
#4374 = VECTOR('',#4375,1.);
#4375 = DIRECTION('',(1.144237745222E-17,1.,0.));
#4376 = CYLINDRICAL_SURFACE('',#4377,0.25);
#4377 = AXIS2_PLACEMENT_3D('',#4378,#4379,#4380);
#4378 = CARTESIAN_POINT('',(-1.270530792283,-0.25,0.25));
#4379 = DIRECTION('',(-1.144237745222E-17,-1.,0.));
#4380 = DIRECTION('',(0.984807753012,-1.126854202784E-17,-0.173648177667
    ));
#4381 = ADVANCED_FACE('',(#4382),#4388,.F.);
#4382 = FACE_BOUND('',#4383,.F.);
#4383 = EDGE_LOOP('',(#4384,#4385,#4386,#4387));
#4384 = ORIENTED_EDGE('',*,*,#3246,.T.);
#4385 = ORIENTED_EDGE('',*,*,#3264,.T.);
#4386 = ORIENTED_EDGE('',*,*,#4371,.F.);
#4387 = ORIENTED_EDGE('',*,*,#3155,.F.);
#4388 = PLANE('',#4389);
#4389 = AXIS2_PLACEMENT_3D('',#4390,#4391,#4392);
#4390 = CARTESIAN_POINT('',(-0.948480775301,-0.25,0.667364817767));
#4391 = DIRECTION('',(-0.986721169868,1.129043606572E-17,0.162423314012)
  );
#4392 = DIRECTION('',(-0.162423314012,1.858508865964E-18,-0.986721169868
    ));
#4393 = ADVANCED_FACE('',(#4394),#4405,.F.);
#4394 = FACE_BOUND('',#4395,.F.);
#4395 = EDGE_LOOP('',(#4396,#4402,#4403,#4404));
#4396 = ORIENTED_EDGE('',*,*,#4397,.T.);
#4397 = EDGE_CURVE('',#3415,#3517,#4398,.T.);
#4398 = LINE('',#4399,#4400);
#4399 = CARTESIAN_POINT('',(-1.172050016982,0.7,0.232635182233));
#4400 = VECTOR('',#4401,1.);
#4401 = DIRECTION('',(1.144237745222E-17,1.,0.));
#4402 = ORIENTED_EDGE('',*,*,#3525,.T.);
#4403 = ORIENTED_EDGE('',*,*,#3957,.F.);
#4404 = ORIENTED_EDGE('',*,*,#3423,.F.);
#4405 = PLANE('',#4406);
#4406 = AXIS2_PLACEMENT_3D('',#4407,#4408,#4409);
#4407 = CARTESIAN_POINT('',(-1.172050016982,0.7,0.232635182233));
#4408 = DIRECTION('',(0.986721169868,-1.129043606572E-17,-0.162423314012
    ));
#4409 = DIRECTION('',(0.162423314012,-1.858508865964E-18,0.986721169868)
  );
#4410 = ADVANCED_FACE('',(#4411),#4422,.F.);
#4411 = FACE_BOUND('',#4412,.F.);
#4412 = EDGE_LOOP('',(#4413,#4419,#4420,#4421));
#4413 = ORIENTED_EDGE('',*,*,#4414,.T.);
#4414 = EDGE_CURVE('',#3407,#3509,#4415,.T.);
#4415 = LINE('',#4416,#4417);
#4416 = CARTESIAN_POINT('',(-1.270530792283,0.7,0.15));
#4417 = VECTOR('',#4418,1.);
#4418 = DIRECTION('',(1.144237745222E-17,1.,0.));
#4419 = ORIENTED_EDGE('',*,*,#3516,.T.);
#4420 = ORIENTED_EDGE('',*,*,#4397,.F.);
#4421 = ORIENTED_EDGE('',*,*,#3414,.F.);
#4422 = CYLINDRICAL_SURFACE('',#4423,0.1);
#4423 = AXIS2_PLACEMENT_3D('',#4424,#4425,#4426);
#4424 = CARTESIAN_POINT('',(-1.270530792283,0.7,0.25));
#4425 = DIRECTION('',(-1.144237745222E-17,-1.,0.));
#4426 = DIRECTION('',(-2.22044604925E-15,2.540718180781E-32,-1.));
#4427 = ADVANCED_FACE('',(#4428),#4439,.F.);
#4428 = FACE_BOUND('',#4429,.F.);
#4429 = EDGE_LOOP('',(#4430,#4436,#4437,#4438));
#4430 = ORIENTED_EDGE('',*,*,#4431,.T.);
#4431 = EDGE_CURVE('',#3399,#3501,#4432,.T.);
#4432 = LINE('',#4433,#4434);
#4433 = CARTESIAN_POINT('',(-1.4,0.7,0.15));
#4434 = VECTOR('',#4435,1.);
#4435 = DIRECTION('',(1.144237745222E-17,1.,0.));
#4436 = ORIENTED_EDGE('',*,*,#3508,.T.);
#4437 = ORIENTED_EDGE('',*,*,#4414,.F.);
#4438 = ORIENTED_EDGE('',*,*,#3406,.F.);
#4439 = PLANE('',#4440);
#4440 = AXIS2_PLACEMENT_3D('',#4441,#4442,#4443);
#4441 = CARTESIAN_POINT('',(-1.4,0.7,0.15));
#4442 = DIRECTION('',(0.,0.,-1.));
#4443 = DIRECTION('',(1.,-1.144237745222E-17,0.));
#4444 = ADVANCED_FACE('',(#4445),#4456,.F.);
#4445 = FACE_BOUND('',#4446,.F.);
#4446 = EDGE_LOOP('',(#4447,#4453,#4454,#4455));
#4447 = ORIENTED_EDGE('',*,*,#4448,.T.);
#4448 = EDGE_CURVE('',#3391,#3493,#4449,.T.);
#4449 = LINE('',#4450,#4451);
#4450 = CARTESIAN_POINT('',(-1.4,0.7,0.));
#4451 = VECTOR('',#4452,1.);
#4452 = DIRECTION('',(1.144237745222E-17,1.,0.));
#4453 = ORIENTED_EDGE('',*,*,#3500,.T.);
#4454 = ORIENTED_EDGE('',*,*,#4431,.F.);
#4455 = ORIENTED_EDGE('',*,*,#3398,.F.);
#4456 = PLANE('',#4457);
#4457 = AXIS2_PLACEMENT_3D('',#4458,#4459,#4460);
#4458 = CARTESIAN_POINT('',(-1.4,0.7,0.));
#4459 = DIRECTION('',(1.,-1.144237745222E-17,0.));
#4460 = DIRECTION('',(0.,0.,1.));
#4461 = ADVANCED_FACE('',(#4462),#4473,.F.);
#4462 = FACE_BOUND('',#4463,.F.);
#4463 = EDGE_LOOP('',(#4464,#4470,#4471,#4472));
#4464 = ORIENTED_EDGE('',*,*,#4465,.T.);
#4465 = EDGE_CURVE('',#3382,#3484,#4466,.T.);
#4466 = LINE('',#4467,#4468);
#4467 = CARTESIAN_POINT('',(-1.270530792283,0.7,0.));
#4468 = VECTOR('',#4469,1.);
#4469 = DIRECTION('',(1.144237745222E-17,1.,0.));
#4470 = ORIENTED_EDGE('',*,*,#3492,.T.);
#4471 = ORIENTED_EDGE('',*,*,#4448,.F.);
#4472 = ORIENTED_EDGE('',*,*,#3390,.F.);
#4473 = PLANE('',#4474);
#4474 = AXIS2_PLACEMENT_3D('',#4475,#4476,#4477);
#4475 = CARTESIAN_POINT('',(-1.270530792283,0.7,0.));
#4476 = DIRECTION('',(0.,0.,1.));
#4477 = DIRECTION('',(-1.,1.144237745222E-17,0.));
#4478 = ADVANCED_FACE('',(#4479),#4490,.T.);
#4479 = FACE_BOUND('',#4480,.T.);
#4480 = EDGE_LOOP('',(#4481,#4482,#4483,#4484));
#4481 = ORIENTED_EDGE('',*,*,#3381,.T.);
#4482 = ORIENTED_EDGE('',*,*,#4465,.T.);
#4483 = ORIENTED_EDGE('',*,*,#3483,.F.);
#4484 = ORIENTED_EDGE('',*,*,#4485,.F.);
#4485 = EDGE_CURVE('',#3374,#3476,#4486,.T.);
#4486 = LINE('',#4487,#4488);
#4487 = CARTESIAN_POINT('',(-1.02432885403,0.7,0.206587955583));
#4488 = VECTOR('',#4489,1.);
#4489 = DIRECTION('',(1.144237745222E-17,1.,0.));
#4490 = CYLINDRICAL_SURFACE('',#4491,0.25);
#4491 = AXIS2_PLACEMENT_3D('',#4492,#4493,#4494);
#4492 = CARTESIAN_POINT('',(-1.270530792283,0.7,0.25));
#4493 = DIRECTION('',(-1.144237745222E-17,-1.,0.));
#4494 = DIRECTION('',(0.984807753012,-1.126854202784E-17,-0.173648177667
    ));
#4495 = ADVANCED_FACE('',(#4496),#4502,.F.);
#4496 = FACE_BOUND('',#4497,.F.);
#4497 = EDGE_LOOP('',(#4498,#4499,#4500,#4501));
#4498 = ORIENTED_EDGE('',*,*,#3457,.T.);
#4499 = ORIENTED_EDGE('',*,*,#3475,.T.);
#4500 = ORIENTED_EDGE('',*,*,#4485,.F.);
#4501 = ORIENTED_EDGE('',*,*,#3373,.F.);
#4502 = PLANE('',#4503);
#4503 = AXIS2_PLACEMENT_3D('',#4504,#4505,#4506);
#4504 = CARTESIAN_POINT('',(-0.948480775301,0.7,0.667364817767));
#4505 = DIRECTION('',(-0.986721169868,1.129043606572E-17,0.162423314012)
  );
#4506 = DIRECTION('',(-0.162423314012,1.858508865964E-18,-0.986721169868
    ));
#4507 = ADVANCED_FACE('',(#4508),#4519,.F.);
#4508 = FACE_BOUND('',#4509,.F.);
#4509 = EDGE_LOOP('',(#4510,#4516,#4517,#4518));
#4510 = ORIENTED_EDGE('',*,*,#4511,.T.);
#4511 = EDGE_CURVE('',#3602,#3704,#4512,.T.);
#4512 = LINE('',#4513,#4514);
#4513 = CARTESIAN_POINT('',(1.172050016982,1.2,0.232635182233));
#4514 = VECTOR('',#4515,1.);
#4515 = DIRECTION('',(1.110223024625E-16,-1.,0.));
#4516 = ORIENTED_EDGE('',*,*,#3712,.T.);
#4517 = ORIENTED_EDGE('',*,*,#4109,.F.);
#4518 = ORIENTED_EDGE('',*,*,#3610,.F.);
#4519 = PLANE('',#4520);
#4520 = AXIS2_PLACEMENT_3D('',#4521,#4522,#4523);
#4521 = CARTESIAN_POINT('',(1.172050016982,1.2,0.232635182233));
#4522 = DIRECTION('',(-0.986721169868,-1.095480561672E-16,
    -0.162423314012));
#4523 = DIRECTION('',(-0.162423314012,-1.803261029519E-17,0.986721169868
    ));
#4524 = ADVANCED_FACE('',(#4525),#4536,.F.);
#4525 = FACE_BOUND('',#4526,.F.);
#4526 = EDGE_LOOP('',(#4527,#4533,#4534,#4535));
#4527 = ORIENTED_EDGE('',*,*,#4528,.T.);
#4528 = EDGE_CURVE('',#3594,#3696,#4529,.T.);
#4529 = LINE('',#4530,#4531);
#4530 = CARTESIAN_POINT('',(1.270530792283,1.2,0.15));
#4531 = VECTOR('',#4532,1.);
#4532 = DIRECTION('',(1.110223024625E-16,-1.,0.));
#4533 = ORIENTED_EDGE('',*,*,#3703,.T.);
#4534 = ORIENTED_EDGE('',*,*,#4511,.F.);
#4535 = ORIENTED_EDGE('',*,*,#3601,.F.);
#4536 = CYLINDRICAL_SURFACE('',#4537,0.1);
#4537 = AXIS2_PLACEMENT_3D('',#4538,#4539,#4540);
#4538 = CARTESIAN_POINT('',(1.270530792283,1.2,0.25));
#4539 = DIRECTION('',(-1.110223024625E-16,1.,0.));
#4540 = DIRECTION('',(2.22044604925E-15,2.465190328815E-31,-1.));
#4541 = ADVANCED_FACE('',(#4542),#4553,.F.);
#4542 = FACE_BOUND('',#4543,.F.);
#4543 = EDGE_LOOP('',(#4544,#4550,#4551,#4552));
#4544 = ORIENTED_EDGE('',*,*,#4545,.T.);
#4545 = EDGE_CURVE('',#3586,#3688,#4546,.T.);
#4546 = LINE('',#4547,#4548);
#4547 = CARTESIAN_POINT('',(1.4,1.2,0.15));
#4548 = VECTOR('',#4549,1.);
#4549 = DIRECTION('',(1.110223024625E-16,-1.,0.));
#4550 = ORIENTED_EDGE('',*,*,#3695,.T.);
#4551 = ORIENTED_EDGE('',*,*,#4528,.F.);
#4552 = ORIENTED_EDGE('',*,*,#3593,.F.);
#4553 = PLANE('',#4554);
#4554 = AXIS2_PLACEMENT_3D('',#4555,#4556,#4557);
#4555 = CARTESIAN_POINT('',(1.4,1.2,0.15));
#4556 = DIRECTION('',(0.,0.,-1.));
#4557 = DIRECTION('',(-1.,-1.110223024625E-16,-0.));
#4558 = ADVANCED_FACE('',(#4559),#4570,.F.);
#4559 = FACE_BOUND('',#4560,.F.);
#4560 = EDGE_LOOP('',(#4561,#4567,#4568,#4569));
#4561 = ORIENTED_EDGE('',*,*,#4562,.T.);
#4562 = EDGE_CURVE('',#3578,#3680,#4563,.T.);
#4563 = LINE('',#4564,#4565);
#4564 = CARTESIAN_POINT('',(1.4,1.2,0.));
#4565 = VECTOR('',#4566,1.);
#4566 = DIRECTION('',(1.110223024625E-16,-1.,0.));
#4567 = ORIENTED_EDGE('',*,*,#3687,.T.);
#4568 = ORIENTED_EDGE('',*,*,#4545,.F.);
#4569 = ORIENTED_EDGE('',*,*,#3585,.F.);
#4570 = PLANE('',#4571);
#4571 = AXIS2_PLACEMENT_3D('',#4572,#4573,#4574);
#4572 = CARTESIAN_POINT('',(1.4,1.2,0.));
#4573 = DIRECTION('',(-1.,-1.110223024625E-16,0.));
#4574 = DIRECTION('',(0.,0.,1.));
#4575 = ADVANCED_FACE('',(#4576),#4587,.F.);
#4576 = FACE_BOUND('',#4577,.F.);
#4577 = EDGE_LOOP('',(#4578,#4584,#4585,#4586));
#4578 = ORIENTED_EDGE('',*,*,#4579,.T.);
#4579 = EDGE_CURVE('',#3569,#3671,#4580,.T.);
#4580 = LINE('',#4581,#4582);
#4581 = CARTESIAN_POINT('',(1.270530792283,1.2,0.));
#4582 = VECTOR('',#4583,1.);
#4583 = DIRECTION('',(1.110223024625E-16,-1.,0.));
#4584 = ORIENTED_EDGE('',*,*,#3679,.T.);
#4585 = ORIENTED_EDGE('',*,*,#4562,.F.);
#4586 = ORIENTED_EDGE('',*,*,#3577,.F.);
#4587 = PLANE('',#4588);
#4588 = AXIS2_PLACEMENT_3D('',#4589,#4590,#4591);
#4589 = CARTESIAN_POINT('',(1.270530792283,1.2,0.));
#4590 = DIRECTION('',(0.,0.,1.));
#4591 = DIRECTION('',(1.,1.110223024625E-16,-0.));
#4592 = ADVANCED_FACE('',(#4593),#4604,.T.);
#4593 = FACE_BOUND('',#4594,.T.);
#4594 = EDGE_LOOP('',(#4595,#4596,#4597,#4598));
#4595 = ORIENTED_EDGE('',*,*,#3568,.T.);
#4596 = ORIENTED_EDGE('',*,*,#4579,.T.);
#4597 = ORIENTED_EDGE('',*,*,#3670,.F.);
#4598 = ORIENTED_EDGE('',*,*,#4599,.F.);
#4599 = EDGE_CURVE('',#3561,#3663,#4600,.T.);
#4600 = LINE('',#4601,#4602);
#4601 = CARTESIAN_POINT('',(1.02432885403,1.2,0.206587955583));
#4602 = VECTOR('',#4603,1.);
#4603 = DIRECTION('',(1.110223024625E-16,-1.,0.));
#4604 = CYLINDRICAL_SURFACE('',#4605,0.25);
#4605 = AXIS2_PLACEMENT_3D('',#4606,#4607,#4608);
#4606 = CARTESIAN_POINT('',(1.270530792283,1.2,0.25));
#4607 = DIRECTION('',(-1.110223024625E-16,1.,0.));
#4608 = DIRECTION('',(-0.984807753012,-1.093356242223E-16,
    -0.173648177667));
#4609 = ADVANCED_FACE('',(#4610),#4616,.F.);
#4610 = FACE_BOUND('',#4611,.F.);
#4611 = EDGE_LOOP('',(#4612,#4613,#4614,#4615));
#4612 = ORIENTED_EDGE('',*,*,#3644,.T.);
#4613 = ORIENTED_EDGE('',*,*,#3662,.T.);
#4614 = ORIENTED_EDGE('',*,*,#4599,.F.);
#4615 = ORIENTED_EDGE('',*,*,#3560,.F.);
#4616 = PLANE('',#4617);
#4617 = AXIS2_PLACEMENT_3D('',#4618,#4619,#4620);
#4618 = CARTESIAN_POINT('',(0.948480775301,1.2,0.667364817767));
#4619 = DIRECTION('',(0.986721169868,1.095480561672E-16,0.162423314012)
  );
#4620 = DIRECTION('',(0.162423314012,1.803261029519E-17,-0.986721169868)
  );
#4621 = ADVANCED_FACE('',(#4622),#4633,.T.);
#4622 = FACE_BOUND('',#4623,.T.);
#4623 = EDGE_LOOP('',(#4624,#4625,#4626,#4627));
#4624 = ORIENTED_EDGE('',*,*,#3822,.T.);
#4625 = ORIENTED_EDGE('',*,*,#4072,.T.);
#4626 = ORIENTED_EDGE('',*,*,#3931,.F.);
#4627 = ORIENTED_EDGE('',*,*,#4628,.F.);
#4628 = EDGE_CURVE('',#3815,#3924,#4629,.T.);
#4629 = LINE('',#4630,#4631);
#4630 = CARTESIAN_POINT('',(1.096201938253,-0.7,0.693412044417));
#4631 = VECTOR('',#4632,1.);
#4632 = DIRECTION('',(1.110223024625E-16,-1.,0.));
#4633 = CYLINDRICAL_SURFACE('',#4634,0.25);
#4634 = AXIS2_PLACEMENT_3D('',#4635,#4636,#4637);
#4635 = CARTESIAN_POINT('',(0.85,-0.7,0.65));
#4636 = DIRECTION('',(-1.110223024625E-16,1.,0.));
#4637 = DIRECTION('',(0.984807753012,1.093356242223E-16,0.173648177667)
  );
#4638 = ADVANCED_FACE('',(#4639),#4650,.F.);
#4639 = FACE_BOUND('',#4640,.F.);
#4640 = EDGE_LOOP('',(#4641,#4647,#4648,#4649));
#4641 = ORIENTED_EDGE('',*,*,#4642,.T.);
#4642 = EDGE_CURVE('',#3806,#3915,#4643,.T.);
#4643 = LINE('',#4644,#4645);
#4644 = CARTESIAN_POINT('',(1.172050016982,-0.7,0.232635182233));
#4645 = VECTOR('',#4646,1.);
#4646 = DIRECTION('',(1.110223024625E-16,-1.,0.));
#4647 = ORIENTED_EDGE('',*,*,#3923,.T.);
#4648 = ORIENTED_EDGE('',*,*,#4628,.F.);
#4649 = ORIENTED_EDGE('',*,*,#3814,.F.);
#4650 = PLANE('',#4651);
#4651 = AXIS2_PLACEMENT_3D('',#4652,#4653,#4654);
#4652 = CARTESIAN_POINT('',(1.172050016982,-0.7,0.232635182233));
#4653 = DIRECTION('',(-0.986721169868,-1.095480561672E-16,
    -0.162423314012));
#4654 = DIRECTION('',(-0.162423314012,-1.803261029519E-17,0.986721169868
    ));
#4655 = ADVANCED_FACE('',(#4656),#4667,.F.);
#4656 = FACE_BOUND('',#4657,.F.);
#4657 = EDGE_LOOP('',(#4658,#4664,#4665,#4666));
#4658 = ORIENTED_EDGE('',*,*,#4659,.T.);
#4659 = EDGE_CURVE('',#3798,#3907,#4660,.T.);
#4660 = LINE('',#4661,#4662);
#4661 = CARTESIAN_POINT('',(1.270530792283,-0.7,0.15));
#4662 = VECTOR('',#4663,1.);
#4663 = DIRECTION('',(1.110223024625E-16,-1.,0.));
#4664 = ORIENTED_EDGE('',*,*,#3914,.T.);
#4665 = ORIENTED_EDGE('',*,*,#4642,.F.);
#4666 = ORIENTED_EDGE('',*,*,#3805,.F.);
#4667 = CYLINDRICAL_SURFACE('',#4668,0.1);
#4668 = AXIS2_PLACEMENT_3D('',#4669,#4670,#4671);
#4669 = CARTESIAN_POINT('',(1.270530792283,-0.7,0.25));
#4670 = DIRECTION('',(-1.110223024625E-16,1.,0.));
#4671 = DIRECTION('',(2.22044604925E-15,2.465190328815E-31,-1.));
#4672 = ADVANCED_FACE('',(#4673),#4684,.F.);
#4673 = FACE_BOUND('',#4674,.F.);
#4674 = EDGE_LOOP('',(#4675,#4681,#4682,#4683));
#4675 = ORIENTED_EDGE('',*,*,#4676,.T.);
#4676 = EDGE_CURVE('',#3790,#3899,#4677,.T.);
#4677 = LINE('',#4678,#4679);
#4678 = CARTESIAN_POINT('',(1.4,-0.7,0.15));
#4679 = VECTOR('',#4680,1.);
#4680 = DIRECTION('',(1.110223024625E-16,-1.,0.));
#4681 = ORIENTED_EDGE('',*,*,#3906,.T.);
#4682 = ORIENTED_EDGE('',*,*,#4659,.F.);
#4683 = ORIENTED_EDGE('',*,*,#3797,.F.);
#4684 = PLANE('',#4685);
#4685 = AXIS2_PLACEMENT_3D('',#4686,#4687,#4688);
#4686 = CARTESIAN_POINT('',(1.4,-0.7,0.15));
#4687 = DIRECTION('',(0.,0.,-1.));
#4688 = DIRECTION('',(-1.,-1.110223024625E-16,-0.));
#4689 = ADVANCED_FACE('',(#4690),#4701,.F.);
#4690 = FACE_BOUND('',#4691,.F.);
#4691 = EDGE_LOOP('',(#4692,#4698,#4699,#4700));
#4692 = ORIENTED_EDGE('',*,*,#4693,.T.);
#4693 = EDGE_CURVE('',#3782,#3891,#4694,.T.);
#4694 = LINE('',#4695,#4696);
#4695 = CARTESIAN_POINT('',(1.4,-0.7,0.));
#4696 = VECTOR('',#4697,1.);
#4697 = DIRECTION('',(1.110223024625E-16,-1.,0.));
#4698 = ORIENTED_EDGE('',*,*,#3898,.T.);
#4699 = ORIENTED_EDGE('',*,*,#4676,.F.);
#4700 = ORIENTED_EDGE('',*,*,#3789,.F.);
#4701 = PLANE('',#4702);
#4702 = AXIS2_PLACEMENT_3D('',#4703,#4704,#4705);
#4703 = CARTESIAN_POINT('',(1.4,-0.7,0.));
#4704 = DIRECTION('',(-1.,-1.110223024625E-16,0.));
#4705 = DIRECTION('',(0.,0.,1.));
#4706 = ADVANCED_FACE('',(#4707),#4718,.F.);
#4707 = FACE_BOUND('',#4708,.F.);
#4708 = EDGE_LOOP('',(#4709,#4715,#4716,#4717));
#4709 = ORIENTED_EDGE('',*,*,#4710,.T.);
#4710 = EDGE_CURVE('',#3773,#3882,#4711,.T.);
#4711 = LINE('',#4712,#4713);
#4712 = CARTESIAN_POINT('',(1.270530792283,-0.7,0.));
#4713 = VECTOR('',#4714,1.);
#4714 = DIRECTION('',(1.110223024625E-16,-1.,0.));
#4715 = ORIENTED_EDGE('',*,*,#3890,.T.);
#4716 = ORIENTED_EDGE('',*,*,#4693,.F.);
#4717 = ORIENTED_EDGE('',*,*,#3781,.F.);
#4718 = PLANE('',#4719);
#4719 = AXIS2_PLACEMENT_3D('',#4720,#4721,#4722);
#4720 = CARTESIAN_POINT('',(1.270530792283,-0.7,0.));
#4721 = DIRECTION('',(0.,0.,1.));
#4722 = DIRECTION('',(1.,1.110223024625E-16,-0.));
#4723 = ADVANCED_FACE('',(#4724),#4735,.T.);
#4724 = FACE_BOUND('',#4725,.T.);
#4725 = EDGE_LOOP('',(#4726,#4727,#4728,#4729));
#4726 = ORIENTED_EDGE('',*,*,#3772,.T.);
#4727 = ORIENTED_EDGE('',*,*,#4710,.T.);
#4728 = ORIENTED_EDGE('',*,*,#3881,.F.);
#4729 = ORIENTED_EDGE('',*,*,#4730,.F.);
#4730 = EDGE_CURVE('',#3765,#3874,#4731,.T.);
#4731 = LINE('',#4732,#4733);
#4732 = CARTESIAN_POINT('',(1.02432885403,-0.7,0.206587955583));
#4733 = VECTOR('',#4734,1.);
#4734 = DIRECTION('',(1.110223024625E-16,-1.,0.));
#4735 = CYLINDRICAL_SURFACE('',#4736,0.25);
#4736 = AXIS2_PLACEMENT_3D('',#4737,#4738,#4739);
#4737 = CARTESIAN_POINT('',(1.270530792283,-0.7,0.25));
#4738 = DIRECTION('',(-1.110223024625E-16,1.,0.));
#4739 = DIRECTION('',(-0.984807753012,-1.093356242223E-16,
    -0.173648177667));
#4740 = ADVANCED_FACE('',(#4741),#4747,.F.);
#4741 = FACE_BOUND('',#4742,.F.);
#4742 = EDGE_LOOP('',(#4743,#4744,#4745,#4746));
#4743 = ORIENTED_EDGE('',*,*,#3855,.T.);
#4744 = ORIENTED_EDGE('',*,*,#3873,.T.);
#4745 = ORIENTED_EDGE('',*,*,#4730,.F.);
#4746 = ORIENTED_EDGE('',*,*,#3764,.F.);
#4747 = PLANE('',#4748);
#4748 = AXIS2_PLACEMENT_3D('',#4749,#4750,#4751);
#4749 = CARTESIAN_POINT('',(0.948480775301,-0.7,0.667364817767));
#4750 = DIRECTION('',(0.986721169868,1.095480561672E-16,0.162423314012)
  );
#4751 = DIRECTION('',(0.162423314012,1.803261029519E-17,-0.986721169868)
  );
#4752 = ADVANCED_FACE('',(#4753),#4756,.F.);
#4753 = FACE_BOUND('',#4754,.T.);
#4754 = EDGE_LOOP('',(#4755));
#4755 = ORIENTED_EDGE('',*,*,#4038,.F.);
#4756 = PLANE('',#4757);
#4757 = AXIS2_PLACEMENT_3D('',#4758,#4759,#4760);
#4758 = CARTESIAN_POINT('',(-0.483648457443,1.133648457443,1.55));
#4759 = DIRECTION('',(0.,0.,-1.));
#4760 = DIRECTION('',(1.110223024625E-16,-1.,0.));
#4761 = ( GEOMETRIC_REPRESENTATION_CONTEXT(3) 
GLOBAL_UNCERTAINTY_ASSIGNED_CONTEXT((#4765)) 
GLOBAL_UNIT_ASSIGNED_CONTEXT((#4762,#4763,#4764)) REPRESENTATION_CONTEXT
('Context #1','3D Context with UNIT and UNCERTAINTY') );
#4762 = ( LENGTH_UNIT() NAMED_UNIT(*) SI_UNIT(.MILLI.,.METRE.) );
#4763 = ( NAMED_UNIT(*) PLANE_ANGLE_UNIT() SI_UNIT($,.RADIAN.) );
#4764 = ( NAMED_UNIT(*) SI_UNIT($,.STERADIAN.) SOLID_ANGLE_UNIT() );
#4765 = UNCERTAINTY_MEASURE_WITH_UNIT(LENGTH_MEASURE(1.E-07),#4762,
  'distance_accuracy_value','confusion accuracy');
#4766 = CONTEXT_DEPENDENT_SHAPE_REPRESENTATION(#4767,#4769);
#4767 = ( REPRESENTATION_RELATIONSHIP('','',#1691,#1668) 
REPRESENTATION_RELATIONSHIP_WITH_TRANSFORMATION(#4768) 
SHAPE_REPRESENTATION_RELATIONSHIP() );
#4768 = ITEM_DEFINED_TRANSFORMATION('','',#11,#1669);
#4769 = PRODUCT_DEFINITION_SHAPE('Placement','Placement of an item',
  #4770);
#4770 = NEXT_ASSEMBLY_USAGE_OCCURRENCE('7','=>[0:1:1:9]','',#1663,#1686,
  $);
#4771 = PRODUCT_RELATED_PRODUCT_CATEGORY('part',$,(#1688));
#4772 = SHAPE_DEFINITION_REPRESENTATION(#4773,#4779);
#4773 = PRODUCT_DEFINITION_SHAPE('','',#4774);
#4774 = PRODUCT_DEFINITION('design','',#4775,#4778);
#4775 = PRODUCT_DEFINITION_FORMATION('','',#4776);
#4776 = PRODUCT('R_0603_1608Metric','R_0603_1608Metric','',(#4777));
#4777 = PRODUCT_CONTEXT('',#2,'mechanical');
#4778 = PRODUCT_DEFINITION_CONTEXT('part definition',#2,'design');
#4779 = SHAPE_REPRESENTATION('',(#11,#4780),#4784);
#4780 = AXIS2_PLACEMENT_3D('',#4781,#4782,#4783);
#4781 = CARTESIAN_POINT('',(0.,0.,0.));
#4782 = DIRECTION('',(0.,0.,1.));
#4783 = DIRECTION('',(1.,0.,-0.));
#4784 = ( GEOMETRIC_REPRESENTATION_CONTEXT(3) 
GLOBAL_UNCERTAINTY_ASSIGNED_CONTEXT((#4788)) 
GLOBAL_UNIT_ASSIGNED_CONTEXT((#4785,#4786,#4787)) REPRESENTATION_CONTEXT
('Context #1','3D Context with UNIT and UNCERTAINTY') );
#4785 = ( LENGTH_UNIT() NAMED_UNIT(*) SI_UNIT(.MILLI.,.METRE.) );
#4786 = ( NAMED_UNIT(*) PLANE_ANGLE_UNIT() SI_UNIT($,.RADIAN.) );
#4787 = ( NAMED_UNIT(*) SI_UNIT($,.STERADIAN.) SOLID_ANGLE_UNIT() );
#4788 = UNCERTAINTY_MEASURE_WITH_UNIT(LENGTH_MEASURE(1.E-07),#4785,
  'distance_accuracy_value','confusion accuracy');
#4789 = CONTEXT_DEPENDENT_SHAPE_REPRESENTATION(#4790,#4792);
#4790 = ( REPRESENTATION_RELATIONSHIP('','',#4779,#10) 
REPRESENTATION_RELATIONSHIP_WITH_TRANSFORMATION(#4791) 
SHAPE_REPRESENTATION_RELATIONSHIP() );
#4791 = ITEM_DEFINED_TRANSFORMATION('','',#11,#31);
#4792 = PRODUCT_DEFINITION_SHAPE('Placement','Placement of an item',
  #4793);
#4793 = NEXT_ASSEMBLY_USAGE_OCCURRENCE('10','R1','',#5,#4774,$);
#4794 = PRODUCT_RELATED_PRODUCT_CATEGORY('part',$,(#4776));
#4795 = SHAPE_DEFINITION_REPRESENTATION(#4796,#4802);
#4796 = PRODUCT_DEFINITION_SHAPE('','',#4797);
#4797 = PRODUCT_DEFINITION('design','',#4798,#4801);
#4798 = PRODUCT_DEFINITION_FORMATION('','',#4799);
#4799 = PRODUCT('R_0603_1608Metric','R_0603_1608Metric','',(#4800));
#4800 = PRODUCT_CONTEXT('',#2,'mechanical');
#4801 = PRODUCT_DEFINITION_CONTEXT('part definition',#2,'design');
#4802 = ADVANCED_BREP_SHAPE_REPRESENTATION('',(#11,#4803),#5593);
#4803 = MANIFOLD_SOLID_BREP('',#4804);
#4804 = CLOSED_SHELL('',(#4805,#4845,#4928,#4953,#4978,#5045,#5062,#5079
    ,#5128,#5145,#5162,#5211,#5228,#5297,#5328,#5352,#5421,#5445,#5462,
    #5479,#5496,#5513,#5530,#5547,#5564,#5581));
#4805 = ADVANCED_FACE('',(#4806),#4840,.F.);
#4806 = FACE_BOUND('',#4807,.F.);
#4807 = EDGE_LOOP('',(#4808,#4818,#4826,#4834));
#4808 = ORIENTED_EDGE('',*,*,#4809,.F.);
#4809 = EDGE_CURVE('',#4810,#4812,#4814,.T.);
#4810 = VERTEX_POINT('',#4811);
#4811 = CARTESIAN_POINT('',(-0.8,-0.4,4.5E-02));
#4812 = VERTEX_POINT('',#4813);
#4813 = CARTESIAN_POINT('',(-0.8,-0.4,0.405));
#4814 = LINE('',#4815,#4816);
#4815 = CARTESIAN_POINT('',(-0.8,-0.4,0.));
#4816 = VECTOR('',#4817,1.);
#4817 = DIRECTION('',(0.,0.,1.));
#4818 = ORIENTED_EDGE('',*,*,#4819,.T.);
#4819 = EDGE_CURVE('',#4810,#4820,#4822,.T.);
#4820 = VERTEX_POINT('',#4821);
#4821 = CARTESIAN_POINT('',(-0.8,0.4,4.5E-02));
#4822 = LINE('',#4823,#4824);
#4823 = CARTESIAN_POINT('',(-0.8,-0.4,4.5E-02));
#4824 = VECTOR('',#4825,1.);
#4825 = DIRECTION('',(0.,1.,0.));
#4826 = ORIENTED_EDGE('',*,*,#4827,.T.);
#4827 = EDGE_CURVE('',#4820,#4828,#4830,.T.);
#4828 = VERTEX_POINT('',#4829);
#4829 = CARTESIAN_POINT('',(-0.8,0.4,0.405));
#4830 = LINE('',#4831,#4832);
#4831 = CARTESIAN_POINT('',(-0.8,0.4,0.));
#4832 = VECTOR('',#4833,1.);
#4833 = DIRECTION('',(0.,0.,1.));
#4834 = ORIENTED_EDGE('',*,*,#4835,.F.);
#4835 = EDGE_CURVE('',#4812,#4828,#4836,.T.);
#4836 = LINE('',#4837,#4838);
#4837 = CARTESIAN_POINT('',(-0.8,-0.4,0.405));
#4838 = VECTOR('',#4839,1.);
#4839 = DIRECTION('',(0.,1.,0.));
#4840 = PLANE('',#4841);
#4841 = AXIS2_PLACEMENT_3D('',#4842,#4843,#4844);
#4842 = CARTESIAN_POINT('',(-0.8,-0.4,0.));
#4843 = DIRECTION('',(1.,0.,0.));
#4844 = DIRECTION('',(0.,0.,1.));
#4845 = ADVANCED_FACE('',(#4846),#4923,.F.);
#4846 = FACE_BOUND('',#4847,.F.);
#4847 = EDGE_LOOP('',(#4848,#4858,#4865,#4866,#4875,#4883,#4892,#4900,
    #4908,#4916));
#4848 = ORIENTED_EDGE('',*,*,#4849,.F.);
#4849 = EDGE_CURVE('',#4850,#4852,#4854,.T.);
#4850 = VERTEX_POINT('',#4851);
#4851 = CARTESIAN_POINT('',(-0.755,-0.4,-2.775557561563E-17));
#4852 = VERTEX_POINT('',#4853);
#4853 = CARTESIAN_POINT('',(-0.545,-0.4,-2.775557561563E-17));
#4854 = LINE('',#4855,#4856);
#4855 = CARTESIAN_POINT('',(-0.8,-0.4,0.));
#4856 = VECTOR('',#4857,1.);
#4857 = DIRECTION('',(1.,0.,0.));
#4858 = ORIENTED_EDGE('',*,*,#4859,.F.);
#4859 = EDGE_CURVE('',#4810,#4850,#4860,.T.);
#4860 = CIRCLE('',#4861,4.5E-02);
#4861 = AXIS2_PLACEMENT_3D('',#4862,#4863,#4864);
#4862 = CARTESIAN_POINT('',(-0.755,-0.4,4.5E-02));
#4863 = DIRECTION('',(0.,-1.,0.));
#4864 = DIRECTION('',(0.,0.,1.));
#4865 = ORIENTED_EDGE('',*,*,#4809,.T.);
#4866 = ORIENTED_EDGE('',*,*,#4867,.T.);
#4867 = EDGE_CURVE('',#4812,#4868,#4870,.T.);
#4868 = VERTEX_POINT('',#4869);
#4869 = CARTESIAN_POINT('',(-0.755,-0.4,0.45));
#4870 = CIRCLE('',#4871,4.5E-02);
#4871 = AXIS2_PLACEMENT_3D('',#4872,#4873,#4874);
#4872 = CARTESIAN_POINT('',(-0.755,-0.4,0.405));
#4873 = DIRECTION('',(0.,1.,0.));
#4874 = DIRECTION('',(0.,-0.,1.));
#4875 = ORIENTED_EDGE('',*,*,#4876,.T.);
#4876 = EDGE_CURVE('',#4868,#4877,#4879,.T.);
#4877 = VERTEX_POINT('',#4878);
#4878 = CARTESIAN_POINT('',(-0.545,-0.4,0.45));
#4879 = LINE('',#4880,#4881);
#4880 = CARTESIAN_POINT('',(-0.8,-0.4,0.45));
#4881 = VECTOR('',#4882,1.);
#4882 = DIRECTION('',(1.,0.,0.));
#4883 = ORIENTED_EDGE('',*,*,#4884,.F.);
#4884 = EDGE_CURVE('',#4885,#4877,#4887,.T.);
#4885 = VERTEX_POINT('',#4886);
#4886 = CARTESIAN_POINT('',(-0.5,-0.4,0.405));
#4887 = CIRCLE('',#4888,4.5E-02);
#4888 = AXIS2_PLACEMENT_3D('',#4889,#4890,#4891);
#4889 = CARTESIAN_POINT('',(-0.545,-0.4,0.405));
#4890 = DIRECTION('',(0.,-1.,0.));
#4891 = DIRECTION('',(0.,0.,1.));
#4892 = ORIENTED_EDGE('',*,*,#4893,.F.);
#4893 = EDGE_CURVE('',#4894,#4885,#4896,.T.);
#4894 = VERTEX_POINT('',#4895);
#4895 = CARTESIAN_POINT('',(-0.755,-0.4,0.405));
#4896 = LINE('',#4897,#4898);
#4897 = CARTESIAN_POINT('',(-0.755,-0.4,0.405));
#4898 = VECTOR('',#4899,1.);
#4899 = DIRECTION('',(1.,0.,0.));
#4900 = ORIENTED_EDGE('',*,*,#4901,.F.);
#4901 = EDGE_CURVE('',#4902,#4894,#4904,.T.);
#4902 = VERTEX_POINT('',#4903);
#4903 = CARTESIAN_POINT('',(-0.755,-0.4,4.5E-02));
#4904 = LINE('',#4905,#4906);
#4905 = CARTESIAN_POINT('',(-0.755,-0.4,4.5E-02));
#4906 = VECTOR('',#4907,1.);
#4907 = DIRECTION('',(0.,0.,1.));
#4908 = ORIENTED_EDGE('',*,*,#4909,.T.);
#4909 = EDGE_CURVE('',#4902,#4910,#4912,.T.);
#4910 = VERTEX_POINT('',#4911);
#4911 = CARTESIAN_POINT('',(-0.5,-0.4,4.5E-02));
#4912 = LINE('',#4913,#4914);
#4913 = CARTESIAN_POINT('',(-0.755,-0.4,4.5E-02));
#4914 = VECTOR('',#4915,1.);
#4915 = DIRECTION('',(1.,0.,0.));
#4916 = ORIENTED_EDGE('',*,*,#4917,.T.);
#4917 = EDGE_CURVE('',#4910,#4852,#4918,.T.);
#4918 = CIRCLE('',#4919,4.5E-02);
#4919 = AXIS2_PLACEMENT_3D('',#4920,#4921,#4922);
#4920 = CARTESIAN_POINT('',(-0.545,-0.4,4.5E-02));
#4921 = DIRECTION('',(0.,1.,0.));
#4922 = DIRECTION('',(0.,-0.,1.));
#4923 = PLANE('',#4924);
#4924 = AXIS2_PLACEMENT_3D('',#4925,#4926,#4927);
#4925 = CARTESIAN_POINT('',(-0.8,-0.4,0.));
#4926 = DIRECTION('',(0.,1.,0.));
#4927 = DIRECTION('',(0.,-0.,1.));
#4928 = ADVANCED_FACE('',(#4929),#4948,.T.);
#4929 = FACE_BOUND('',#4930,.T.);
#4930 = EDGE_LOOP('',(#4931,#4932,#4941,#4947));
#4931 = ORIENTED_EDGE('',*,*,#4819,.T.);
#4932 = ORIENTED_EDGE('',*,*,#4933,.T.);
#4933 = EDGE_CURVE('',#4820,#4934,#4936,.T.);
#4934 = VERTEX_POINT('',#4935);
#4935 = CARTESIAN_POINT('',(-0.755,0.4,-2.775557561563E-17));
#4936 = CIRCLE('',#4937,4.5E-02);
#4937 = AXIS2_PLACEMENT_3D('',#4938,#4939,#4940);
#4938 = CARTESIAN_POINT('',(-0.755,0.4,4.5E-02));
#4939 = DIRECTION('',(0.,-1.,0.));
#4940 = DIRECTION('',(0.,0.,1.));
#4941 = ORIENTED_EDGE('',*,*,#4942,.F.);
#4942 = EDGE_CURVE('',#4850,#4934,#4943,.T.);
#4943 = LINE('',#4944,#4945);
#4944 = CARTESIAN_POINT('',(-0.755,-0.4,-2.775557561563E-17));
#4945 = VECTOR('',#4946,1.);
#4946 = DIRECTION('',(0.,1.,0.));
#4947 = ORIENTED_EDGE('',*,*,#4859,.F.);
#4948 = CYLINDRICAL_SURFACE('',#4949,4.5E-02);
#4949 = AXIS2_PLACEMENT_3D('',#4950,#4951,#4952);
#4950 = CARTESIAN_POINT('',(-0.755,-0.4,4.5E-02));
#4951 = DIRECTION('',(0.,1.,0.));
#4952 = DIRECTION('',(-1.,0.,0.));
#4953 = ADVANCED_FACE('',(#4954),#4973,.T.);
#4954 = FACE_BOUND('',#4955,.T.);
#4955 = EDGE_LOOP('',(#4956,#4957,#4965,#4972));
#4956 = ORIENTED_EDGE('',*,*,#4867,.T.);
#4957 = ORIENTED_EDGE('',*,*,#4958,.T.);
#4958 = EDGE_CURVE('',#4868,#4959,#4961,.T.);
#4959 = VERTEX_POINT('',#4960);
#4960 = CARTESIAN_POINT('',(-0.755,0.4,0.45));
#4961 = LINE('',#4962,#4963);
#4962 = CARTESIAN_POINT('',(-0.755,-0.4,0.45));
#4963 = VECTOR('',#4964,1.);
#4964 = DIRECTION('',(0.,1.,0.));
#4965 = ORIENTED_EDGE('',*,*,#4966,.F.);
#4966 = EDGE_CURVE('',#4828,#4959,#4967,.T.);
#4967 = CIRCLE('',#4968,4.5E-02);
#4968 = AXIS2_PLACEMENT_3D('',#4969,#4970,#4971);
#4969 = CARTESIAN_POINT('',(-0.755,0.4,0.405));
#4970 = DIRECTION('',(0.,1.,0.));
#4971 = DIRECTION('',(0.,-0.,1.));
#4972 = ORIENTED_EDGE('',*,*,#4835,.F.);
#4973 = CYLINDRICAL_SURFACE('',#4974,4.5E-02);
#4974 = AXIS2_PLACEMENT_3D('',#4975,#4976,#4977);
#4975 = CARTESIAN_POINT('',(-0.755,-0.4,0.405));
#4976 = DIRECTION('',(0.,1.,0.));
#4977 = DIRECTION('',(-1.,0.,0.));
#4978 = ADVANCED_FACE('',(#4979),#5040,.T.);
#4979 = FACE_BOUND('',#4980,.T.);
#4980 = EDGE_LOOP('',(#4981,#4989,#4990,#4991,#4992,#5000,#5009,#5017,
    #5025,#5033));
#4981 = ORIENTED_EDGE('',*,*,#4982,.F.);
#4982 = EDGE_CURVE('',#4934,#4983,#4985,.T.);
#4983 = VERTEX_POINT('',#4984);
#4984 = CARTESIAN_POINT('',(-0.545,0.4,-2.775557561563E-17));
#4985 = LINE('',#4986,#4987);
#4986 = CARTESIAN_POINT('',(-0.8,0.4,0.));
#4987 = VECTOR('',#4988,1.);
#4988 = DIRECTION('',(1.,0.,0.));
#4989 = ORIENTED_EDGE('',*,*,#4933,.F.);
#4990 = ORIENTED_EDGE('',*,*,#4827,.T.);
#4991 = ORIENTED_EDGE('',*,*,#4966,.T.);
#4992 = ORIENTED_EDGE('',*,*,#4993,.T.);
#4993 = EDGE_CURVE('',#4959,#4994,#4996,.T.);
#4994 = VERTEX_POINT('',#4995);
#4995 = CARTESIAN_POINT('',(-0.545,0.4,0.45));
#4996 = LINE('',#4997,#4998);
#4997 = CARTESIAN_POINT('',(-0.8,0.4,0.45));
#4998 = VECTOR('',#4999,1.);
#4999 = DIRECTION('',(1.,0.,0.));
#5000 = ORIENTED_EDGE('',*,*,#5001,.F.);
#5001 = EDGE_CURVE('',#5002,#4994,#5004,.T.);
#5002 = VERTEX_POINT('',#5003);
#5003 = CARTESIAN_POINT('',(-0.5,0.4,0.405));
#5004 = CIRCLE('',#5005,4.5E-02);
#5005 = AXIS2_PLACEMENT_3D('',#5006,#5007,#5008);
#5006 = CARTESIAN_POINT('',(-0.545,0.4,0.405));
#5007 = DIRECTION('',(0.,-1.,0.));
#5008 = DIRECTION('',(0.,0.,1.));
#5009 = ORIENTED_EDGE('',*,*,#5010,.F.);
#5010 = EDGE_CURVE('',#5011,#5002,#5013,.T.);
#5011 = VERTEX_POINT('',#5012);
#5012 = CARTESIAN_POINT('',(-0.755,0.4,0.405));
#5013 = LINE('',#5014,#5015);
#5014 = CARTESIAN_POINT('',(-0.755,0.4,0.405));
#5015 = VECTOR('',#5016,1.);
#5016 = DIRECTION('',(1.,0.,0.));
#5017 = ORIENTED_EDGE('',*,*,#5018,.F.);
#5018 = EDGE_CURVE('',#5019,#5011,#5021,.T.);
#5019 = VERTEX_POINT('',#5020);
#5020 = CARTESIAN_POINT('',(-0.755,0.4,4.5E-02));
#5021 = LINE('',#5022,#5023);
#5022 = CARTESIAN_POINT('',(-0.755,0.4,4.5E-02));
#5023 = VECTOR('',#5024,1.);
#5024 = DIRECTION('',(0.,0.,1.));
#5025 = ORIENTED_EDGE('',*,*,#5026,.T.);
#5026 = EDGE_CURVE('',#5019,#5027,#5029,.T.);
#5027 = VERTEX_POINT('',#5028);
#5028 = CARTESIAN_POINT('',(-0.5,0.4,4.5E-02));
#5029 = LINE('',#5030,#5031);
#5030 = CARTESIAN_POINT('',(-0.755,0.4,4.5E-02));
#5031 = VECTOR('',#5032,1.);
#5032 = DIRECTION('',(1.,0.,0.));
#5033 = ORIENTED_EDGE('',*,*,#5034,.T.);
#5034 = EDGE_CURVE('',#5027,#4983,#5035,.T.);
#5035 = CIRCLE('',#5036,4.5E-02);
#5036 = AXIS2_PLACEMENT_3D('',#5037,#5038,#5039);
#5037 = CARTESIAN_POINT('',(-0.545,0.4,4.5E-02));
#5038 = DIRECTION('',(0.,1.,0.));
#5039 = DIRECTION('',(0.,-0.,1.));
#5040 = PLANE('',#5041);
#5041 = AXIS2_PLACEMENT_3D('',#5042,#5043,#5044);
#5042 = CARTESIAN_POINT('',(-0.8,0.4,0.));
#5043 = DIRECTION('',(0.,1.,0.));
#5044 = DIRECTION('',(0.,-0.,1.));
#5045 = ADVANCED_FACE('',(#5046),#5057,.F.);
#5046 = FACE_BOUND('',#5047,.F.);
#5047 = EDGE_LOOP('',(#5048,#5049,#5050,#5051));
#5048 = ORIENTED_EDGE('',*,*,#4982,.F.);
#5049 = ORIENTED_EDGE('',*,*,#4942,.F.);
#5050 = ORIENTED_EDGE('',*,*,#4849,.T.);
#5051 = ORIENTED_EDGE('',*,*,#5052,.T.);
#5052 = EDGE_CURVE('',#4852,#4983,#5053,.T.);
#5053 = LINE('',#5054,#5055);
#5054 = CARTESIAN_POINT('',(-0.545,-0.4,-2.775557561563E-17));
#5055 = VECTOR('',#5056,1.);
#5056 = DIRECTION('',(0.,1.,0.));
#5057 = PLANE('',#5058);
#5058 = AXIS2_PLACEMENT_3D('',#5059,#5060,#5061);
#5059 = CARTESIAN_POINT('',(-0.8,-0.4,0.));
#5060 = DIRECTION('',(0.,0.,1.));
#5061 = DIRECTION('',(1.,0.,-0.));
#5062 = ADVANCED_FACE('',(#5063),#5074,.T.);
#5063 = FACE_BOUND('',#5064,.T.);
#5064 = EDGE_LOOP('',(#5065,#5066,#5067,#5068));
#5065 = ORIENTED_EDGE('',*,*,#4917,.T.);
#5066 = ORIENTED_EDGE('',*,*,#5052,.T.);
#5067 = ORIENTED_EDGE('',*,*,#5034,.F.);
#5068 = ORIENTED_EDGE('',*,*,#5069,.F.);
#5069 = EDGE_CURVE('',#4910,#5027,#5070,.T.);
#5070 = LINE('',#5071,#5072);
#5071 = CARTESIAN_POINT('',(-0.5,-0.4,4.5E-02));
#5072 = VECTOR('',#5073,1.);
#5073 = DIRECTION('',(0.,1.,0.));
#5074 = CYLINDRICAL_SURFACE('',#5075,4.5E-02);
#5075 = AXIS2_PLACEMENT_3D('',#5076,#5077,#5078);
#5076 = CARTESIAN_POINT('',(-0.545,-0.4,4.5E-02));
#5077 = DIRECTION('',(0.,1.,0.));
#5078 = DIRECTION('',(1.,0.,0.));
#5079 = ADVANCED_FACE('',(#5080),#5123,.F.);
#5080 = FACE_BOUND('',#5081,.F.);
#5081 = EDGE_LOOP('',(#5082,#5083,#5084,#5085,#5093,#5101,#5109,#5117));
#5082 = ORIENTED_EDGE('',*,*,#4909,.F.);
#5083 = ORIENTED_EDGE('',*,*,#4901,.T.);
#5084 = ORIENTED_EDGE('',*,*,#4893,.T.);
#5085 = ORIENTED_EDGE('',*,*,#5086,.T.);
#5086 = EDGE_CURVE('',#4885,#5087,#5089,.T.);
#5087 = VERTEX_POINT('',#5088);
#5088 = CARTESIAN_POINT('',(0.5,-0.4,0.405));
#5089 = LINE('',#5090,#5091);
#5090 = CARTESIAN_POINT('',(-0.5,-0.4,0.405));
#5091 = VECTOR('',#5092,1.);
#5092 = DIRECTION('',(1.,0.,0.));
#5093 = ORIENTED_EDGE('',*,*,#5094,.T.);
#5094 = EDGE_CURVE('',#5087,#5095,#5097,.T.);
#5095 = VERTEX_POINT('',#5096);
#5096 = CARTESIAN_POINT('',(0.755,-0.4,0.405));
#5097 = LINE('',#5098,#5099);
#5098 = CARTESIAN_POINT('',(-0.755,-0.4,0.405));
#5099 = VECTOR('',#5100,1.);
#5100 = DIRECTION('',(1.,0.,0.));
#5101 = ORIENTED_EDGE('',*,*,#5102,.F.);
#5102 = EDGE_CURVE('',#5103,#5095,#5105,.T.);
#5103 = VERTEX_POINT('',#5104);
#5104 = CARTESIAN_POINT('',(0.755,-0.4,4.5E-02));
#5105 = LINE('',#5106,#5107);
#5106 = CARTESIAN_POINT('',(0.755,-0.4,4.5E-02));
#5107 = VECTOR('',#5108,1.);
#5108 = DIRECTION('',(0.,0.,1.));
#5109 = ORIENTED_EDGE('',*,*,#5110,.F.);
#5110 = EDGE_CURVE('',#5111,#5103,#5113,.T.);
#5111 = VERTEX_POINT('',#5112);
#5112 = CARTESIAN_POINT('',(0.5,-0.4,4.5E-02));
#5113 = LINE('',#5114,#5115);
#5114 = CARTESIAN_POINT('',(-0.755,-0.4,4.5E-02));
#5115 = VECTOR('',#5116,1.);
#5116 = DIRECTION('',(1.,0.,0.));
#5117 = ORIENTED_EDGE('',*,*,#5118,.F.);
#5118 = EDGE_CURVE('',#4910,#5111,#5119,.T.);
#5119 = LINE('',#5120,#5121);
#5120 = CARTESIAN_POINT('',(-0.755,-0.4,4.5E-02));
#5121 = VECTOR('',#5122,1.);
#5122 = DIRECTION('',(1.,0.,0.));
#5123 = PLANE('',#5124);
#5124 = AXIS2_PLACEMENT_3D('',#5125,#5126,#5127);
#5125 = CARTESIAN_POINT('',(-0.755,-0.4,4.5E-02));
#5126 = DIRECTION('',(0.,1.,0.));
#5127 = DIRECTION('',(0.,-0.,1.));
#5128 = ADVANCED_FACE('',(#5129),#5140,.T.);
#5129 = FACE_BOUND('',#5130,.T.);
#5130 = EDGE_LOOP('',(#5131,#5132,#5133,#5134));
#5131 = ORIENTED_EDGE('',*,*,#4993,.F.);
#5132 = ORIENTED_EDGE('',*,*,#4958,.F.);
#5133 = ORIENTED_EDGE('',*,*,#4876,.T.);
#5134 = ORIENTED_EDGE('',*,*,#5135,.T.);
#5135 = EDGE_CURVE('',#4877,#4994,#5136,.T.);
#5136 = LINE('',#5137,#5138);
#5137 = CARTESIAN_POINT('',(-0.545,-0.4,0.45));
#5138 = VECTOR('',#5139,1.);
#5139 = DIRECTION('',(0.,1.,0.));
#5140 = PLANE('',#5141);
#5141 = AXIS2_PLACEMENT_3D('',#5142,#5143,#5144);
#5142 = CARTESIAN_POINT('',(-0.8,-0.4,0.45));
#5143 = DIRECTION('',(0.,0.,1.));
#5144 = DIRECTION('',(1.,0.,-0.));
#5145 = ADVANCED_FACE('',(#5146),#5157,.T.);
#5146 = FACE_BOUND('',#5147,.T.);
#5147 = EDGE_LOOP('',(#5148,#5154,#5155,#5156));
#5148 = ORIENTED_EDGE('',*,*,#5149,.T.);
#5149 = EDGE_CURVE('',#4885,#5002,#5150,.T.);
#5150 = LINE('',#5151,#5152);
#5151 = CARTESIAN_POINT('',(-0.5,-0.4,0.405));
#5152 = VECTOR('',#5153,1.);
#5153 = DIRECTION('',(0.,1.,0.));
#5154 = ORIENTED_EDGE('',*,*,#5001,.T.);
#5155 = ORIENTED_EDGE('',*,*,#5135,.F.);
#5156 = ORIENTED_EDGE('',*,*,#4884,.F.);
#5157 = CYLINDRICAL_SURFACE('',#5158,4.5E-02);
#5158 = AXIS2_PLACEMENT_3D('',#5159,#5160,#5161);
#5159 = CARTESIAN_POINT('',(-0.545,-0.4,0.405));
#5160 = DIRECTION('',(0.,1.,0.));
#5161 = DIRECTION('',(1.,0.,0.));
#5162 = ADVANCED_FACE('',(#5163),#5206,.T.);
#5163 = FACE_BOUND('',#5164,.T.);
#5164 = EDGE_LOOP('',(#5165,#5166,#5167,#5168,#5176,#5184,#5192,#5200));
#5165 = ORIENTED_EDGE('',*,*,#5026,.F.);
#5166 = ORIENTED_EDGE('',*,*,#5018,.T.);
#5167 = ORIENTED_EDGE('',*,*,#5010,.T.);
#5168 = ORIENTED_EDGE('',*,*,#5169,.T.);
#5169 = EDGE_CURVE('',#5002,#5170,#5172,.T.);
#5170 = VERTEX_POINT('',#5171);
#5171 = CARTESIAN_POINT('',(0.5,0.4,0.405));
#5172 = LINE('',#5173,#5174);
#5173 = CARTESIAN_POINT('',(-0.5,0.4,0.405));
#5174 = VECTOR('',#5175,1.);
#5175 = DIRECTION('',(1.,0.,0.));
#5176 = ORIENTED_EDGE('',*,*,#5177,.T.);
#5177 = EDGE_CURVE('',#5170,#5178,#5180,.T.);
#5178 = VERTEX_POINT('',#5179);
#5179 = CARTESIAN_POINT('',(0.755,0.4,0.405));
#5180 = LINE('',#5181,#5182);
#5181 = CARTESIAN_POINT('',(-0.755,0.4,0.405));
#5182 = VECTOR('',#5183,1.);
#5183 = DIRECTION('',(1.,0.,0.));
#5184 = ORIENTED_EDGE('',*,*,#5185,.F.);
#5185 = EDGE_CURVE('',#5186,#5178,#5188,.T.);
#5186 = VERTEX_POINT('',#5187);
#5187 = CARTESIAN_POINT('',(0.755,0.4,4.5E-02));
#5188 = LINE('',#5189,#5190);
#5189 = CARTESIAN_POINT('',(0.755,0.4,4.5E-02));
#5190 = VECTOR('',#5191,1.);
#5191 = DIRECTION('',(0.,0.,1.));
#5192 = ORIENTED_EDGE('',*,*,#5193,.F.);
#5193 = EDGE_CURVE('',#5194,#5186,#5196,.T.);
#5194 = VERTEX_POINT('',#5195);
#5195 = CARTESIAN_POINT('',(0.5,0.4,4.5E-02));
#5196 = LINE('',#5197,#5198);
#5197 = CARTESIAN_POINT('',(-0.755,0.4,4.5E-02));
#5198 = VECTOR('',#5199,1.);
#5199 = DIRECTION('',(1.,0.,0.));
#5200 = ORIENTED_EDGE('',*,*,#5201,.F.);
#5201 = EDGE_CURVE('',#5027,#5194,#5202,.T.);
#5202 = LINE('',#5203,#5204);
#5203 = CARTESIAN_POINT('',(-0.755,0.4,4.5E-02));
#5204 = VECTOR('',#5205,1.);
#5205 = DIRECTION('',(1.,0.,0.));
#5206 = PLANE('',#5207);
#5207 = AXIS2_PLACEMENT_3D('',#5208,#5209,#5210);
#5208 = CARTESIAN_POINT('',(-0.755,0.4,4.5E-02));
#5209 = DIRECTION('',(0.,1.,0.));
#5210 = DIRECTION('',(0.,-0.,1.));
#5211 = ADVANCED_FACE('',(#5212),#5223,.F.);
#5212 = FACE_BOUND('',#5213,.F.);
#5213 = EDGE_LOOP('',(#5214,#5215,#5216,#5222));
#5214 = ORIENTED_EDGE('',*,*,#5069,.F.);
#5215 = ORIENTED_EDGE('',*,*,#5118,.T.);
#5216 = ORIENTED_EDGE('',*,*,#5217,.T.);
#5217 = EDGE_CURVE('',#5111,#5194,#5218,.T.);
#5218 = LINE('',#5219,#5220);
#5219 = CARTESIAN_POINT('',(0.5,-0.4,4.5E-02));
#5220 = VECTOR('',#5221,1.);
#5221 = DIRECTION('',(0.,1.,0.));
#5222 = ORIENTED_EDGE('',*,*,#5201,.F.);
#5223 = PLANE('',#5224);
#5224 = AXIS2_PLACEMENT_3D('',#5225,#5226,#5227);
#5225 = CARTESIAN_POINT('',(-0.755,-0.4,4.5E-02));
#5226 = DIRECTION('',(0.,0.,1.));
#5227 = DIRECTION('',(1.,0.,-0.));
#5228 = ADVANCED_FACE('',(#5229),#5292,.F.);
#5229 = FACE_BOUND('',#5230,.F.);
#5230 = EDGE_LOOP('',(#5231,#5241,#5248,#5249,#5250,#5251,#5260,#5268,
    #5277,#5285));
#5231 = ORIENTED_EDGE('',*,*,#5232,.F.);
#5232 = EDGE_CURVE('',#5233,#5235,#5237,.T.);
#5233 = VERTEX_POINT('',#5234);
#5234 = CARTESIAN_POINT('',(0.545,-0.4,-2.775557561563E-17));
#5235 = VERTEX_POINT('',#5236);
#5236 = CARTESIAN_POINT('',(0.755,-0.4,-2.775557561563E-17));
#5237 = LINE('',#5238,#5239);
#5238 = CARTESIAN_POINT('',(0.5,-0.4,0.));
#5239 = VECTOR('',#5240,1.);
#5240 = DIRECTION('',(1.,0.,0.));
#5241 = ORIENTED_EDGE('',*,*,#5242,.F.);
#5242 = EDGE_CURVE('',#5111,#5233,#5243,.T.);
#5243 = CIRCLE('',#5244,4.5E-02);
#5244 = AXIS2_PLACEMENT_3D('',#5245,#5246,#5247);
#5245 = CARTESIAN_POINT('',(0.545,-0.4,4.5E-02));
#5246 = DIRECTION('',(0.,-1.,0.));
#5247 = DIRECTION('',(0.,0.,1.));
#5248 = ORIENTED_EDGE('',*,*,#5110,.T.);
#5249 = ORIENTED_EDGE('',*,*,#5102,.T.);
#5250 = ORIENTED_EDGE('',*,*,#5094,.F.);
#5251 = ORIENTED_EDGE('',*,*,#5252,.T.);
#5252 = EDGE_CURVE('',#5087,#5253,#5255,.T.);
#5253 = VERTEX_POINT('',#5254);
#5254 = CARTESIAN_POINT('',(0.545,-0.4,0.45));
#5255 = CIRCLE('',#5256,4.5E-02);
#5256 = AXIS2_PLACEMENT_3D('',#5257,#5258,#5259);
#5257 = CARTESIAN_POINT('',(0.545,-0.4,0.405));
#5258 = DIRECTION('',(0.,1.,0.));
#5259 = DIRECTION('',(0.,-0.,1.));
#5260 = ORIENTED_EDGE('',*,*,#5261,.T.);
#5261 = EDGE_CURVE('',#5253,#5262,#5264,.T.);
#5262 = VERTEX_POINT('',#5263);
#5263 = CARTESIAN_POINT('',(0.755,-0.4,0.45));
#5264 = LINE('',#5265,#5266);
#5265 = CARTESIAN_POINT('',(0.5,-0.4,0.45));
#5266 = VECTOR('',#5267,1.);
#5267 = DIRECTION('',(1.,0.,0.));
#5268 = ORIENTED_EDGE('',*,*,#5269,.F.);
#5269 = EDGE_CURVE('',#5270,#5262,#5272,.T.);
#5270 = VERTEX_POINT('',#5271);
#5271 = CARTESIAN_POINT('',(0.8,-0.4,0.405));
#5272 = CIRCLE('',#5273,4.5E-02);
#5273 = AXIS2_PLACEMENT_3D('',#5274,#5275,#5276);
#5274 = CARTESIAN_POINT('',(0.755,-0.4,0.405));
#5275 = DIRECTION('',(0.,-1.,0.));
#5276 = DIRECTION('',(0.,0.,1.));
#5277 = ORIENTED_EDGE('',*,*,#5278,.F.);
#5278 = EDGE_CURVE('',#5279,#5270,#5281,.T.);
#5279 = VERTEX_POINT('',#5280);
#5280 = CARTESIAN_POINT('',(0.8,-0.4,4.5E-02));
#5281 = LINE('',#5282,#5283);
#5282 = CARTESIAN_POINT('',(0.8,-0.4,0.));
#5283 = VECTOR('',#5284,1.);
#5284 = DIRECTION('',(0.,0.,1.));
#5285 = ORIENTED_EDGE('',*,*,#5286,.T.);
#5286 = EDGE_CURVE('',#5279,#5235,#5287,.T.);
#5287 = CIRCLE('',#5288,4.5E-02);
#5288 = AXIS2_PLACEMENT_3D('',#5289,#5290,#5291);
#5289 = CARTESIAN_POINT('',(0.755,-0.4,4.5E-02));
#5290 = DIRECTION('',(0.,1.,0.));
#5291 = DIRECTION('',(0.,-0.,1.));
#5292 = PLANE('',#5293);
#5293 = AXIS2_PLACEMENT_3D('',#5294,#5295,#5296);
#5294 = CARTESIAN_POINT('',(0.5,-0.4,0.));
#5295 = DIRECTION('',(0.,1.,0.));
#5296 = DIRECTION('',(0.,-0.,1.));
#5297 = ADVANCED_FACE('',(#5298),#5323,.F.);
#5298 = FACE_BOUND('',#5299,.F.);
#5299 = EDGE_LOOP('',(#5300,#5301,#5309,#5317));
#5300 = ORIENTED_EDGE('',*,*,#5086,.F.);
#5301 = ORIENTED_EDGE('',*,*,#5302,.T.);
#5302 = EDGE_CURVE('',#4885,#5303,#5305,.T.);
#5303 = VERTEX_POINT('',#5304);
#5304 = CARTESIAN_POINT('',(-0.5,-0.4,0.45));
#5305 = LINE('',#5306,#5307);
#5306 = CARTESIAN_POINT('',(-0.5,-0.4,0.405));
#5307 = VECTOR('',#5308,1.);
#5308 = DIRECTION('',(0.,0.,1.));
#5309 = ORIENTED_EDGE('',*,*,#5310,.T.);
#5310 = EDGE_CURVE('',#5303,#5311,#5313,.T.);
#5311 = VERTEX_POINT('',#5312);
#5312 = CARTESIAN_POINT('',(0.5,-0.4,0.45));
#5313 = LINE('',#5314,#5315);
#5314 = CARTESIAN_POINT('',(-0.5,-0.4,0.45));
#5315 = VECTOR('',#5316,1.);
#5316 = DIRECTION('',(1.,0.,0.));
#5317 = ORIENTED_EDGE('',*,*,#5318,.F.);
#5318 = EDGE_CURVE('',#5087,#5311,#5319,.T.);
#5319 = LINE('',#5320,#5321);
#5320 = CARTESIAN_POINT('',(0.5,-0.4,0.405));
#5321 = VECTOR('',#5322,1.);
#5322 = DIRECTION('',(0.,0.,1.));
#5323 = PLANE('',#5324);
#5324 = AXIS2_PLACEMENT_3D('',#5325,#5326,#5327);
#5325 = CARTESIAN_POINT('',(-0.5,-0.4,0.405));
#5326 = DIRECTION('',(0.,1.,0.));
#5327 = DIRECTION('',(0.,-0.,1.));
#5328 = ADVANCED_FACE('',(#5329),#5347,.F.);
#5329 = FACE_BOUND('',#5330,.F.);
#5330 = EDGE_LOOP('',(#5331,#5332,#5333,#5341));
#5331 = ORIENTED_EDGE('',*,*,#5302,.F.);
#5332 = ORIENTED_EDGE('',*,*,#5149,.T.);
#5333 = ORIENTED_EDGE('',*,*,#5334,.T.);
#5334 = EDGE_CURVE('',#5002,#5335,#5337,.T.);
#5335 = VERTEX_POINT('',#5336);
#5336 = CARTESIAN_POINT('',(-0.5,0.4,0.45));
#5337 = LINE('',#5338,#5339);
#5338 = CARTESIAN_POINT('',(-0.5,0.4,0.405));
#5339 = VECTOR('',#5340,1.);
#5340 = DIRECTION('',(0.,0.,1.));
#5341 = ORIENTED_EDGE('',*,*,#5342,.F.);
#5342 = EDGE_CURVE('',#5303,#5335,#5343,.T.);
#5343 = LINE('',#5344,#5345);
#5344 = CARTESIAN_POINT('',(-0.5,-0.4,0.45));
#5345 = VECTOR('',#5346,1.);
#5346 = DIRECTION('',(0.,1.,0.));
#5347 = PLANE('',#5348);
#5348 = AXIS2_PLACEMENT_3D('',#5349,#5350,#5351);
#5349 = CARTESIAN_POINT('',(-0.5,-0.4,0.405));
#5350 = DIRECTION('',(1.,0.,0.));
#5351 = DIRECTION('',(0.,0.,1.));
#5352 = ADVANCED_FACE('',(#5353),#5416,.T.);
#5353 = FACE_BOUND('',#5354,.T.);
#5354 = EDGE_LOOP('',(#5355,#5365,#5372,#5373,#5374,#5375,#5384,#5392,
    #5401,#5409));
#5355 = ORIENTED_EDGE('',*,*,#5356,.F.);
#5356 = EDGE_CURVE('',#5357,#5359,#5361,.T.);
#5357 = VERTEX_POINT('',#5358);
#5358 = CARTESIAN_POINT('',(0.545,0.4,-2.775557561563E-17));
#5359 = VERTEX_POINT('',#5360);
#5360 = CARTESIAN_POINT('',(0.755,0.4,-2.775557561563E-17));
#5361 = LINE('',#5362,#5363);
#5362 = CARTESIAN_POINT('',(0.5,0.4,0.));
#5363 = VECTOR('',#5364,1.);
#5364 = DIRECTION('',(1.,0.,0.));
#5365 = ORIENTED_EDGE('',*,*,#5366,.F.);
#5366 = EDGE_CURVE('',#5194,#5357,#5367,.T.);
#5367 = CIRCLE('',#5368,4.5E-02);
#5368 = AXIS2_PLACEMENT_3D('',#5369,#5370,#5371);
#5369 = CARTESIAN_POINT('',(0.545,0.4,4.5E-02));
#5370 = DIRECTION('',(0.,-1.,0.));
#5371 = DIRECTION('',(0.,0.,1.));
#5372 = ORIENTED_EDGE('',*,*,#5193,.T.);
#5373 = ORIENTED_EDGE('',*,*,#5185,.T.);
#5374 = ORIENTED_EDGE('',*,*,#5177,.F.);
#5375 = ORIENTED_EDGE('',*,*,#5376,.T.);
#5376 = EDGE_CURVE('',#5170,#5377,#5379,.T.);
#5377 = VERTEX_POINT('',#5378);
#5378 = CARTESIAN_POINT('',(0.545,0.4,0.45));
#5379 = CIRCLE('',#5380,4.5E-02);
#5380 = AXIS2_PLACEMENT_3D('',#5381,#5382,#5383);
#5381 = CARTESIAN_POINT('',(0.545,0.4,0.405));
#5382 = DIRECTION('',(0.,1.,0.));
#5383 = DIRECTION('',(0.,-0.,1.));
#5384 = ORIENTED_EDGE('',*,*,#5385,.T.);
#5385 = EDGE_CURVE('',#5377,#5386,#5388,.T.);
#5386 = VERTEX_POINT('',#5387);
#5387 = CARTESIAN_POINT('',(0.755,0.4,0.45));
#5388 = LINE('',#5389,#5390);
#5389 = CARTESIAN_POINT('',(0.5,0.4,0.45));
#5390 = VECTOR('',#5391,1.);
#5391 = DIRECTION('',(1.,0.,0.));
#5392 = ORIENTED_EDGE('',*,*,#5393,.F.);
#5393 = EDGE_CURVE('',#5394,#5386,#5396,.T.);
#5394 = VERTEX_POINT('',#5395);
#5395 = CARTESIAN_POINT('',(0.8,0.4,0.405));
#5396 = CIRCLE('',#5397,4.5E-02);
#5397 = AXIS2_PLACEMENT_3D('',#5398,#5399,#5400);
#5398 = CARTESIAN_POINT('',(0.755,0.4,0.405));
#5399 = DIRECTION('',(0.,-1.,0.));
#5400 = DIRECTION('',(0.,0.,1.));
#5401 = ORIENTED_EDGE('',*,*,#5402,.F.);
#5402 = EDGE_CURVE('',#5403,#5394,#5405,.T.);
#5403 = VERTEX_POINT('',#5404);
#5404 = CARTESIAN_POINT('',(0.8,0.4,4.5E-02));
#5405 = LINE('',#5406,#5407);
#5406 = CARTESIAN_POINT('',(0.8,0.4,0.));
#5407 = VECTOR('',#5408,1.);
#5408 = DIRECTION('',(0.,0.,1.));
#5409 = ORIENTED_EDGE('',*,*,#5410,.T.);
#5410 = EDGE_CURVE('',#5403,#5359,#5411,.T.);
#5411 = CIRCLE('',#5412,4.5E-02);
#5412 = AXIS2_PLACEMENT_3D('',#5413,#5414,#5415);
#5413 = CARTESIAN_POINT('',(0.755,0.4,4.5E-02));
#5414 = DIRECTION('',(0.,1.,0.));
#5415 = DIRECTION('',(0.,-0.,1.));
#5416 = PLANE('',#5417);
#5417 = AXIS2_PLACEMENT_3D('',#5418,#5419,#5420);
#5418 = CARTESIAN_POINT('',(0.5,0.4,0.));
#5419 = DIRECTION('',(0.,1.,0.));
#5420 = DIRECTION('',(0.,-0.,1.));
#5421 = ADVANCED_FACE('',(#5422),#5440,.T.);
#5422 = FACE_BOUND('',#5423,.T.);
#5423 = EDGE_LOOP('',(#5424,#5425,#5426,#5434));
#5424 = ORIENTED_EDGE('',*,*,#5169,.F.);
#5425 = ORIENTED_EDGE('',*,*,#5334,.T.);
#5426 = ORIENTED_EDGE('',*,*,#5427,.T.);
#5427 = EDGE_CURVE('',#5335,#5428,#5430,.T.);
#5428 = VERTEX_POINT('',#5429);
#5429 = CARTESIAN_POINT('',(0.5,0.4,0.45));
#5430 = LINE('',#5431,#5432);
#5431 = CARTESIAN_POINT('',(-0.5,0.4,0.45));
#5432 = VECTOR('',#5433,1.);
#5433 = DIRECTION('',(1.,0.,0.));
#5434 = ORIENTED_EDGE('',*,*,#5435,.F.);
#5435 = EDGE_CURVE('',#5170,#5428,#5436,.T.);
#5436 = LINE('',#5437,#5438);
#5437 = CARTESIAN_POINT('',(0.5,0.4,0.405));
#5438 = VECTOR('',#5439,1.);
#5439 = DIRECTION('',(0.,0.,1.));
#5440 = PLANE('',#5441);
#5441 = AXIS2_PLACEMENT_3D('',#5442,#5443,#5444);
#5442 = CARTESIAN_POINT('',(-0.5,0.4,0.405));
#5443 = DIRECTION('',(0.,1.,0.));
#5444 = DIRECTION('',(0.,-0.,1.));
#5445 = ADVANCED_FACE('',(#5446),#5457,.T.);
#5446 = FACE_BOUND('',#5447,.T.);
#5447 = EDGE_LOOP('',(#5448,#5449,#5450,#5456));
#5448 = ORIENTED_EDGE('',*,*,#5217,.T.);
#5449 = ORIENTED_EDGE('',*,*,#5366,.T.);
#5450 = ORIENTED_EDGE('',*,*,#5451,.F.);
#5451 = EDGE_CURVE('',#5233,#5357,#5452,.T.);
#5452 = LINE('',#5453,#5454);
#5453 = CARTESIAN_POINT('',(0.545,-0.4,-2.775557561563E-17));
#5454 = VECTOR('',#5455,1.);
#5455 = DIRECTION('',(0.,1.,0.));
#5456 = ORIENTED_EDGE('',*,*,#5242,.F.);
#5457 = CYLINDRICAL_SURFACE('',#5458,4.5E-02);
#5458 = AXIS2_PLACEMENT_3D('',#5459,#5460,#5461);
#5459 = CARTESIAN_POINT('',(0.545,-0.4,4.5E-02));
#5460 = DIRECTION('',(0.,1.,0.));
#5461 = DIRECTION('',(-1.,0.,0.));
#5462 = ADVANCED_FACE('',(#5463),#5474,.F.);
#5463 = FACE_BOUND('',#5464,.F.);
#5464 = EDGE_LOOP('',(#5465,#5466,#5467,#5468));
#5465 = ORIENTED_EDGE('',*,*,#5356,.F.);
#5466 = ORIENTED_EDGE('',*,*,#5451,.F.);
#5467 = ORIENTED_EDGE('',*,*,#5232,.T.);
#5468 = ORIENTED_EDGE('',*,*,#5469,.T.);
#5469 = EDGE_CURVE('',#5235,#5359,#5470,.T.);
#5470 = LINE('',#5471,#5472);
#5471 = CARTESIAN_POINT('',(0.755,-0.4,-2.775557561563E-17));
#5472 = VECTOR('',#5473,1.);
#5473 = DIRECTION('',(0.,1.,0.));
#5474 = PLANE('',#5475);
#5475 = AXIS2_PLACEMENT_3D('',#5476,#5477,#5478);
#5476 = CARTESIAN_POINT('',(0.5,-0.4,0.));
#5477 = DIRECTION('',(0.,0.,1.));
#5478 = DIRECTION('',(1.,0.,-0.));
#5479 = ADVANCED_FACE('',(#5480),#5491,.T.);
#5480 = FACE_BOUND('',#5481,.T.);
#5481 = EDGE_LOOP('',(#5482,#5483,#5484,#5485));
#5482 = ORIENTED_EDGE('',*,*,#5286,.T.);
#5483 = ORIENTED_EDGE('',*,*,#5469,.T.);
#5484 = ORIENTED_EDGE('',*,*,#5410,.F.);
#5485 = ORIENTED_EDGE('',*,*,#5486,.F.);
#5486 = EDGE_CURVE('',#5279,#5403,#5487,.T.);
#5487 = LINE('',#5488,#5489);
#5488 = CARTESIAN_POINT('',(0.8,-0.4,4.5E-02));
#5489 = VECTOR('',#5490,1.);
#5490 = DIRECTION('',(0.,1.,0.));
#5491 = CYLINDRICAL_SURFACE('',#5492,4.5E-02);
#5492 = AXIS2_PLACEMENT_3D('',#5493,#5494,#5495);
#5493 = CARTESIAN_POINT('',(0.755,-0.4,4.5E-02));
#5494 = DIRECTION('',(0.,1.,0.));
#5495 = DIRECTION('',(1.,0.,0.));
#5496 = ADVANCED_FACE('',(#5497),#5508,.T.);
#5497 = FACE_BOUND('',#5498,.T.);
#5498 = EDGE_LOOP('',(#5499,#5500,#5501,#5502));
#5499 = ORIENTED_EDGE('',*,*,#5278,.F.);
#5500 = ORIENTED_EDGE('',*,*,#5486,.T.);
#5501 = ORIENTED_EDGE('',*,*,#5402,.T.);
#5502 = ORIENTED_EDGE('',*,*,#5503,.F.);
#5503 = EDGE_CURVE('',#5270,#5394,#5504,.T.);
#5504 = LINE('',#5505,#5506);
#5505 = CARTESIAN_POINT('',(0.8,-0.4,0.405));
#5506 = VECTOR('',#5507,1.);
#5507 = DIRECTION('',(0.,1.,0.));
#5508 = PLANE('',#5509);
#5509 = AXIS2_PLACEMENT_3D('',#5510,#5511,#5512);
#5510 = CARTESIAN_POINT('',(0.8,-0.4,0.));
#5511 = DIRECTION('',(1.,0.,0.));
#5512 = DIRECTION('',(0.,0.,1.));
#5513 = ADVANCED_FACE('',(#5514),#5525,.T.);
#5514 = FACE_BOUND('',#5515,.T.);
#5515 = EDGE_LOOP('',(#5516,#5517,#5518,#5524));
#5516 = ORIENTED_EDGE('',*,*,#5503,.T.);
#5517 = ORIENTED_EDGE('',*,*,#5393,.T.);
#5518 = ORIENTED_EDGE('',*,*,#5519,.F.);
#5519 = EDGE_CURVE('',#5262,#5386,#5520,.T.);
#5520 = LINE('',#5521,#5522);
#5521 = CARTESIAN_POINT('',(0.755,-0.4,0.45));
#5522 = VECTOR('',#5523,1.);
#5523 = DIRECTION('',(0.,1.,0.));
#5524 = ORIENTED_EDGE('',*,*,#5269,.F.);
#5525 = CYLINDRICAL_SURFACE('',#5526,4.5E-02);
#5526 = AXIS2_PLACEMENT_3D('',#5527,#5528,#5529);
#5527 = CARTESIAN_POINT('',(0.755,-0.4,0.405));
#5528 = DIRECTION('',(0.,1.,0.));
#5529 = DIRECTION('',(1.,0.,0.));
#5530 = ADVANCED_FACE('',(#5531),#5542,.T.);
#5531 = FACE_BOUND('',#5532,.T.);
#5532 = EDGE_LOOP('',(#5533,#5534,#5540,#5541));
#5533 = ORIENTED_EDGE('',*,*,#5385,.F.);
#5534 = ORIENTED_EDGE('',*,*,#5535,.F.);
#5535 = EDGE_CURVE('',#5253,#5377,#5536,.T.);
#5536 = LINE('',#5537,#5538);
#5537 = CARTESIAN_POINT('',(0.545,-0.4,0.45));
#5538 = VECTOR('',#5539,1.);
#5539 = DIRECTION('',(0.,1.,0.));
#5540 = ORIENTED_EDGE('',*,*,#5261,.T.);
#5541 = ORIENTED_EDGE('',*,*,#5519,.T.);
#5542 = PLANE('',#5543);
#5543 = AXIS2_PLACEMENT_3D('',#5544,#5545,#5546);
#5544 = CARTESIAN_POINT('',(0.5,-0.4,0.45));
#5545 = DIRECTION('',(0.,0.,1.));
#5546 = DIRECTION('',(1.,0.,-0.));
#5547 = ADVANCED_FACE('',(#5548),#5559,.T.);
#5548 = FACE_BOUND('',#5549,.T.);
#5549 = EDGE_LOOP('',(#5550,#5551,#5552,#5553));
#5550 = ORIENTED_EDGE('',*,*,#5252,.T.);
#5551 = ORIENTED_EDGE('',*,*,#5535,.T.);
#5552 = ORIENTED_EDGE('',*,*,#5376,.F.);
#5553 = ORIENTED_EDGE('',*,*,#5554,.F.);
#5554 = EDGE_CURVE('',#5087,#5170,#5555,.T.);
#5555 = LINE('',#5556,#5557);
#5556 = CARTESIAN_POINT('',(0.5,-0.4,0.405));
#5557 = VECTOR('',#5558,1.);
#5558 = DIRECTION('',(0.,1.,0.));
#5559 = CYLINDRICAL_SURFACE('',#5560,4.5E-02);
#5560 = AXIS2_PLACEMENT_3D('',#5561,#5562,#5563);
#5561 = CARTESIAN_POINT('',(0.545,-0.4,0.405));
#5562 = DIRECTION('',(0.,1.,0.));
#5563 = DIRECTION('',(-1.,0.,0.));
#5564 = ADVANCED_FACE('',(#5565),#5576,.T.);
#5565 = FACE_BOUND('',#5566,.T.);
#5566 = EDGE_LOOP('',(#5567,#5568,#5569,#5570));
#5567 = ORIENTED_EDGE('',*,*,#5318,.F.);
#5568 = ORIENTED_EDGE('',*,*,#5554,.T.);
#5569 = ORIENTED_EDGE('',*,*,#5435,.T.);
#5570 = ORIENTED_EDGE('',*,*,#5571,.F.);
#5571 = EDGE_CURVE('',#5311,#5428,#5572,.T.);
#5572 = LINE('',#5573,#5574);
#5573 = CARTESIAN_POINT('',(0.5,-0.4,0.45));
#5574 = VECTOR('',#5575,1.);
#5575 = DIRECTION('',(0.,1.,0.));
#5576 = PLANE('',#5577);
#5577 = AXIS2_PLACEMENT_3D('',#5578,#5579,#5580);
#5578 = CARTESIAN_POINT('',(0.5,-0.4,0.405));
#5579 = DIRECTION('',(1.,0.,0.));
#5580 = DIRECTION('',(0.,0.,1.));
#5581 = ADVANCED_FACE('',(#5582),#5588,.T.);
#5582 = FACE_BOUND('',#5583,.T.);
#5583 = EDGE_LOOP('',(#5584,#5585,#5586,#5587));
#5584 = ORIENTED_EDGE('',*,*,#5342,.F.);
#5585 = ORIENTED_EDGE('',*,*,#5310,.T.);
#5586 = ORIENTED_EDGE('',*,*,#5571,.T.);
#5587 = ORIENTED_EDGE('',*,*,#5427,.F.);
#5588 = PLANE('',#5589);
#5589 = AXIS2_PLACEMENT_3D('',#5590,#5591,#5592);
#5590 = CARTESIAN_POINT('',(-0.5,-0.4,0.45));
#5591 = DIRECTION('',(0.,0.,1.));
#5592 = DIRECTION('',(1.,0.,-0.));
#5593 = ( GEOMETRIC_REPRESENTATION_CONTEXT(3) 
GLOBAL_UNCERTAINTY_ASSIGNED_CONTEXT((#5597)) 
GLOBAL_UNIT_ASSIGNED_CONTEXT((#5594,#5595,#5596)) REPRESENTATION_CONTEXT
('Context #1','3D Context with UNIT and UNCERTAINTY') );
#5594 = ( LENGTH_UNIT() NAMED_UNIT(*) SI_UNIT(.MILLI.,.METRE.) );
#5595 = ( NAMED_UNIT(*) PLANE_ANGLE_UNIT() SI_UNIT($,.RADIAN.) );
#5596 = ( NAMED_UNIT(*) SI_UNIT($,.STERADIAN.) SOLID_ANGLE_UNIT() );
#5597 = UNCERTAINTY_MEASURE_WITH_UNIT(LENGTH_MEASURE(1.E-07),#5594,
  'distance_accuracy_value','confusion accuracy');
#5598 = CONTEXT_DEPENDENT_SHAPE_REPRESENTATION(#5599,#5601);
#5599 = ( REPRESENTATION_RELATIONSHIP('','',#4802,#4779) 
REPRESENTATION_RELATIONSHIP_WITH_TRANSFORMATION(#5600) 
SHAPE_REPRESENTATION_RELATIONSHIP() );
#5600 = ITEM_DEFINED_TRANSFORMATION('','',#11,#4780);
#5601 = PRODUCT_DEFINITION_SHAPE('Placement','Placement of an item',
  #5602);
#5602 = NEXT_ASSEMBLY_USAGE_OCCURRENCE('9','=>[0:1:1:11]','',#4774,#4797
  ,$);
#5603 = PRODUCT_RELATED_PRODUCT_CATEGORY('part',$,(#4799));
#5604 = SHAPE_DEFINITION_REPRESENTATION(#5605,#5611);
#5605 = PRODUCT_DEFINITION_SHAPE('','',#5606);
#5606 = PRODUCT_DEFINITION('design','',#5607,#5610);
#5607 = PRODUCT_DEFINITION_FORMATION('','',#5608);
#5608 = PRODUCT('D_SOD-123F','D_SOD-123F','',(#5609));
#5609 = PRODUCT_CONTEXT('',#2,'mechanical');
#5610 = PRODUCT_DEFINITION_CONTEXT('part definition',#2,'design');
#5611 = SHAPE_REPRESENTATION('',(#11,#5612),#5616);
#5612 = AXIS2_PLACEMENT_3D('',#5613,#5614,#5615);
#5613 = CARTESIAN_POINT('',(0.,0.,0.));
#5614 = DIRECTION('',(0.,0.,1.));
#5615 = DIRECTION('',(1.,0.,-0.));
#5616 = ( GEOMETRIC_REPRESENTATION_CONTEXT(3) 
GLOBAL_UNCERTAINTY_ASSIGNED_CONTEXT((#5620)) 
GLOBAL_UNIT_ASSIGNED_CONTEXT((#5617,#5618,#5619)) REPRESENTATION_CONTEXT
('Context #1','3D Context with UNIT and UNCERTAINTY') );
#5617 = ( LENGTH_UNIT() NAMED_UNIT(*) SI_UNIT(.MILLI.,.METRE.) );
#5618 = ( NAMED_UNIT(*) PLANE_ANGLE_UNIT() SI_UNIT($,.RADIAN.) );
#5619 = ( NAMED_UNIT(*) SI_UNIT($,.STERADIAN.) SOLID_ANGLE_UNIT() );
#5620 = UNCERTAINTY_MEASURE_WITH_UNIT(LENGTH_MEASURE(5.E-06),#5617,
  'distance_accuracy_value','confusion accuracy');
#5621 = CONTEXT_DEPENDENT_SHAPE_REPRESENTATION(#5622,#5624);
#5622 = ( REPRESENTATION_RELATIONSHIP('','',#5611,#10) 
REPRESENTATION_RELATIONSHIP_WITH_TRANSFORMATION(#5623) 
SHAPE_REPRESENTATION_RELATIONSHIP() );
#5623 = ITEM_DEFINED_TRANSFORMATION('','',#11,#35);
#5624 = PRODUCT_DEFINITION_SHAPE('Placement','Placement of an item',
  #5625);
#5625 = NEXT_ASSEMBLY_USAGE_OCCURRENCE('12','D1','',#5,#5606,$);
#5626 = PRODUCT_RELATED_PRODUCT_CATEGORY('part',$,(#5608));
#5627 = SHAPE_DEFINITION_REPRESENTATION(#5628,#5634);
#5628 = PRODUCT_DEFINITION_SHAPE('','',#5629);
#5629 = PRODUCT_DEFINITION('design','',#5630,#5633);
#5630 = PRODUCT_DEFINITION_FORMATION('','',#5631);
#5631 = PRODUCT('D_SOD_123F','D_SOD_123F','',(#5632));
#5632 = PRODUCT_CONTEXT('',#2,'mechanical');
#5633 = PRODUCT_DEFINITION_CONTEXT('part definition',#2,'design');
#5634 = ADVANCED_BREP_SHAPE_REPRESENTATION('',(#11,#5635),#6347);
#5635 = MANIFOLD_SOLID_BREP('',#5636);
#5636 = CLOSED_SHELL('',(#5637,#5677,#5710,#5734,#5760,#5777,#5807,#5845
    ,#5868,#5917,#5940,#5963,#6021,#6044,#6060,#6086,#6117,#6143,#6162,
    #6193,#6217,#6241,#6258,#6282,#6306,#6323,#6335));
#5637 = ADVANCED_FACE('',(#5638),#5672,.T.);
#5638 = FACE_BOUND('',#5639,.T.);
#5639 = EDGE_LOOP('',(#5640,#5650,#5658,#5666));
#5640 = ORIENTED_EDGE('',*,*,#5641,.F.);
#5641 = EDGE_CURVE('',#5642,#5644,#5646,.T.);
#5642 = VERTEX_POINT('',#5643);
#5643 = CARTESIAN_POINT('',(1.75,-0.325,0.));
#5644 = VERTEX_POINT('',#5645);
#5645 = CARTESIAN_POINT('',(1.75,-0.325,0.2));
#5646 = LINE('',#5647,#5648);
#5647 = CARTESIAN_POINT('',(1.75,-0.325,0.));
#5648 = VECTOR('',#5649,1.);
#5649 = DIRECTION('',(0.,0.,1.));
#5650 = ORIENTED_EDGE('',*,*,#5651,.T.);
#5651 = EDGE_CURVE('',#5642,#5652,#5654,.T.);
#5652 = VERTEX_POINT('',#5653);
#5653 = CARTESIAN_POINT('',(1.75,0.325,0.));
#5654 = LINE('',#5655,#5656);
#5655 = CARTESIAN_POINT('',(1.75,-0.325,0.));
#5656 = VECTOR('',#5657,1.);
#5657 = DIRECTION('',(3.330669073875E-16,1.,0.));
#5658 = ORIENTED_EDGE('',*,*,#5659,.T.);
#5659 = EDGE_CURVE('',#5652,#5660,#5662,.T.);
#5660 = VERTEX_POINT('',#5661);
#5661 = CARTESIAN_POINT('',(1.75,0.325,0.2));
#5662 = LINE('',#5663,#5664);
#5663 = CARTESIAN_POINT('',(1.75,0.325,0.));
#5664 = VECTOR('',#5665,1.);
#5665 = DIRECTION('',(0.,0.,1.));
#5666 = ORIENTED_EDGE('',*,*,#5667,.F.);
#5667 = EDGE_CURVE('',#5644,#5660,#5668,.T.);
#5668 = LINE('',#5669,#5670);
#5669 = CARTESIAN_POINT('',(1.75,-0.325,0.2));
#5670 = VECTOR('',#5671,1.);
#5671 = DIRECTION('',(3.330669073875E-16,1.,0.));
#5672 = PLANE('',#5673);
#5673 = AXIS2_PLACEMENT_3D('',#5674,#5675,#5676);
#5674 = CARTESIAN_POINT('',(1.75,-0.325,0.));
#5675 = DIRECTION('',(1.,-3.330669073875E-16,0.));
#5676 = DIRECTION('',(0.,0.,1.));
#5677 = ADVANCED_FACE('',(#5678),#5705,.F.);
#5678 = FACE_BOUND('',#5679,.F.);
#5679 = EDGE_LOOP('',(#5680,#5688,#5698,#5704));
#5680 = ORIENTED_EDGE('',*,*,#5681,.F.);
#5681 = EDGE_CURVE('',#5682,#5642,#5684,.T.);
#5682 = VERTEX_POINT('',#5683);
#5683 = CARTESIAN_POINT('',(1.286014637611,-0.325,0.));
#5684 = LINE('',#5685,#5686);
#5685 = CARTESIAN_POINT('',(1.286014637611,-0.325,0.));
#5686 = VECTOR('',#5687,1.);
#5687 = DIRECTION('',(1.,-3.330669073875E-16,0.));
#5688 = ORIENTED_EDGE('',*,*,#5689,.T.);
#5689 = EDGE_CURVE('',#5682,#5690,#5692,.T.);
#5690 = VERTEX_POINT('',#5691);
#5691 = CARTESIAN_POINT('',(1.3,-0.325,0.2));
#5692 = B_SPLINE_CURVE_WITH_KNOTS('',4,(#5693,#5694,#5695,#5696,#5697),
  .UNSPECIFIED.,.F.,.F.,(5,5),(0.,1.),.PIECEWISE_BEZIER_KNOTS.);
#5693 = CARTESIAN_POINT('',(1.286014637611,-0.325,0.));
#5694 = CARTESIAN_POINT('',(1.289510976465,-0.325,4.999997507219E-02));
#5695 = CARTESIAN_POINT('',(1.293007316516,-0.325,9.999996725694E-02));
#5696 = CARTESIAN_POINT('',(1.29650365771,-0.325,0.149999975794));
#5697 = CARTESIAN_POINT('',(1.3,-0.325,0.2));
#5698 = ORIENTED_EDGE('',*,*,#5699,.T.);
#5699 = EDGE_CURVE('',#5690,#5644,#5700,.T.);
#5700 = LINE('',#5701,#5702);
#5701 = CARTESIAN_POINT('',(1.286014637611,-0.325,0.2));
#5702 = VECTOR('',#5703,1.);
#5703 = DIRECTION('',(1.,-3.330669073875E-16,0.));
#5704 = ORIENTED_EDGE('',*,*,#5641,.F.);
#5705 = PLANE('',#5706);
#5706 = AXIS2_PLACEMENT_3D('',#5707,#5708,#5709);
#5707 = CARTESIAN_POINT('',(1.286014637611,-0.325,0.));
#5708 = DIRECTION('',(3.330669073875E-16,1.,0.));
#5709 = DIRECTION('',(0.,-0.,1.));
#5710 = ADVANCED_FACE('',(#5711),#5729,.T.);
#5711 = FACE_BOUND('',#5712,.T.);
#5712 = EDGE_LOOP('',(#5713,#5721,#5722,#5723));
#5713 = ORIENTED_EDGE('',*,*,#5714,.F.);
#5714 = EDGE_CURVE('',#5690,#5715,#5717,.T.);
#5715 = VERTEX_POINT('',#5716);
#5716 = CARTESIAN_POINT('',(1.3,0.325,0.2));
#5717 = LINE('',#5718,#5719);
#5718 = CARTESIAN_POINT('',(1.3,-0.8,0.2));
#5719 = VECTOR('',#5720,1.);
#5720 = DIRECTION('',(0.,1.,0.));
#5721 = ORIENTED_EDGE('',*,*,#5699,.T.);
#5722 = ORIENTED_EDGE('',*,*,#5667,.T.);
#5723 = ORIENTED_EDGE('',*,*,#5724,.F.);
#5724 = EDGE_CURVE('',#5715,#5660,#5725,.T.);
#5725 = LINE('',#5726,#5727);
#5726 = CARTESIAN_POINT('',(1.286014637611,0.325,0.2));
#5727 = VECTOR('',#5728,1.);
#5728 = DIRECTION('',(1.,-3.330669073875E-16,0.));
#5729 = PLANE('',#5730);
#5730 = AXIS2_PLACEMENT_3D('',#5731,#5732,#5733);
#5731 = CARTESIAN_POINT('',(1.286014637611,-0.325,0.2));
#5732 = DIRECTION('',(0.,0.,1.));
#5733 = DIRECTION('',(1.,-3.330669073875E-16,0.));
#5734 = ADVANCED_FACE('',(#5735),#5755,.T.);
#5735 = FACE_BOUND('',#5736,.T.);
#5736 = EDGE_LOOP('',(#5737,#5745,#5753,#5754));
#5737 = ORIENTED_EDGE('',*,*,#5738,.F.);
#5738 = EDGE_CURVE('',#5739,#5652,#5741,.T.);
#5739 = VERTEX_POINT('',#5740);
#5740 = CARTESIAN_POINT('',(1.286014637611,0.325,0.));
#5741 = LINE('',#5742,#5743);
#5742 = CARTESIAN_POINT('',(1.286014637611,0.325,0.));
#5743 = VECTOR('',#5744,1.);
#5744 = DIRECTION('',(1.,-3.330669073875E-16,0.));
#5745 = ORIENTED_EDGE('',*,*,#5746,.T.);
#5746 = EDGE_CURVE('',#5739,#5715,#5747,.T.);
#5747 = B_SPLINE_CURVE_WITH_KNOTS('',4,(#5748,#5749,#5750,#5751,#5752),
  .UNSPECIFIED.,.F.,.F.,(5,5),(0.,1.),.PIECEWISE_BEZIER_KNOTS.);
#5748 = CARTESIAN_POINT('',(1.286014637611,0.325,0.));
#5749 = CARTESIAN_POINT('',(1.289510976465,0.325,4.999997507219E-02));
#5750 = CARTESIAN_POINT('',(1.293007316516,0.325,9.999996725694E-02));
#5751 = CARTESIAN_POINT('',(1.29650365771,0.325,0.149999975794));
#5752 = CARTESIAN_POINT('',(1.3,0.325,0.2));
#5753 = ORIENTED_EDGE('',*,*,#5724,.T.);
#5754 = ORIENTED_EDGE('',*,*,#5659,.F.);
#5755 = PLANE('',#5756);
#5756 = AXIS2_PLACEMENT_3D('',#5757,#5758,#5759);
#5757 = CARTESIAN_POINT('',(1.286014637611,0.325,0.));
#5758 = DIRECTION('',(3.330669073875E-16,1.,0.));
#5759 = DIRECTION('',(0.,-0.,1.));
#5760 = ADVANCED_FACE('',(#5761),#5772,.F.);
#5761 = FACE_BOUND('',#5762,.F.);
#5762 = EDGE_LOOP('',(#5763,#5769,#5770,#5771));
#5763 = ORIENTED_EDGE('',*,*,#5764,.F.);
#5764 = EDGE_CURVE('',#5682,#5739,#5765,.T.);
#5765 = LINE('',#5766,#5767);
#5766 = CARTESIAN_POINT('',(1.286014637611,-0.325,0.));
#5767 = VECTOR('',#5768,1.);
#5768 = DIRECTION('',(3.330669073875E-16,1.,0.));
#5769 = ORIENTED_EDGE('',*,*,#5681,.T.);
#5770 = ORIENTED_EDGE('',*,*,#5651,.T.);
#5771 = ORIENTED_EDGE('',*,*,#5738,.F.);
#5772 = PLANE('',#5773);
#5773 = AXIS2_PLACEMENT_3D('',#5774,#5775,#5776);
#5774 = CARTESIAN_POINT('',(1.286014637611,-0.325,0.));
#5775 = DIRECTION('',(0.,0.,1.));
#5776 = DIRECTION('',(1.,-3.330669073875E-16,0.));
#5777 = ADVANCED_FACE('',(#5778),#5802,.T.);
#5778 = FACE_BOUND('',#5779,.T.);
#5779 = EDGE_LOOP('',(#5780,#5789,#5795,#5796));
#5780 = ORIENTED_EDGE('',*,*,#5781,.F.);
#5781 = EDGE_CURVE('',#5782,#5784,#5786,.T.);
#5782 = VERTEX_POINT('',#5783);
#5783 = CARTESIAN_POINT('',(1.286014637611,-0.786014637611,0.));
#5784 = VERTEX_POINT('',#5785);
#5785 = CARTESIAN_POINT('',(1.3,-0.8,0.2));
#5786 = B_SPLINE_CURVE_WITH_KNOTS('',1,(#5787,#5788),.UNSPECIFIED.,.F.,
  .F.,(2,2),(0.,1.),.PIECEWISE_BEZIER_KNOTS.);
#5787 = CARTESIAN_POINT('',(1.286014637611,-0.786014637611,0.));
#5788 = CARTESIAN_POINT('',(1.3,-0.8,0.2));
#5789 = ORIENTED_EDGE('',*,*,#5790,.T.);
#5790 = EDGE_CURVE('',#5782,#5682,#5791,.T.);
#5791 = LINE('',#5792,#5793);
#5792 = CARTESIAN_POINT('',(1.286014637611,-0.786014637611,0.));
#5793 = VECTOR('',#5794,1.);
#5794 = DIRECTION('',(0.,1.,0.));
#5795 = ORIENTED_EDGE('',*,*,#5689,.T.);
#5796 = ORIENTED_EDGE('',*,*,#5797,.F.);
#5797 = EDGE_CURVE('',#5784,#5690,#5798,.T.);
#5798 = LINE('',#5799,#5800);
#5799 = CARTESIAN_POINT('',(1.3,-0.8,0.2));
#5800 = VECTOR('',#5801,1.);
#5801 = DIRECTION('',(0.,1.,0.));
#5802 = B_SPLINE_SURFACE_WITH_KNOTS('',1,1,(
    (#5803,#5804)
    ,(#5805,#5806
    )),.UNSPECIFIED.,.F.,.F.,.F.,(2,2),(2,2),(0.,1.6),(0.,1.),
  .PIECEWISE_BEZIER_KNOTS.);
#5803 = CARTESIAN_POINT('',(1.286014637611,-0.786014637611,0.));
#5804 = CARTESIAN_POINT('',(1.3,-0.8,0.2));
#5805 = CARTESIAN_POINT('',(1.286014637611,0.786014637611,0.));
#5806 = CARTESIAN_POINT('',(1.3,0.8,0.2));
#5807 = ADVANCED_FACE('',(#5808),#5840,.T.);
#5808 = FACE_BOUND('',#5809,.T.);
#5809 = EDGE_LOOP('',(#5810,#5811,#5812,#5820,#5827,#5835));
#5810 = ORIENTED_EDGE('',*,*,#5797,.T.);
#5811 = ORIENTED_EDGE('',*,*,#5714,.T.);
#5812 = ORIENTED_EDGE('',*,*,#5813,.T.);
#5813 = EDGE_CURVE('',#5715,#5814,#5816,.T.);
#5814 = VERTEX_POINT('',#5815);
#5815 = CARTESIAN_POINT('',(1.3,0.8,0.2));
#5816 = LINE('',#5817,#5818);
#5817 = CARTESIAN_POINT('',(1.3,-0.8,0.2));
#5818 = VECTOR('',#5819,1.);
#5819 = DIRECTION('',(0.,1.,0.));
#5820 = ORIENTED_EDGE('',*,*,#5821,.T.);
#5821 = EDGE_CURVE('',#5814,#5822,#5824,.T.);
#5822 = VERTEX_POINT('',#5823);
#5823 = CARTESIAN_POINT('',(1.237065869251,0.737065869251,1.1));
#5824 = B_SPLINE_CURVE_WITH_KNOTS('',1,(#5825,#5826),.UNSPECIFIED.,.F.,
  .F.,(2,2),(0.,1.),.PIECEWISE_BEZIER_KNOTS.);
#5825 = CARTESIAN_POINT('',(1.3,0.8,0.2));
#5826 = CARTESIAN_POINT('',(1.237065869251,0.737065869251,1.1));
#5827 = ORIENTED_EDGE('',*,*,#5828,.F.);
#5828 = EDGE_CURVE('',#5829,#5822,#5831,.T.);
#5829 = VERTEX_POINT('',#5830);
#5830 = CARTESIAN_POINT('',(1.237065869251,-0.737065869251,1.1));
#5831 = LINE('',#5832,#5833);
#5832 = CARTESIAN_POINT('',(1.237065869251,-0.737065869251,1.1));
#5833 = VECTOR('',#5834,1.);
#5834 = DIRECTION('',(0.,1.,0.));
#5835 = ORIENTED_EDGE('',*,*,#5836,.F.);
#5836 = EDGE_CURVE('',#5784,#5829,#5837,.T.);
#5837 = B_SPLINE_CURVE_WITH_KNOTS('',1,(#5838,#5839),.UNSPECIFIED.,.F.,
  .F.,(2,2),(0.,1.),.PIECEWISE_BEZIER_KNOTS.);
#5838 = CARTESIAN_POINT('',(1.3,-0.8,0.2));
#5839 = CARTESIAN_POINT('',(1.237065869251,-0.737065869251,1.1));
#5840 = B_SPLINE_SURFACE_WITH_KNOTS('',1,1,(
    (#5841,#5842)
    ,(#5843,#5844
    )),.UNSPECIFIED.,.F.,.F.,.F.,(2,2),(2,2),(0.,1.6),(0.,1.),
  .PIECEWISE_BEZIER_KNOTS.);
#5841 = CARTESIAN_POINT('',(1.3,-0.8,0.2));
#5842 = CARTESIAN_POINT('',(1.237065869251,-0.737065869251,1.1));
#5843 = CARTESIAN_POINT('',(1.3,0.8,0.2));
#5844 = CARTESIAN_POINT('',(1.237065869251,0.737065869251,1.1));
#5845 = ADVANCED_FACE('',(#5846),#5863,.T.);
#5846 = FACE_BOUND('',#5847,.T.);
#5847 = EDGE_LOOP('',(#5848,#5849,#5857,#5862));
#5848 = ORIENTED_EDGE('',*,*,#5746,.F.);
#5849 = ORIENTED_EDGE('',*,*,#5850,.T.);
#5850 = EDGE_CURVE('',#5739,#5851,#5853,.T.);
#5851 = VERTEX_POINT('',#5852);
#5852 = CARTESIAN_POINT('',(1.286014637611,0.786014637611,0.));
#5853 = LINE('',#5854,#5855);
#5854 = CARTESIAN_POINT('',(1.286014637611,-0.786014637611,0.));
#5855 = VECTOR('',#5856,1.);
#5856 = DIRECTION('',(0.,1.,0.));
#5857 = ORIENTED_EDGE('',*,*,#5858,.T.);
#5858 = EDGE_CURVE('',#5851,#5814,#5859,.T.);
#5859 = B_SPLINE_CURVE_WITH_KNOTS('',1,(#5860,#5861),.UNSPECIFIED.,.F.,
  .F.,(2,2),(0.,1.),.PIECEWISE_BEZIER_KNOTS.);
#5860 = CARTESIAN_POINT('',(1.286014637611,0.786014637611,0.));
#5861 = CARTESIAN_POINT('',(1.3,0.8,0.2));
#5862 = ORIENTED_EDGE('',*,*,#5813,.F.);
#5863 = B_SPLINE_SURFACE_WITH_KNOTS('',1,1,(
    (#5864,#5865)
    ,(#5866,#5867
    )),.UNSPECIFIED.,.F.,.F.,.F.,(2,2),(2,2),(0.,1.6),(0.,1.),
  .PIECEWISE_BEZIER_KNOTS.);
#5864 = CARTESIAN_POINT('',(1.286014637611,-0.786014637611,0.));
#5865 = CARTESIAN_POINT('',(1.3,-0.8,0.2));
#5866 = CARTESIAN_POINT('',(1.286014637611,0.786014637611,0.));
#5867 = CARTESIAN_POINT('',(1.3,0.8,0.2));
#5868 = ADVANCED_FACE('',(#5869),#5912,.T.);
#5869 = FACE_BOUND('',#5870,.T.);
#5870 = EDGE_LOOP('',(#5871,#5879,#5887,#5895,#5903,#5909,#5910,#5911));
#5871 = ORIENTED_EDGE('',*,*,#5872,.F.);
#5872 = EDGE_CURVE('',#5873,#5782,#5875,.T.);
#5873 = VERTEX_POINT('',#5874);
#5874 = CARTESIAN_POINT('',(-1.286014637611,-0.786014637611,0.));
#5875 = LINE('',#5876,#5877);
#5876 = CARTESIAN_POINT('',(-1.286014637611,-0.786014637611,0.));
#5877 = VECTOR('',#5878,1.);
#5878 = DIRECTION('',(1.,0.,0.));
#5879 = ORIENTED_EDGE('',*,*,#5880,.F.);
#5880 = EDGE_CURVE('',#5881,#5873,#5883,.T.);
#5881 = VERTEX_POINT('',#5882);
#5882 = CARTESIAN_POINT('',(-1.286014637611,-0.325,0.));
#5883 = LINE('',#5884,#5885);
#5884 = CARTESIAN_POINT('',(-1.286014637611,0.786014637611,0.));
#5885 = VECTOR('',#5886,1.);
#5886 = DIRECTION('',(0.,-1.,0.));
#5887 = ORIENTED_EDGE('',*,*,#5888,.F.);
#5888 = EDGE_CURVE('',#5889,#5881,#5891,.T.);
#5889 = VERTEX_POINT('',#5890);
#5890 = CARTESIAN_POINT('',(-1.286014637611,0.325,0.));
#5891 = LINE('',#5892,#5893);
#5892 = CARTESIAN_POINT('',(-1.286014637611,0.325,0.));
#5893 = VECTOR('',#5894,1.);
#5894 = DIRECTION('',(-2.22044604925E-16,-1.,0.));
#5895 = ORIENTED_EDGE('',*,*,#5896,.F.);
#5896 = EDGE_CURVE('',#5897,#5889,#5899,.T.);
#5897 = VERTEX_POINT('',#5898);
#5898 = CARTESIAN_POINT('',(-1.286014637611,0.786014637611,0.));
#5899 = LINE('',#5900,#5901);
#5900 = CARTESIAN_POINT('',(-1.286014637611,0.786014637611,0.));
#5901 = VECTOR('',#5902,1.);
#5902 = DIRECTION('',(0.,-1.,0.));
#5903 = ORIENTED_EDGE('',*,*,#5904,.F.);
#5904 = EDGE_CURVE('',#5851,#5897,#5905,.T.);
#5905 = LINE('',#5906,#5907);
#5906 = CARTESIAN_POINT('',(1.286014637611,0.786014637611,0.));
#5907 = VECTOR('',#5908,1.);
#5908 = DIRECTION('',(-1.,0.,0.));
#5909 = ORIENTED_EDGE('',*,*,#5850,.F.);
#5910 = ORIENTED_EDGE('',*,*,#5764,.F.);
#5911 = ORIENTED_EDGE('',*,*,#5790,.F.);
#5912 = PLANE('',#5913);
#5913 = AXIS2_PLACEMENT_3D('',#5914,#5915,#5916);
#5914 = CARTESIAN_POINT('',(-1.286014637611,-0.786014637611,0.));
#5915 = DIRECTION('',(0.,0.,-1.));
#5916 = DIRECTION('',(0.85324734997,0.521506433104,0.));
#5917 = ADVANCED_FACE('',(#5918),#5935,.T.);
#5918 = FACE_BOUND('',#5919,.T.);
#5919 = EDGE_LOOP('',(#5920,#5921,#5922,#5930));
#5920 = ORIENTED_EDGE('',*,*,#5872,.T.);
#5921 = ORIENTED_EDGE('',*,*,#5781,.T.);
#5922 = ORIENTED_EDGE('',*,*,#5923,.F.);
#5923 = EDGE_CURVE('',#5924,#5784,#5926,.T.);
#5924 = VERTEX_POINT('',#5925);
#5925 = CARTESIAN_POINT('',(-1.3,-0.8,0.2));
#5926 = LINE('',#5927,#5928);
#5927 = CARTESIAN_POINT('',(-1.3,-0.8,0.2));
#5928 = VECTOR('',#5929,1.);
#5929 = DIRECTION('',(1.,0.,0.));
#5930 = ORIENTED_EDGE('',*,*,#5931,.F.);
#5931 = EDGE_CURVE('',#5873,#5924,#5932,.T.);
#5932 = B_SPLINE_CURVE_WITH_KNOTS('',1,(#5933,#5934),.UNSPECIFIED.,.F.,
  .F.,(2,2),(0.,1.),.PIECEWISE_BEZIER_KNOTS.);
#5933 = CARTESIAN_POINT('',(-1.286014637611,-0.786014637611,0.));
#5934 = CARTESIAN_POINT('',(-1.3,-0.8,0.2));
#5935 = B_SPLINE_SURFACE_WITH_KNOTS('',1,1,(
    (#5936,#5937)
    ,(#5938,#5939
    )),.UNSPECIFIED.,.F.,.F.,.F.,(2,2),(2,2),(0.,2.6),(0.,1.),
  .PIECEWISE_BEZIER_KNOTS.);
#5936 = CARTESIAN_POINT('',(-1.286014637611,-0.786014637611,0.));
#5937 = CARTESIAN_POINT('',(-1.3,-0.8,0.2));
#5938 = CARTESIAN_POINT('',(1.286014637611,-0.786014637611,0.));
#5939 = CARTESIAN_POINT('',(1.3,-0.8,0.2));
#5940 = ADVANCED_FACE('',(#5941),#5958,.T.);
#5941 = FACE_BOUND('',#5942,.T.);
#5942 = EDGE_LOOP('',(#5943,#5944,#5945,#5953));
#5943 = ORIENTED_EDGE('',*,*,#5923,.T.);
#5944 = ORIENTED_EDGE('',*,*,#5836,.T.);
#5945 = ORIENTED_EDGE('',*,*,#5946,.F.);
#5946 = EDGE_CURVE('',#5947,#5829,#5949,.T.);
#5947 = VERTEX_POINT('',#5948);
#5948 = CARTESIAN_POINT('',(-1.237065869251,-0.737065869251,1.1));
#5949 = LINE('',#5950,#5951);
#5950 = CARTESIAN_POINT('',(-1.237065869251,-0.737065869251,1.1));
#5951 = VECTOR('',#5952,1.);
#5952 = DIRECTION('',(1.,0.,0.));
#5953 = ORIENTED_EDGE('',*,*,#5954,.F.);
#5954 = EDGE_CURVE('',#5924,#5947,#5955,.T.);
#5955 = B_SPLINE_CURVE_WITH_KNOTS('',1,(#5956,#5957),.UNSPECIFIED.,.F.,
  .F.,(2,2),(0.,1.),.PIECEWISE_BEZIER_KNOTS.);
#5956 = CARTESIAN_POINT('',(-1.3,-0.8,0.2));
#5957 = CARTESIAN_POINT('',(-1.237065869251,-0.737065869251,1.1));
#5958 = B_SPLINE_SURFACE_WITH_KNOTS('',1,1,(
    (#5959,#5960)
    ,(#5961,#5962
    )),.UNSPECIFIED.,.F.,.F.,.F.,(2,2),(2,2),(0.,2.6),(0.,1.),
  .PIECEWISE_BEZIER_KNOTS.);
#5959 = CARTESIAN_POINT('',(-1.3,-0.8,0.2));
#5960 = CARTESIAN_POINT('',(-1.237065869251,-0.737065869251,1.1));
#5961 = CARTESIAN_POINT('',(1.3,-0.8,0.2));
#5962 = CARTESIAN_POINT('',(1.237065869251,-0.737065869251,1.1));
#5963 = ADVANCED_FACE('',(#5964,#5982),#6016,.F.);
#5964 = FACE_BOUND('',#5965,.F.);
#5965 = EDGE_LOOP('',(#5966,#5967,#5975,#5981));
#5966 = ORIENTED_EDGE('',*,*,#5946,.F.);
#5967 = ORIENTED_EDGE('',*,*,#5968,.F.);
#5968 = EDGE_CURVE('',#5969,#5947,#5971,.T.);
#5969 = VERTEX_POINT('',#5970);
#5970 = CARTESIAN_POINT('',(-1.237065869251,0.737065869251,1.1));
#5971 = LINE('',#5972,#5973);
#5972 = CARTESIAN_POINT('',(-1.237065869251,0.737065869251,1.1));
#5973 = VECTOR('',#5974,1.);
#5974 = DIRECTION('',(0.,-1.,0.));
#5975 = ORIENTED_EDGE('',*,*,#5976,.F.);
#5976 = EDGE_CURVE('',#5822,#5969,#5977,.T.);
#5977 = LINE('',#5978,#5979);
#5978 = CARTESIAN_POINT('',(1.237065869251,0.737065869251,1.1));
#5979 = VECTOR('',#5980,1.);
#5980 = DIRECTION('',(-1.,0.,0.));
#5981 = ORIENTED_EDGE('',*,*,#5828,.F.);
#5982 = FACE_BOUND('',#5983,.F.);
#5983 = EDGE_LOOP('',(#5984,#5994,#6002,#6010));
#5984 = ORIENTED_EDGE('',*,*,#5985,.F.);
#5985 = EDGE_CURVE('',#5986,#5988,#5990,.T.);
#5986 = VERTEX_POINT('',#5987);
#5987 = CARTESIAN_POINT('',(-0.787065869251,0.687065869251,1.1));
#5988 = VERTEX_POINT('',#5989);
#5989 = CARTESIAN_POINT('',(-0.787065869251,-0.687065869251,1.1));
#5990 = LINE('',#5991,#5992);
#5991 = CARTESIAN_POINT('',(-0.787065869251,-0.712065869251,1.1));
#5992 = VECTOR('',#5993,1.);
#5993 = DIRECTION('',(0.,-1.,0.));
#5994 = ORIENTED_EDGE('',*,*,#5995,.F.);
#5995 = EDGE_CURVE('',#5996,#5986,#5998,.T.);
#5996 = VERTEX_POINT('',#5997);
#5997 = CARTESIAN_POINT('',(-1.187065869251,0.687065869251,1.1));
#5998 = LINE('',#5999,#6000);
#5999 = CARTESIAN_POINT('',(-1.212065869251,0.687065869251,1.1));
#6000 = VECTOR('',#6001,1.);
#6001 = DIRECTION('',(1.,0.,0.));
#6002 = ORIENTED_EDGE('',*,*,#6003,.T.);
#6003 = EDGE_CURVE('',#5996,#6004,#6006,.T.);
#6004 = VERTEX_POINT('',#6005);
#6005 = CARTESIAN_POINT('',(-1.187065869251,-0.687065869251,1.1));
#6006 = LINE('',#6007,#6008);
#6007 = CARTESIAN_POINT('',(-1.187065869251,-0.712065869251,1.1));
#6008 = VECTOR('',#6009,1.);
#6009 = DIRECTION('',(0.,-1.,0.));
#6010 = ORIENTED_EDGE('',*,*,#6011,.T.);
#6011 = EDGE_CURVE('',#6004,#5988,#6012,.T.);
#6012 = LINE('',#6013,#6014);
#6013 = CARTESIAN_POINT('',(-1.212065869251,-0.687065869251,1.1));
#6014 = VECTOR('',#6015,1.);
#6015 = DIRECTION('',(1.,0.,0.));
#6016 = PLANE('',#6017);
#6017 = AXIS2_PLACEMENT_3D('',#6018,#6019,#6020);
#6018 = CARTESIAN_POINT('',(-1.237065869251,-0.737065869251,1.1));
#6019 = DIRECTION('',(0.,0.,-1.));
#6020 = DIRECTION('',(0.859073922076,0.511851537468,0.));
#6021 = ADVANCED_FACE('',(#6022),#6039,.T.);
#6022 = FACE_BOUND('',#6023,.T.);
#6023 = EDGE_LOOP('',(#6024,#6032,#6037,#6038));
#6024 = ORIENTED_EDGE('',*,*,#6025,.T.);
#6025 = EDGE_CURVE('',#5814,#6026,#6028,.T.);
#6026 = VERTEX_POINT('',#6027);
#6027 = CARTESIAN_POINT('',(-1.3,0.8,0.2));
#6028 = LINE('',#6029,#6030);
#6029 = CARTESIAN_POINT('',(1.3,0.8,0.2));
#6030 = VECTOR('',#6031,1.);
#6031 = DIRECTION('',(-1.,0.,0.));
#6032 = ORIENTED_EDGE('',*,*,#6033,.T.);
#6033 = EDGE_CURVE('',#6026,#5969,#6034,.T.);
#6034 = B_SPLINE_CURVE_WITH_KNOTS('',1,(#6035,#6036),.UNSPECIFIED.,.F.,
  .F.,(2,2),(0.,1.),.PIECEWISE_BEZIER_KNOTS.);
#6035 = CARTESIAN_POINT('',(-1.3,0.8,0.2));
#6036 = CARTESIAN_POINT('',(-1.237065869251,0.737065869251,1.1));
#6037 = ORIENTED_EDGE('',*,*,#5976,.F.);
#6038 = ORIENTED_EDGE('',*,*,#5821,.F.);
#6039 = B_SPLINE_SURFACE_WITH_KNOTS('',1,1,(
    (#6040,#6041)
    ,(#6042,#6043
    )),.UNSPECIFIED.,.F.,.F.,.F.,(2,2),(2,2),(0.,2.6),(0.,1.),
  .PIECEWISE_BEZIER_KNOTS.);
#6040 = CARTESIAN_POINT('',(1.3,0.8,0.2));
#6041 = CARTESIAN_POINT('',(1.237065869251,0.737065869251,1.1));
#6042 = CARTESIAN_POINT('',(-1.3,0.8,0.2));
#6043 = CARTESIAN_POINT('',(-1.237065869251,0.737065869251,1.1));
#6044 = ADVANCED_FACE('',(#6045),#6055,.T.);
#6045 = FACE_BOUND('',#6046,.T.);
#6046 = EDGE_LOOP('',(#6047,#6048,#6053,#6054));
#6047 = ORIENTED_EDGE('',*,*,#5904,.T.);
#6048 = ORIENTED_EDGE('',*,*,#6049,.T.);
#6049 = EDGE_CURVE('',#5897,#6026,#6050,.T.);
#6050 = B_SPLINE_CURVE_WITH_KNOTS('',1,(#6051,#6052),.UNSPECIFIED.,.F.,
  .F.,(2,2),(0.,1.),.PIECEWISE_BEZIER_KNOTS.);
#6051 = CARTESIAN_POINT('',(-1.286014637611,0.786014637611,0.));
#6052 = CARTESIAN_POINT('',(-1.3,0.8,0.2));
#6053 = ORIENTED_EDGE('',*,*,#6025,.F.);
#6054 = ORIENTED_EDGE('',*,*,#5858,.F.);
#6055 = B_SPLINE_SURFACE_WITH_KNOTS('',1,1,(
    (#6056,#6057)
    ,(#6058,#6059
    )),.UNSPECIFIED.,.F.,.F.,.F.,(2,2),(2,2),(0.,2.6),(0.,1.),
  .PIECEWISE_BEZIER_KNOTS.);
#6056 = CARTESIAN_POINT('',(1.286014637611,0.786014637611,0.));
#6057 = CARTESIAN_POINT('',(1.3,0.8,0.2));
#6058 = CARTESIAN_POINT('',(-1.286014637611,0.786014637611,0.));
#6059 = CARTESIAN_POINT('',(-1.3,0.8,0.2));
#6060 = ADVANCED_FACE('',(#6061),#6081,.T.);
#6061 = FACE_BOUND('',#6062,.T.);
#6062 = EDGE_LOOP('',(#6063,#6073,#6074,#6075));
#6063 = ORIENTED_EDGE('',*,*,#6064,.F.);
#6064 = EDGE_CURVE('',#5881,#6065,#6067,.T.);
#6065 = VERTEX_POINT('',#6066);
#6066 = CARTESIAN_POINT('',(-1.3,-0.325,0.2));
#6067 = B_SPLINE_CURVE_WITH_KNOTS('',4,(#6068,#6069,#6070,#6071,#6072),
  .UNSPECIFIED.,.F.,.F.,(5,5),(0.,1.),.PIECEWISE_BEZIER_KNOTS.);
#6068 = CARTESIAN_POINT('',(-1.286014637611,-0.325,0.));
#6069 = CARTESIAN_POINT('',(-1.289510976465,-0.325,4.999997507219E-02));
#6070 = CARTESIAN_POINT('',(-1.293007316516,-0.325,9.999996725694E-02));
#6071 = CARTESIAN_POINT('',(-1.29650365771,-0.325,0.149999975794));
#6072 = CARTESIAN_POINT('',(-1.3,-0.325,0.2));
#6073 = ORIENTED_EDGE('',*,*,#5880,.T.);
#6074 = ORIENTED_EDGE('',*,*,#5931,.T.);
#6075 = ORIENTED_EDGE('',*,*,#6076,.F.);
#6076 = EDGE_CURVE('',#6065,#5924,#6077,.T.);
#6077 = LINE('',#6078,#6079);
#6078 = CARTESIAN_POINT('',(-1.3,0.8,0.2));
#6079 = VECTOR('',#6080,1.);
#6080 = DIRECTION('',(0.,-1.,0.));
#6081 = B_SPLINE_SURFACE_WITH_KNOTS('',1,1,(
    (#6082,#6083)
    ,(#6084,#6085
    )),.UNSPECIFIED.,.F.,.F.,.F.,(2,2),(2,2),(0.,1.6),(0.,1.),
  .PIECEWISE_BEZIER_KNOTS.);
#6082 = CARTESIAN_POINT('',(-1.286014637611,0.786014637611,0.));
#6083 = CARTESIAN_POINT('',(-1.3,0.8,0.2));
#6084 = CARTESIAN_POINT('',(-1.286014637611,-0.786014637611,0.));
#6085 = CARTESIAN_POINT('',(-1.3,-0.8,0.2));
#6086 = ADVANCED_FACE('',(#6087),#6112,.F.);
#6087 = FACE_BOUND('',#6088,.F.);
#6088 = EDGE_LOOP('',(#6089,#6090,#6098,#6106));
#6089 = ORIENTED_EDGE('',*,*,#5888,.F.);
#6090 = ORIENTED_EDGE('',*,*,#6091,.T.);
#6091 = EDGE_CURVE('',#5889,#6092,#6094,.T.);
#6092 = VERTEX_POINT('',#6093);
#6093 = CARTESIAN_POINT('',(-1.75,0.325,0.));
#6094 = LINE('',#6095,#6096);
#6095 = CARTESIAN_POINT('',(-1.286014637611,0.325,0.));
#6096 = VECTOR('',#6097,1.);
#6097 = DIRECTION('',(-1.,2.22044604925E-16,0.));
#6098 = ORIENTED_EDGE('',*,*,#6099,.T.);
#6099 = EDGE_CURVE('',#6092,#6100,#6102,.T.);
#6100 = VERTEX_POINT('',#6101);
#6101 = CARTESIAN_POINT('',(-1.75,-0.325,0.));
#6102 = LINE('',#6103,#6104);
#6103 = CARTESIAN_POINT('',(-1.75,0.325,0.));
#6104 = VECTOR('',#6105,1.);
#6105 = DIRECTION('',(-2.22044604925E-16,-1.,0.));
#6106 = ORIENTED_EDGE('',*,*,#6107,.F.);
#6107 = EDGE_CURVE('',#5881,#6100,#6108,.T.);
#6108 = LINE('',#6109,#6110);
#6109 = CARTESIAN_POINT('',(-1.286014637611,-0.325,0.));
#6110 = VECTOR('',#6111,1.);
#6111 = DIRECTION('',(-1.,2.22044604925E-16,0.));
#6112 = PLANE('',#6113);
#6113 = AXIS2_PLACEMENT_3D('',#6114,#6115,#6116);
#6114 = CARTESIAN_POINT('',(-1.286014637611,0.325,0.));
#6115 = DIRECTION('',(0.,0.,1.));
#6116 = DIRECTION('',(-1.,2.22044604925E-16,0.));
#6117 = ADVANCED_FACE('',(#6118),#6138,.T.);
#6118 = FACE_BOUND('',#6119,.T.);
#6119 = EDGE_LOOP('',(#6120,#6121,#6122,#6132));
#6120 = ORIENTED_EDGE('',*,*,#6049,.F.);
#6121 = ORIENTED_EDGE('',*,*,#5896,.T.);
#6122 = ORIENTED_EDGE('',*,*,#6123,.T.);
#6123 = EDGE_CURVE('',#5889,#6124,#6126,.T.);
#6124 = VERTEX_POINT('',#6125);
#6125 = CARTESIAN_POINT('',(-1.3,0.325,0.2));
#6126 = B_SPLINE_CURVE_WITH_KNOTS('',4,(#6127,#6128,#6129,#6130,#6131),
  .UNSPECIFIED.,.F.,.F.,(5,5),(0.,1.),.PIECEWISE_BEZIER_KNOTS.);
#6127 = CARTESIAN_POINT('',(-1.286014637611,0.325,0.));
#6128 = CARTESIAN_POINT('',(-1.289510976465,0.325,4.999997507219E-02));
#6129 = CARTESIAN_POINT('',(-1.293007316516,0.325,9.999996725694E-02));
#6130 = CARTESIAN_POINT('',(-1.29650365771,0.325,0.149999975794));
#6131 = CARTESIAN_POINT('',(-1.3,0.325,0.2));
#6132 = ORIENTED_EDGE('',*,*,#6133,.F.);
#6133 = EDGE_CURVE('',#6026,#6124,#6134,.T.);
#6134 = LINE('',#6135,#6136);
#6135 = CARTESIAN_POINT('',(-1.3,0.8,0.2));
#6136 = VECTOR('',#6137,1.);
#6137 = DIRECTION('',(0.,-1.,0.));
#6138 = B_SPLINE_SURFACE_WITH_KNOTS('',1,1,(
    (#6139,#6140)
    ,(#6141,#6142
    )),.UNSPECIFIED.,.F.,.F.,.F.,(2,2),(2,2),(0.,1.6),(0.,1.),
  .PIECEWISE_BEZIER_KNOTS.);
#6139 = CARTESIAN_POINT('',(-1.286014637611,0.786014637611,0.));
#6140 = CARTESIAN_POINT('',(-1.3,0.8,0.2));
#6141 = CARTESIAN_POINT('',(-1.286014637611,-0.786014637611,0.));
#6142 = CARTESIAN_POINT('',(-1.3,-0.8,0.2));
#6143 = ADVANCED_FACE('',(#6144),#6157,.T.);
#6144 = FACE_BOUND('',#6145,.T.);
#6145 = EDGE_LOOP('',(#6146,#6147,#6153,#6154,#6155,#6156));
#6146 = ORIENTED_EDGE('',*,*,#6133,.T.);
#6147 = ORIENTED_EDGE('',*,*,#6148,.T.);
#6148 = EDGE_CURVE('',#6124,#6065,#6149,.T.);
#6149 = LINE('',#6150,#6151);
#6150 = CARTESIAN_POINT('',(-1.3,0.8,0.2));
#6151 = VECTOR('',#6152,1.);
#6152 = DIRECTION('',(0.,-1.,0.));
#6153 = ORIENTED_EDGE('',*,*,#6076,.T.);
#6154 = ORIENTED_EDGE('',*,*,#5954,.T.);
#6155 = ORIENTED_EDGE('',*,*,#5968,.F.);
#6156 = ORIENTED_EDGE('',*,*,#6033,.F.);
#6157 = B_SPLINE_SURFACE_WITH_KNOTS('',1,1,(
    (#6158,#6159)
    ,(#6160,#6161
    )),.UNSPECIFIED.,.F.,.F.,.F.,(2,2),(2,2),(0.,1.6),(0.,1.),
  .PIECEWISE_BEZIER_KNOTS.);
#6158 = CARTESIAN_POINT('',(-1.3,0.8,0.2));
#6159 = CARTESIAN_POINT('',(-1.237065869251,0.737065869251,1.1));
#6160 = CARTESIAN_POINT('',(-1.3,-0.8,0.2));
#6161 = CARTESIAN_POINT('',(-1.237065869251,-0.737065869251,1.1));
#6162 = ADVANCED_FACE('',(#6163),#6188,.F.);
#6163 = FACE_BOUND('',#6164,.F.);
#6164 = EDGE_LOOP('',(#6165,#6173,#6181,#6187));
#6165 = ORIENTED_EDGE('',*,*,#6166,.F.);
#6166 = EDGE_CURVE('',#6167,#5988,#6169,.T.);
#6167 = VERTEX_POINT('',#6168);
#6168 = CARTESIAN_POINT('',(-0.787065869251,-0.687065869251,1.09));
#6169 = LINE('',#6170,#6171);
#6170 = CARTESIAN_POINT('',(-0.787065869251,-0.687065869251,1.09));
#6171 = VECTOR('',#6172,1.);
#6172 = DIRECTION('',(0.,0.,1.));
#6173 = ORIENTED_EDGE('',*,*,#6174,.T.);
#6174 = EDGE_CURVE('',#6167,#6175,#6177,.T.);
#6175 = VERTEX_POINT('',#6176);
#6176 = CARTESIAN_POINT('',(-0.787065869251,0.687065869251,1.09));
#6177 = LINE('',#6178,#6179);
#6178 = CARTESIAN_POINT('',(-0.787065869251,-0.687065869251,1.09));
#6179 = VECTOR('',#6180,1.);
#6180 = DIRECTION('',(0.,1.,0.));
#6181 = ORIENTED_EDGE('',*,*,#6182,.T.);
#6182 = EDGE_CURVE('',#6175,#5986,#6183,.T.);
#6183 = LINE('',#6184,#6185);
#6184 = CARTESIAN_POINT('',(-0.787065869251,0.687065869251,1.09));
#6185 = VECTOR('',#6186,1.);
#6186 = DIRECTION('',(0.,0.,1.));
#6187 = ORIENTED_EDGE('',*,*,#5985,.T.);
#6188 = PLANE('',#6189);
#6189 = AXIS2_PLACEMENT_3D('',#6190,#6191,#6192);
#6190 = CARTESIAN_POINT('',(-0.787065869251,-0.687065869251,1.09));
#6191 = DIRECTION('',(1.,0.,0.));
#6192 = DIRECTION('',(0.,0.,1.));
#6193 = ADVANCED_FACE('',(#6194),#6212,.T.);
#6194 = FACE_BOUND('',#6195,.T.);
#6195 = EDGE_LOOP('',(#6196,#6197,#6205,#6211));
#6196 = ORIENTED_EDGE('',*,*,#6166,.F.);
#6197 = ORIENTED_EDGE('',*,*,#6198,.F.);
#6198 = EDGE_CURVE('',#6199,#6167,#6201,.T.);
#6199 = VERTEX_POINT('',#6200);
#6200 = CARTESIAN_POINT('',(-1.187065869251,-0.687065869251,1.09));
#6201 = LINE('',#6202,#6203);
#6202 = CARTESIAN_POINT('',(-1.187065869251,-0.687065869251,1.09));
#6203 = VECTOR('',#6204,1.);
#6204 = DIRECTION('',(1.,0.,0.));
#6205 = ORIENTED_EDGE('',*,*,#6206,.T.);
#6206 = EDGE_CURVE('',#6199,#6004,#6207,.T.);
#6207 = LINE('',#6208,#6209);
#6208 = CARTESIAN_POINT('',(-1.187065869251,-0.687065869251,1.09));
#6209 = VECTOR('',#6210,1.);
#6210 = DIRECTION('',(0.,0.,1.));
#6211 = ORIENTED_EDGE('',*,*,#6011,.T.);
#6212 = PLANE('',#6213);
#6213 = AXIS2_PLACEMENT_3D('',#6214,#6215,#6216);
#6214 = CARTESIAN_POINT('',(-1.187065869251,-0.687065869251,1.09));
#6215 = DIRECTION('',(0.,1.,0.));
#6216 = DIRECTION('',(0.,-0.,1.));
#6217 = ADVANCED_FACE('',(#6218),#6236,.T.);
#6218 = FACE_BOUND('',#6219,.T.);
#6219 = EDGE_LOOP('',(#6220,#6221,#6229,#6235));
#6220 = ORIENTED_EDGE('',*,*,#6206,.F.);
#6221 = ORIENTED_EDGE('',*,*,#6222,.T.);
#6222 = EDGE_CURVE('',#6199,#6223,#6225,.T.);
#6223 = VERTEX_POINT('',#6224);
#6224 = CARTESIAN_POINT('',(-1.187065869251,0.687065869251,1.09));
#6225 = LINE('',#6226,#6227);
#6226 = CARTESIAN_POINT('',(-1.187065869251,-0.687065869251,1.09));
#6227 = VECTOR('',#6228,1.);
#6228 = DIRECTION('',(0.,1.,0.));
#6229 = ORIENTED_EDGE('',*,*,#6230,.T.);
#6230 = EDGE_CURVE('',#6223,#5996,#6231,.T.);
#6231 = LINE('',#6232,#6233);
#6232 = CARTESIAN_POINT('',(-1.187065869251,0.687065869251,1.09));
#6233 = VECTOR('',#6234,1.);
#6234 = DIRECTION('',(0.,0.,1.));
#6235 = ORIENTED_EDGE('',*,*,#6003,.T.);
#6236 = PLANE('',#6237);
#6237 = AXIS2_PLACEMENT_3D('',#6238,#6239,#6240);
#6238 = CARTESIAN_POINT('',(-1.187065869251,-0.687065869251,1.09));
#6239 = DIRECTION('',(1.,0.,0.));
#6240 = DIRECTION('',(0.,0.,1.));
#6241 = ADVANCED_FACE('',(#6242),#6253,.F.);
#6242 = FACE_BOUND('',#6243,.F.);
#6243 = EDGE_LOOP('',(#6244,#6245,#6251,#6252));
#6244 = ORIENTED_EDGE('',*,*,#6182,.F.);
#6245 = ORIENTED_EDGE('',*,*,#6246,.F.);
#6246 = EDGE_CURVE('',#6223,#6175,#6247,.T.);
#6247 = LINE('',#6248,#6249);
#6248 = CARTESIAN_POINT('',(-1.187065869251,0.687065869251,1.09));
#6249 = VECTOR('',#6250,1.);
#6250 = DIRECTION('',(1.,0.,0.));
#6251 = ORIENTED_EDGE('',*,*,#6230,.T.);
#6252 = ORIENTED_EDGE('',*,*,#5995,.T.);
#6253 = PLANE('',#6254);
#6254 = AXIS2_PLACEMENT_3D('',#6255,#6256,#6257);
#6255 = CARTESIAN_POINT('',(-1.187065869251,0.687065869251,1.09));
#6256 = DIRECTION('',(0.,1.,0.));
#6257 = DIRECTION('',(0.,-0.,1.));
#6258 = ADVANCED_FACE('',(#6259),#6277,.T.);
#6259 = FACE_BOUND('',#6260,.T.);
#6260 = EDGE_LOOP('',(#6261,#6262,#6263,#6271));
#6261 = ORIENTED_EDGE('',*,*,#6107,.F.);
#6262 = ORIENTED_EDGE('',*,*,#6064,.T.);
#6263 = ORIENTED_EDGE('',*,*,#6264,.T.);
#6264 = EDGE_CURVE('',#6065,#6265,#6267,.T.);
#6265 = VERTEX_POINT('',#6266);
#6266 = CARTESIAN_POINT('',(-1.75,-0.325,0.2));
#6267 = LINE('',#6268,#6269);
#6268 = CARTESIAN_POINT('',(-1.286014637611,-0.325,0.2));
#6269 = VECTOR('',#6270,1.);
#6270 = DIRECTION('',(-1.,2.22044604925E-16,0.));
#6271 = ORIENTED_EDGE('',*,*,#6272,.F.);
#6272 = EDGE_CURVE('',#6100,#6265,#6273,.T.);
#6273 = LINE('',#6274,#6275);
#6274 = CARTESIAN_POINT('',(-1.75,-0.325,0.));
#6275 = VECTOR('',#6276,1.);
#6276 = DIRECTION('',(0.,0.,1.));
#6277 = PLANE('',#6278);
#6278 = AXIS2_PLACEMENT_3D('',#6279,#6280,#6281);
#6279 = CARTESIAN_POINT('',(-1.286014637611,-0.325,0.));
#6280 = DIRECTION('',(-2.22044604925E-16,-1.,0.));
#6281 = DIRECTION('',(0.,0.,1.));
#6282 = ADVANCED_FACE('',(#6283),#6301,.F.);
#6283 = FACE_BOUND('',#6284,.F.);
#6284 = EDGE_LOOP('',(#6285,#6286,#6287,#6295));
#6285 = ORIENTED_EDGE('',*,*,#6091,.F.);
#6286 = ORIENTED_EDGE('',*,*,#6123,.T.);
#6287 = ORIENTED_EDGE('',*,*,#6288,.T.);
#6288 = EDGE_CURVE('',#6124,#6289,#6291,.T.);
#6289 = VERTEX_POINT('',#6290);
#6290 = CARTESIAN_POINT('',(-1.75,0.325,0.2));
#6291 = LINE('',#6292,#6293);
#6292 = CARTESIAN_POINT('',(-1.286014637611,0.325,0.2));
#6293 = VECTOR('',#6294,1.);
#6294 = DIRECTION('',(-1.,2.22044604925E-16,0.));
#6295 = ORIENTED_EDGE('',*,*,#6296,.F.);
#6296 = EDGE_CURVE('',#6092,#6289,#6297,.T.);
#6297 = LINE('',#6298,#6299);
#6298 = CARTESIAN_POINT('',(-1.75,0.325,0.));
#6299 = VECTOR('',#6300,1.);
#6300 = DIRECTION('',(0.,0.,1.));
#6301 = PLANE('',#6302);
#6302 = AXIS2_PLACEMENT_3D('',#6303,#6304,#6305);
#6303 = CARTESIAN_POINT('',(-1.286014637611,0.325,0.));
#6304 = DIRECTION('',(-2.22044604925E-16,-1.,0.));
#6305 = DIRECTION('',(0.,0.,1.));
#6306 = ADVANCED_FACE('',(#6307),#6318,.T.);
#6307 = FACE_BOUND('',#6308,.T.);
#6308 = EDGE_LOOP('',(#6309,#6310,#6311,#6312));
#6309 = ORIENTED_EDGE('',*,*,#6296,.F.);
#6310 = ORIENTED_EDGE('',*,*,#6099,.T.);
#6311 = ORIENTED_EDGE('',*,*,#6272,.T.);
#6312 = ORIENTED_EDGE('',*,*,#6313,.F.);
#6313 = EDGE_CURVE('',#6289,#6265,#6314,.T.);
#6314 = LINE('',#6315,#6316);
#6315 = CARTESIAN_POINT('',(-1.75,0.325,0.2));
#6316 = VECTOR('',#6317,1.);
#6317 = DIRECTION('',(-2.22044604925E-16,-1.,0.));
#6318 = PLANE('',#6319);
#6319 = AXIS2_PLACEMENT_3D('',#6320,#6321,#6322);
#6320 = CARTESIAN_POINT('',(-1.75,0.325,0.));
#6321 = DIRECTION('',(-1.,2.22044604925E-16,0.));
#6322 = DIRECTION('',(0.,0.,1.));
#6323 = ADVANCED_FACE('',(#6324),#6330,.T.);
#6324 = FACE_BOUND('',#6325,.T.);
#6325 = EDGE_LOOP('',(#6326,#6327,#6328,#6329));
#6326 = ORIENTED_EDGE('',*,*,#6148,.F.);
#6327 = ORIENTED_EDGE('',*,*,#6288,.T.);
#6328 = ORIENTED_EDGE('',*,*,#6313,.T.);
#6329 = ORIENTED_EDGE('',*,*,#6264,.F.);
#6330 = PLANE('',#6331);
#6331 = AXIS2_PLACEMENT_3D('',#6332,#6333,#6334);
#6332 = CARTESIAN_POINT('',(-1.286014637611,0.325,0.2));
#6333 = DIRECTION('',(0.,0.,1.));
#6334 = DIRECTION('',(-1.,2.22044604925E-16,0.));
#6335 = ADVANCED_FACE('',(#6336),#6342,.T.);
#6336 = FACE_BOUND('',#6337,.T.);
#6337 = EDGE_LOOP('',(#6338,#6339,#6340,#6341));
#6338 = ORIENTED_EDGE('',*,*,#6222,.F.);
#6339 = ORIENTED_EDGE('',*,*,#6198,.T.);
#6340 = ORIENTED_EDGE('',*,*,#6174,.T.);
#6341 = ORIENTED_EDGE('',*,*,#6246,.F.);
#6342 = PLANE('',#6343);
#6343 = AXIS2_PLACEMENT_3D('',#6344,#6345,#6346);
#6344 = CARTESIAN_POINT('',(-1.187065869251,-0.687065869251,1.09));
#6345 = DIRECTION('',(0.,0.,1.));
#6346 = DIRECTION('',(1.,0.,-0.));
#6347 = ( GEOMETRIC_REPRESENTATION_CONTEXT(3) 
GLOBAL_UNCERTAINTY_ASSIGNED_CONTEXT((#6351)) 
GLOBAL_UNIT_ASSIGNED_CONTEXT((#6348,#6349,#6350)) REPRESENTATION_CONTEXT
('Context #1','3D Context with UNIT and UNCERTAINTY') );
#6348 = ( LENGTH_UNIT() NAMED_UNIT(*) SI_UNIT(.MILLI.,.METRE.) );
#6349 = ( NAMED_UNIT(*) PLANE_ANGLE_UNIT() SI_UNIT($,.RADIAN.) );
#6350 = ( NAMED_UNIT(*) SI_UNIT($,.STERADIAN.) SOLID_ANGLE_UNIT() );
#6351 = UNCERTAINTY_MEASURE_WITH_UNIT(LENGTH_MEASURE(5.E-06),#6348,
  'distance_accuracy_value','confusion accuracy');
#6352 = CONTEXT_DEPENDENT_SHAPE_REPRESENTATION(#6353,#6355);
#6353 = ( REPRESENTATION_RELATIONSHIP('','',#5634,#5611) 
REPRESENTATION_RELATIONSHIP_WITH_TRANSFORMATION(#6354) 
SHAPE_REPRESENTATION_RELATIONSHIP() );
#6354 = ITEM_DEFINED_TRANSFORMATION('','',#11,#5612);
#6355 = PRODUCT_DEFINITION_SHAPE('Placement','Placement of an item',
  #6356);
#6356 = NEXT_ASSEMBLY_USAGE_OCCURRENCE('11','=>[0:1:1:13]','',#5606,
  #5629,$);
#6357 = PRODUCT_RELATED_PRODUCT_CATEGORY('part',$,(#5631));
#6358 = SHAPE_DEFINITION_REPRESENTATION(#6359,#6365);
#6359 = PRODUCT_DEFINITION_SHAPE('','',#6360);
#6360 = PRODUCT_DEFINITION('design','',#6361,#6364);
#6361 = PRODUCT_DEFINITION_FORMATION('','',#6362);
#6362 = PRODUCT('Fuse_1206_3216Metric','Fuse_1206_3216Metric','',(#6363)
  );
#6363 = PRODUCT_CONTEXT('',#2,'mechanical');
#6364 = PRODUCT_DEFINITION_CONTEXT('part definition',#2,'design');
#6365 = SHAPE_REPRESENTATION('',(#11,#6366),#6370);
#6366 = AXIS2_PLACEMENT_3D('',#6367,#6368,#6369);
#6367 = CARTESIAN_POINT('',(0.,0.,0.));
#6368 = DIRECTION('',(0.,0.,1.));
#6369 = DIRECTION('',(1.,0.,-0.));
#6370 = ( GEOMETRIC_REPRESENTATION_CONTEXT(3) 
GLOBAL_UNCERTAINTY_ASSIGNED_CONTEXT((#6374)) 
GLOBAL_UNIT_ASSIGNED_CONTEXT((#6371,#6372,#6373)) REPRESENTATION_CONTEXT
('Context #1','3D Context with UNIT and UNCERTAINTY') );
#6371 = ( LENGTH_UNIT() NAMED_UNIT(*) SI_UNIT(.MILLI.,.METRE.) );
#6372 = ( NAMED_UNIT(*) PLANE_ANGLE_UNIT() SI_UNIT($,.RADIAN.) );
#6373 = ( NAMED_UNIT(*) SI_UNIT($,.STERADIAN.) SOLID_ANGLE_UNIT() );
#6374 = UNCERTAINTY_MEASURE_WITH_UNIT(LENGTH_MEASURE(1.E-07),#6371,
  'distance_accuracy_value','confusion accuracy');
#6375 = CONTEXT_DEPENDENT_SHAPE_REPRESENTATION(#6376,#6378);
#6376 = ( REPRESENTATION_RELATIONSHIP('','',#6365,#10) 
REPRESENTATION_RELATIONSHIP_WITH_TRANSFORMATION(#6377) 
SHAPE_REPRESENTATION_RELATIONSHIP() );
#6377 = ITEM_DEFINED_TRANSFORMATION('','',#11,#39);
#6378 = PRODUCT_DEFINITION_SHAPE('Placement','Placement of an item',
  #6379);
#6379 = NEXT_ASSEMBLY_USAGE_OCCURRENCE('14','F1','',#5,#6360,$);
#6380 = PRODUCT_RELATED_PRODUCT_CATEGORY('part',$,(#6362));
#6381 = SHAPE_DEFINITION_REPRESENTATION(#6382,#6388);
#6382 = PRODUCT_DEFINITION_SHAPE('','',#6383);
#6383 = PRODUCT_DEFINITION('design','',#6384,#6387);
#6384 = PRODUCT_DEFINITION_FORMATION('','',#6385);
#6385 = PRODUCT('Fuse_1206_3216Metric','Fuse_1206_3216Metric','',(#6386)
  );
#6386 = PRODUCT_CONTEXT('',#2,'mechanical');
#6387 = PRODUCT_DEFINITION_CONTEXT('part definition',#2,'design');
#6388 = ADVANCED_BREP_SHAPE_REPRESENTATION('',(#11,#6389),#7179);
#6389 = MANIFOLD_SOLID_BREP('',#6390);
#6390 = CLOSED_SHELL('',(#6391,#6431,#6514,#6539,#6564,#6631,#6648,#6665
    ,#6714,#6736,#6748,#6797,#6814,#6883,#6914,#6938,#7007,#7031,#7048,
    #7065,#7082,#7099,#7116,#7133,#7150,#7167));
#6391 = ADVANCED_FACE('',(#6392),#6426,.F.);
#6392 = FACE_BOUND('',#6393,.F.);
#6393 = EDGE_LOOP('',(#6394,#6404,#6412,#6420));
#6394 = ORIENTED_EDGE('',*,*,#6395,.F.);
#6395 = EDGE_CURVE('',#6396,#6398,#6400,.T.);
#6396 = VERTEX_POINT('',#6397);
#6397 = CARTESIAN_POINT('',(-1.6,-0.8,5.5E-02));
#6398 = VERTEX_POINT('',#6399);
#6399 = CARTESIAN_POINT('',(-1.6,-0.8,0.495));
#6400 = LINE('',#6401,#6402);
#6401 = CARTESIAN_POINT('',(-1.6,-0.8,0.));
#6402 = VECTOR('',#6403,1.);
#6403 = DIRECTION('',(0.,0.,1.));
#6404 = ORIENTED_EDGE('',*,*,#6405,.T.);
#6405 = EDGE_CURVE('',#6396,#6406,#6408,.T.);
#6406 = VERTEX_POINT('',#6407);
#6407 = CARTESIAN_POINT('',(-1.6,0.8,5.5E-02));
#6408 = LINE('',#6409,#6410);
#6409 = CARTESIAN_POINT('',(-1.6,-0.8,5.5E-02));
#6410 = VECTOR('',#6411,1.);
#6411 = DIRECTION('',(0.,1.,0.));
#6412 = ORIENTED_EDGE('',*,*,#6413,.T.);
#6413 = EDGE_CURVE('',#6406,#6414,#6416,.T.);
#6414 = VERTEX_POINT('',#6415);
#6415 = CARTESIAN_POINT('',(-1.6,0.8,0.495));
#6416 = LINE('',#6417,#6418);
#6417 = CARTESIAN_POINT('',(-1.6,0.8,0.));
#6418 = VECTOR('',#6419,1.);
#6419 = DIRECTION('',(0.,0.,1.));
#6420 = ORIENTED_EDGE('',*,*,#6421,.F.);
#6421 = EDGE_CURVE('',#6398,#6414,#6422,.T.);
#6422 = LINE('',#6423,#6424);
#6423 = CARTESIAN_POINT('',(-1.6,-0.8,0.495));
#6424 = VECTOR('',#6425,1.);
#6425 = DIRECTION('',(0.,1.,0.));
#6426 = PLANE('',#6427);
#6427 = AXIS2_PLACEMENT_3D('',#6428,#6429,#6430);
#6428 = CARTESIAN_POINT('',(-1.6,-0.8,0.));
#6429 = DIRECTION('',(1.,0.,0.));
#6430 = DIRECTION('',(0.,0.,1.));
#6431 = ADVANCED_FACE('',(#6432),#6509,.F.);
#6432 = FACE_BOUND('',#6433,.F.);
#6433 = EDGE_LOOP('',(#6434,#6444,#6451,#6452,#6461,#6469,#6478,#6486,
    #6494,#6502));
#6434 = ORIENTED_EDGE('',*,*,#6435,.F.);
#6435 = EDGE_CURVE('',#6436,#6438,#6440,.T.);
#6436 = VERTEX_POINT('',#6437);
#6437 = CARTESIAN_POINT('',(-1.545,-0.8,0.));
#6438 = VERTEX_POINT('',#6439);
#6439 = CARTESIAN_POINT('',(-1.155,-0.8,0.));
#6440 = LINE('',#6441,#6442);
#6441 = CARTESIAN_POINT('',(-1.6,-0.8,0.));
#6442 = VECTOR('',#6443,1.);
#6443 = DIRECTION('',(1.,0.,0.));
#6444 = ORIENTED_EDGE('',*,*,#6445,.F.);
#6445 = EDGE_CURVE('',#6396,#6436,#6446,.T.);
#6446 = CIRCLE('',#6447,5.5E-02);
#6447 = AXIS2_PLACEMENT_3D('',#6448,#6449,#6450);
#6448 = CARTESIAN_POINT('',(-1.545,-0.8,5.5E-02));
#6449 = DIRECTION('',(0.,-1.,0.));
#6450 = DIRECTION('',(0.,0.,1.));
#6451 = ORIENTED_EDGE('',*,*,#6395,.T.);
#6452 = ORIENTED_EDGE('',*,*,#6453,.T.);
#6453 = EDGE_CURVE('',#6398,#6454,#6456,.T.);
#6454 = VERTEX_POINT('',#6455);
#6455 = CARTESIAN_POINT('',(-1.545,-0.8,0.55));
#6456 = CIRCLE('',#6457,5.5E-02);
#6457 = AXIS2_PLACEMENT_3D('',#6458,#6459,#6460);
#6458 = CARTESIAN_POINT('',(-1.545,-0.8,0.495));
#6459 = DIRECTION('',(0.,1.,0.));
#6460 = DIRECTION('',(0.,-0.,1.));
#6461 = ORIENTED_EDGE('',*,*,#6462,.T.);
#6462 = EDGE_CURVE('',#6454,#6463,#6465,.T.);
#6463 = VERTEX_POINT('',#6464);
#6464 = CARTESIAN_POINT('',(-1.155,-0.8,0.55));
#6465 = LINE('',#6466,#6467);
#6466 = CARTESIAN_POINT('',(-1.6,-0.8,0.55));
#6467 = VECTOR('',#6468,1.);
#6468 = DIRECTION('',(1.,0.,0.));
#6469 = ORIENTED_EDGE('',*,*,#6470,.F.);
#6470 = EDGE_CURVE('',#6471,#6463,#6473,.T.);
#6471 = VERTEX_POINT('',#6472);
#6472 = CARTESIAN_POINT('',(-1.1,-0.8,0.495));
#6473 = CIRCLE('',#6474,5.5E-02);
#6474 = AXIS2_PLACEMENT_3D('',#6475,#6476,#6477);
#6475 = CARTESIAN_POINT('',(-1.155,-0.8,0.495));
#6476 = DIRECTION('',(0.,-1.,0.));
#6477 = DIRECTION('',(0.,0.,1.));
#6478 = ORIENTED_EDGE('',*,*,#6479,.F.);
#6479 = EDGE_CURVE('',#6480,#6471,#6482,.T.);
#6480 = VERTEX_POINT('',#6481);
#6481 = CARTESIAN_POINT('',(-1.545,-0.8,0.495));
#6482 = LINE('',#6483,#6484);
#6483 = CARTESIAN_POINT('',(-1.545,-0.8,0.495));
#6484 = VECTOR('',#6485,1.);
#6485 = DIRECTION('',(1.,0.,0.));
#6486 = ORIENTED_EDGE('',*,*,#6487,.F.);
#6487 = EDGE_CURVE('',#6488,#6480,#6490,.T.);
#6488 = VERTEX_POINT('',#6489);
#6489 = CARTESIAN_POINT('',(-1.545,-0.8,5.5E-02));
#6490 = LINE('',#6491,#6492);
#6491 = CARTESIAN_POINT('',(-1.545,-0.8,5.5E-02));
#6492 = VECTOR('',#6493,1.);
#6493 = DIRECTION('',(0.,0.,1.));
#6494 = ORIENTED_EDGE('',*,*,#6495,.T.);
#6495 = EDGE_CURVE('',#6488,#6496,#6498,.T.);
#6496 = VERTEX_POINT('',#6497);
#6497 = CARTESIAN_POINT('',(-1.1,-0.8,5.5E-02));
#6498 = LINE('',#6499,#6500);
#6499 = CARTESIAN_POINT('',(-1.545,-0.8,5.5E-02));
#6500 = VECTOR('',#6501,1.);
#6501 = DIRECTION('',(1.,0.,0.));
#6502 = ORIENTED_EDGE('',*,*,#6503,.T.);
#6503 = EDGE_CURVE('',#6496,#6438,#6504,.T.);
#6504 = CIRCLE('',#6505,5.5E-02);
#6505 = AXIS2_PLACEMENT_3D('',#6506,#6507,#6508);
#6506 = CARTESIAN_POINT('',(-1.155,-0.8,5.5E-02));
#6507 = DIRECTION('',(0.,1.,0.));
#6508 = DIRECTION('',(0.,-0.,1.));
#6509 = PLANE('',#6510);
#6510 = AXIS2_PLACEMENT_3D('',#6511,#6512,#6513);
#6511 = CARTESIAN_POINT('',(-1.6,-0.8,0.));
#6512 = DIRECTION('',(0.,1.,0.));
#6513 = DIRECTION('',(0.,-0.,1.));
#6514 = ADVANCED_FACE('',(#6515),#6534,.T.);
#6515 = FACE_BOUND('',#6516,.T.);
#6516 = EDGE_LOOP('',(#6517,#6518,#6527,#6533));
#6517 = ORIENTED_EDGE('',*,*,#6405,.T.);
#6518 = ORIENTED_EDGE('',*,*,#6519,.T.);
#6519 = EDGE_CURVE('',#6406,#6520,#6522,.T.);
#6520 = VERTEX_POINT('',#6521);
#6521 = CARTESIAN_POINT('',(-1.545,0.8,0.));
#6522 = CIRCLE('',#6523,5.5E-02);
#6523 = AXIS2_PLACEMENT_3D('',#6524,#6525,#6526);
#6524 = CARTESIAN_POINT('',(-1.545,0.8,5.5E-02));
#6525 = DIRECTION('',(0.,-1.,0.));
#6526 = DIRECTION('',(0.,0.,1.));
#6527 = ORIENTED_EDGE('',*,*,#6528,.F.);
#6528 = EDGE_CURVE('',#6436,#6520,#6529,.T.);
#6529 = LINE('',#6530,#6531);
#6530 = CARTESIAN_POINT('',(-1.545,-0.8,0.));
#6531 = VECTOR('',#6532,1.);
#6532 = DIRECTION('',(0.,1.,0.));
#6533 = ORIENTED_EDGE('',*,*,#6445,.F.);
#6534 = CYLINDRICAL_SURFACE('',#6535,5.5E-02);
#6535 = AXIS2_PLACEMENT_3D('',#6536,#6537,#6538);
#6536 = CARTESIAN_POINT('',(-1.545,-0.8,5.5E-02));
#6537 = DIRECTION('',(0.,1.,0.));
#6538 = DIRECTION('',(-1.,0.,0.));
#6539 = ADVANCED_FACE('',(#6540),#6559,.T.);
#6540 = FACE_BOUND('',#6541,.T.);
#6541 = EDGE_LOOP('',(#6542,#6543,#6551,#6558));
#6542 = ORIENTED_EDGE('',*,*,#6453,.T.);
#6543 = ORIENTED_EDGE('',*,*,#6544,.T.);
#6544 = EDGE_CURVE('',#6454,#6545,#6547,.T.);
#6545 = VERTEX_POINT('',#6546);
#6546 = CARTESIAN_POINT('',(-1.545,0.8,0.55));
#6547 = LINE('',#6548,#6549);
#6548 = CARTESIAN_POINT('',(-1.545,-0.8,0.55));
#6549 = VECTOR('',#6550,1.);
#6550 = DIRECTION('',(0.,1.,0.));
#6551 = ORIENTED_EDGE('',*,*,#6552,.F.);
#6552 = EDGE_CURVE('',#6414,#6545,#6553,.T.);
#6553 = CIRCLE('',#6554,5.5E-02);
#6554 = AXIS2_PLACEMENT_3D('',#6555,#6556,#6557);
#6555 = CARTESIAN_POINT('',(-1.545,0.8,0.495));
#6556 = DIRECTION('',(0.,1.,0.));
#6557 = DIRECTION('',(0.,-0.,1.));
#6558 = ORIENTED_EDGE('',*,*,#6421,.F.);
#6559 = CYLINDRICAL_SURFACE('',#6560,5.5E-02);
#6560 = AXIS2_PLACEMENT_3D('',#6561,#6562,#6563);
#6561 = CARTESIAN_POINT('',(-1.545,-0.8,0.495));
#6562 = DIRECTION('',(0.,1.,0.));
#6563 = DIRECTION('',(-1.,0.,0.));
#6564 = ADVANCED_FACE('',(#6565),#6626,.T.);
#6565 = FACE_BOUND('',#6566,.T.);
#6566 = EDGE_LOOP('',(#6567,#6575,#6576,#6577,#6578,#6586,#6595,#6603,
    #6611,#6619));
#6567 = ORIENTED_EDGE('',*,*,#6568,.F.);
#6568 = EDGE_CURVE('',#6520,#6569,#6571,.T.);
#6569 = VERTEX_POINT('',#6570);
#6570 = CARTESIAN_POINT('',(-1.155,0.8,0.));
#6571 = LINE('',#6572,#6573);
#6572 = CARTESIAN_POINT('',(-1.6,0.8,0.));
#6573 = VECTOR('',#6574,1.);
#6574 = DIRECTION('',(1.,0.,0.));
#6575 = ORIENTED_EDGE('',*,*,#6519,.F.);
#6576 = ORIENTED_EDGE('',*,*,#6413,.T.);
#6577 = ORIENTED_EDGE('',*,*,#6552,.T.);
#6578 = ORIENTED_EDGE('',*,*,#6579,.T.);
#6579 = EDGE_CURVE('',#6545,#6580,#6582,.T.);
#6580 = VERTEX_POINT('',#6581);
#6581 = CARTESIAN_POINT('',(-1.155,0.8,0.55));
#6582 = LINE('',#6583,#6584);
#6583 = CARTESIAN_POINT('',(-1.6,0.8,0.55));
#6584 = VECTOR('',#6585,1.);
#6585 = DIRECTION('',(1.,0.,0.));
#6586 = ORIENTED_EDGE('',*,*,#6587,.F.);
#6587 = EDGE_CURVE('',#6588,#6580,#6590,.T.);
#6588 = VERTEX_POINT('',#6589);
#6589 = CARTESIAN_POINT('',(-1.1,0.8,0.495));
#6590 = CIRCLE('',#6591,5.5E-02);
#6591 = AXIS2_PLACEMENT_3D('',#6592,#6593,#6594);
#6592 = CARTESIAN_POINT('',(-1.155,0.8,0.495));
#6593 = DIRECTION('',(0.,-1.,0.));
#6594 = DIRECTION('',(0.,0.,1.));
#6595 = ORIENTED_EDGE('',*,*,#6596,.F.);
#6596 = EDGE_CURVE('',#6597,#6588,#6599,.T.);
#6597 = VERTEX_POINT('',#6598);
#6598 = CARTESIAN_POINT('',(-1.545,0.8,0.495));
#6599 = LINE('',#6600,#6601);
#6600 = CARTESIAN_POINT('',(-1.545,0.8,0.495));
#6601 = VECTOR('',#6602,1.);
#6602 = DIRECTION('',(1.,0.,0.));
#6603 = ORIENTED_EDGE('',*,*,#6604,.F.);
#6604 = EDGE_CURVE('',#6605,#6597,#6607,.T.);
#6605 = VERTEX_POINT('',#6606);
#6606 = CARTESIAN_POINT('',(-1.545,0.8,5.5E-02));
#6607 = LINE('',#6608,#6609);
#6608 = CARTESIAN_POINT('',(-1.545,0.8,5.5E-02));
#6609 = VECTOR('',#6610,1.);
#6610 = DIRECTION('',(0.,0.,1.));
#6611 = ORIENTED_EDGE('',*,*,#6612,.T.);
#6612 = EDGE_CURVE('',#6605,#6613,#6615,.T.);
#6613 = VERTEX_POINT('',#6614);
#6614 = CARTESIAN_POINT('',(-1.1,0.8,5.5E-02));
#6615 = LINE('',#6616,#6617);
#6616 = CARTESIAN_POINT('',(-1.545,0.8,5.5E-02));
#6617 = VECTOR('',#6618,1.);
#6618 = DIRECTION('',(1.,0.,0.));
#6619 = ORIENTED_EDGE('',*,*,#6620,.T.);
#6620 = EDGE_CURVE('',#6613,#6569,#6621,.T.);
#6621 = CIRCLE('',#6622,5.5E-02);
#6622 = AXIS2_PLACEMENT_3D('',#6623,#6624,#6625);
#6623 = CARTESIAN_POINT('',(-1.155,0.8,5.5E-02));
#6624 = DIRECTION('',(0.,1.,0.));
#6625 = DIRECTION('',(0.,-0.,1.));
#6626 = PLANE('',#6627);
#6627 = AXIS2_PLACEMENT_3D('',#6628,#6629,#6630);
#6628 = CARTESIAN_POINT('',(-1.6,0.8,0.));
#6629 = DIRECTION('',(0.,1.,0.));
#6630 = DIRECTION('',(0.,-0.,1.));
#6631 = ADVANCED_FACE('',(#6632),#6643,.F.);
#6632 = FACE_BOUND('',#6633,.F.);
#6633 = EDGE_LOOP('',(#6634,#6635,#6636,#6637));
#6634 = ORIENTED_EDGE('',*,*,#6568,.F.);
#6635 = ORIENTED_EDGE('',*,*,#6528,.F.);
#6636 = ORIENTED_EDGE('',*,*,#6435,.T.);
#6637 = ORIENTED_EDGE('',*,*,#6638,.T.);
#6638 = EDGE_CURVE('',#6438,#6569,#6639,.T.);
#6639 = LINE('',#6640,#6641);
#6640 = CARTESIAN_POINT('',(-1.155,-0.8,0.));
#6641 = VECTOR('',#6642,1.);
#6642 = DIRECTION('',(0.,1.,0.));
#6643 = PLANE('',#6644);
#6644 = AXIS2_PLACEMENT_3D('',#6645,#6646,#6647);
#6645 = CARTESIAN_POINT('',(-1.6,-0.8,0.));
#6646 = DIRECTION('',(0.,0.,1.));
#6647 = DIRECTION('',(1.,0.,-0.));
#6648 = ADVANCED_FACE('',(#6649),#6660,.T.);
#6649 = FACE_BOUND('',#6650,.T.);
#6650 = EDGE_LOOP('',(#6651,#6652,#6653,#6654));
#6651 = ORIENTED_EDGE('',*,*,#6503,.T.);
#6652 = ORIENTED_EDGE('',*,*,#6638,.T.);
#6653 = ORIENTED_EDGE('',*,*,#6620,.F.);
#6654 = ORIENTED_EDGE('',*,*,#6655,.F.);
#6655 = EDGE_CURVE('',#6496,#6613,#6656,.T.);
#6656 = LINE('',#6657,#6658);
#6657 = CARTESIAN_POINT('',(-1.1,-0.8,5.5E-02));
#6658 = VECTOR('',#6659,1.);
#6659 = DIRECTION('',(0.,1.,0.));
#6660 = CYLINDRICAL_SURFACE('',#6661,5.5E-02);
#6661 = AXIS2_PLACEMENT_3D('',#6662,#6663,#6664);
#6662 = CARTESIAN_POINT('',(-1.155,-0.8,5.5E-02));
#6663 = DIRECTION('',(0.,1.,0.));
#6664 = DIRECTION('',(1.,0.,0.));
#6665 = ADVANCED_FACE('',(#6666),#6709,.F.);
#6666 = FACE_BOUND('',#6667,.F.);
#6667 = EDGE_LOOP('',(#6668,#6669,#6670,#6671,#6679,#6687,#6695,#6703));
#6668 = ORIENTED_EDGE('',*,*,#6495,.F.);
#6669 = ORIENTED_EDGE('',*,*,#6487,.T.);
#6670 = ORIENTED_EDGE('',*,*,#6479,.T.);
#6671 = ORIENTED_EDGE('',*,*,#6672,.T.);
#6672 = EDGE_CURVE('',#6471,#6673,#6675,.T.);
#6673 = VERTEX_POINT('',#6674);
#6674 = CARTESIAN_POINT('',(1.1,-0.8,0.495));
#6675 = LINE('',#6676,#6677);
#6676 = CARTESIAN_POINT('',(-1.1,-0.8,0.495));
#6677 = VECTOR('',#6678,1.);
#6678 = DIRECTION('',(1.,0.,0.));
#6679 = ORIENTED_EDGE('',*,*,#6680,.T.);
#6680 = EDGE_CURVE('',#6673,#6681,#6683,.T.);
#6681 = VERTEX_POINT('',#6682);
#6682 = CARTESIAN_POINT('',(1.545,-0.8,0.495));
#6683 = LINE('',#6684,#6685);
#6684 = CARTESIAN_POINT('',(-1.545,-0.8,0.495));
#6685 = VECTOR('',#6686,1.);
#6686 = DIRECTION('',(1.,0.,0.));
#6687 = ORIENTED_EDGE('',*,*,#6688,.F.);
#6688 = EDGE_CURVE('',#6689,#6681,#6691,.T.);
#6689 = VERTEX_POINT('',#6690);
#6690 = CARTESIAN_POINT('',(1.545,-0.8,5.5E-02));
#6691 = LINE('',#6692,#6693);
#6692 = CARTESIAN_POINT('',(1.545,-0.8,5.5E-02));
#6693 = VECTOR('',#6694,1.);
#6694 = DIRECTION('',(0.,0.,1.));
#6695 = ORIENTED_EDGE('',*,*,#6696,.F.);
#6696 = EDGE_CURVE('',#6697,#6689,#6699,.T.);
#6697 = VERTEX_POINT('',#6698);
#6698 = CARTESIAN_POINT('',(1.1,-0.8,5.5E-02));
#6699 = LINE('',#6700,#6701);
#6700 = CARTESIAN_POINT('',(-1.545,-0.8,5.5E-02));
#6701 = VECTOR('',#6702,1.);
#6702 = DIRECTION('',(1.,0.,0.));
#6703 = ORIENTED_EDGE('',*,*,#6704,.F.);
#6704 = EDGE_CURVE('',#6496,#6697,#6705,.T.);
#6705 = LINE('',#6706,#6707);
#6706 = CARTESIAN_POINT('',(-1.545,-0.8,5.5E-02));
#6707 = VECTOR('',#6708,1.);
#6708 = DIRECTION('',(1.,0.,0.));
#6709 = PLANE('',#6710);
#6710 = AXIS2_PLACEMENT_3D('',#6711,#6712,#6713);
#6711 = CARTESIAN_POINT('',(-1.545,-0.8,5.5E-02));
#6712 = DIRECTION('',(0.,1.,0.));
#6713 = DIRECTION('',(0.,-0.,1.));
#6714 = ADVANCED_FACE('',(#6715),#6731,.T.);
#6715 = FACE_BOUND('',#6716,.T.);
#6716 = EDGE_LOOP('',(#6717,#6723,#6724,#6730));
#6717 = ORIENTED_EDGE('',*,*,#6718,.T.);
#6718 = EDGE_CURVE('',#6471,#6588,#6719,.T.);
#6719 = LINE('',#6720,#6721);
#6720 = CARTESIAN_POINT('',(-1.1,-0.8,0.495));
#6721 = VECTOR('',#6722,1.);
#6722 = DIRECTION('',(0.,1.,0.));
#6723 = ORIENTED_EDGE('',*,*,#6587,.T.);
#6724 = ORIENTED_EDGE('',*,*,#6725,.F.);
#6725 = EDGE_CURVE('',#6463,#6580,#6726,.T.);
#6726 = LINE('',#6727,#6728);
#6727 = CARTESIAN_POINT('',(-1.155,-0.8,0.55));
#6728 = VECTOR('',#6729,1.);
#6729 = DIRECTION('',(0.,1.,0.));
#6730 = ORIENTED_EDGE('',*,*,#6470,.F.);
#6731 = CYLINDRICAL_SURFACE('',#6732,5.5E-02);
#6732 = AXIS2_PLACEMENT_3D('',#6733,#6734,#6735);
#6733 = CARTESIAN_POINT('',(-1.155,-0.8,0.495));
#6734 = DIRECTION('',(0.,1.,0.));
#6735 = DIRECTION('',(1.,0.,0.));
#6736 = ADVANCED_FACE('',(#6737),#6743,.T.);
#6737 = FACE_BOUND('',#6738,.T.);
#6738 = EDGE_LOOP('',(#6739,#6740,#6741,#6742));
#6739 = ORIENTED_EDGE('',*,*,#6579,.F.);
#6740 = ORIENTED_EDGE('',*,*,#6544,.F.);
#6741 = ORIENTED_EDGE('',*,*,#6462,.T.);
#6742 = ORIENTED_EDGE('',*,*,#6725,.T.);
#6743 = PLANE('',#6744);
#6744 = AXIS2_PLACEMENT_3D('',#6745,#6746,#6747);
#6745 = CARTESIAN_POINT('',(-1.6,-0.8,0.55));
#6746 = DIRECTION('',(0.,0.,1.));
#6747 = DIRECTION('',(1.,0.,-0.));
#6748 = ADVANCED_FACE('',(#6749),#6792,.T.);
#6749 = FACE_BOUND('',#6750,.T.);
#6750 = EDGE_LOOP('',(#6751,#6752,#6753,#6754,#6762,#6770,#6778,#6786));
#6751 = ORIENTED_EDGE('',*,*,#6612,.F.);
#6752 = ORIENTED_EDGE('',*,*,#6604,.T.);
#6753 = ORIENTED_EDGE('',*,*,#6596,.T.);
#6754 = ORIENTED_EDGE('',*,*,#6755,.T.);
#6755 = EDGE_CURVE('',#6588,#6756,#6758,.T.);
#6756 = VERTEX_POINT('',#6757);
#6757 = CARTESIAN_POINT('',(1.1,0.8,0.495));
#6758 = LINE('',#6759,#6760);
#6759 = CARTESIAN_POINT('',(-1.1,0.8,0.495));
#6760 = VECTOR('',#6761,1.);
#6761 = DIRECTION('',(1.,0.,0.));
#6762 = ORIENTED_EDGE('',*,*,#6763,.T.);
#6763 = EDGE_CURVE('',#6756,#6764,#6766,.T.);
#6764 = VERTEX_POINT('',#6765);
#6765 = CARTESIAN_POINT('',(1.545,0.8,0.495));
#6766 = LINE('',#6767,#6768);
#6767 = CARTESIAN_POINT('',(-1.545,0.8,0.495));
#6768 = VECTOR('',#6769,1.);
#6769 = DIRECTION('',(1.,0.,0.));
#6770 = ORIENTED_EDGE('',*,*,#6771,.F.);
#6771 = EDGE_CURVE('',#6772,#6764,#6774,.T.);
#6772 = VERTEX_POINT('',#6773);
#6773 = CARTESIAN_POINT('',(1.545,0.8,5.5E-02));
#6774 = LINE('',#6775,#6776);
#6775 = CARTESIAN_POINT('',(1.545,0.8,5.5E-02));
#6776 = VECTOR('',#6777,1.);
#6777 = DIRECTION('',(0.,0.,1.));
#6778 = ORIENTED_EDGE('',*,*,#6779,.F.);
#6779 = EDGE_CURVE('',#6780,#6772,#6782,.T.);
#6780 = VERTEX_POINT('',#6781);
#6781 = CARTESIAN_POINT('',(1.1,0.8,5.5E-02));
#6782 = LINE('',#6783,#6784);
#6783 = CARTESIAN_POINT('',(-1.545,0.8,5.5E-02));
#6784 = VECTOR('',#6785,1.);
#6785 = DIRECTION('',(1.,0.,0.));
#6786 = ORIENTED_EDGE('',*,*,#6787,.F.);
#6787 = EDGE_CURVE('',#6613,#6780,#6788,.T.);
#6788 = LINE('',#6789,#6790);
#6789 = CARTESIAN_POINT('',(-1.545,0.8,5.5E-02));
#6790 = VECTOR('',#6791,1.);
#6791 = DIRECTION('',(1.,0.,0.));
#6792 = PLANE('',#6793);
#6793 = AXIS2_PLACEMENT_3D('',#6794,#6795,#6796);
#6794 = CARTESIAN_POINT('',(-1.545,0.8,5.5E-02));
#6795 = DIRECTION('',(0.,1.,0.));
#6796 = DIRECTION('',(0.,-0.,1.));
#6797 = ADVANCED_FACE('',(#6798),#6809,.F.);
#6798 = FACE_BOUND('',#6799,.F.);
#6799 = EDGE_LOOP('',(#6800,#6801,#6802,#6808));
#6800 = ORIENTED_EDGE('',*,*,#6655,.F.);
#6801 = ORIENTED_EDGE('',*,*,#6704,.T.);
#6802 = ORIENTED_EDGE('',*,*,#6803,.T.);
#6803 = EDGE_CURVE('',#6697,#6780,#6804,.T.);
#6804 = LINE('',#6805,#6806);
#6805 = CARTESIAN_POINT('',(1.1,-0.8,5.5E-02));
#6806 = VECTOR('',#6807,1.);
#6807 = DIRECTION('',(0.,1.,0.));
#6808 = ORIENTED_EDGE('',*,*,#6787,.F.);
#6809 = PLANE('',#6810);
#6810 = AXIS2_PLACEMENT_3D('',#6811,#6812,#6813);
#6811 = CARTESIAN_POINT('',(-1.545,-0.8,5.5E-02));
#6812 = DIRECTION('',(0.,0.,1.));
#6813 = DIRECTION('',(1.,0.,-0.));
#6814 = ADVANCED_FACE('',(#6815),#6878,.F.);
#6815 = FACE_BOUND('',#6816,.F.);
#6816 = EDGE_LOOP('',(#6817,#6827,#6834,#6835,#6836,#6837,#6846,#6854,
    #6863,#6871));
#6817 = ORIENTED_EDGE('',*,*,#6818,.F.);
#6818 = EDGE_CURVE('',#6819,#6821,#6823,.T.);
#6819 = VERTEX_POINT('',#6820);
#6820 = CARTESIAN_POINT('',(1.155,-0.8,0.));
#6821 = VERTEX_POINT('',#6822);
#6822 = CARTESIAN_POINT('',(1.545,-0.8,0.));
#6823 = LINE('',#6824,#6825);
#6824 = CARTESIAN_POINT('',(1.1,-0.8,0.));
#6825 = VECTOR('',#6826,1.);
#6826 = DIRECTION('',(1.,0.,0.));
#6827 = ORIENTED_EDGE('',*,*,#6828,.F.);
#6828 = EDGE_CURVE('',#6697,#6819,#6829,.T.);
#6829 = CIRCLE('',#6830,5.5E-02);
#6830 = AXIS2_PLACEMENT_3D('',#6831,#6832,#6833);
#6831 = CARTESIAN_POINT('',(1.155,-0.8,5.5E-02));
#6832 = DIRECTION('',(0.,-1.,0.));
#6833 = DIRECTION('',(0.,0.,1.));
#6834 = ORIENTED_EDGE('',*,*,#6696,.T.);
#6835 = ORIENTED_EDGE('',*,*,#6688,.T.);
#6836 = ORIENTED_EDGE('',*,*,#6680,.F.);
#6837 = ORIENTED_EDGE('',*,*,#6838,.T.);
#6838 = EDGE_CURVE('',#6673,#6839,#6841,.T.);
#6839 = VERTEX_POINT('',#6840);
#6840 = CARTESIAN_POINT('',(1.155,-0.8,0.55));
#6841 = CIRCLE('',#6842,5.5E-02);
#6842 = AXIS2_PLACEMENT_3D('',#6843,#6844,#6845);
#6843 = CARTESIAN_POINT('',(1.155,-0.8,0.495));
#6844 = DIRECTION('',(0.,1.,0.));
#6845 = DIRECTION('',(0.,-0.,1.));
#6846 = ORIENTED_EDGE('',*,*,#6847,.T.);
#6847 = EDGE_CURVE('',#6839,#6848,#6850,.T.);
#6848 = VERTEX_POINT('',#6849);
#6849 = CARTESIAN_POINT('',(1.545,-0.8,0.55));
#6850 = LINE('',#6851,#6852);
#6851 = CARTESIAN_POINT('',(1.1,-0.8,0.55));
#6852 = VECTOR('',#6853,1.);
#6853 = DIRECTION('',(1.,0.,0.));
#6854 = ORIENTED_EDGE('',*,*,#6855,.F.);
#6855 = EDGE_CURVE('',#6856,#6848,#6858,.T.);
#6856 = VERTEX_POINT('',#6857);
#6857 = CARTESIAN_POINT('',(1.6,-0.8,0.495));
#6858 = CIRCLE('',#6859,5.5E-02);
#6859 = AXIS2_PLACEMENT_3D('',#6860,#6861,#6862);
#6860 = CARTESIAN_POINT('',(1.545,-0.8,0.495));
#6861 = DIRECTION('',(0.,-1.,0.));
#6862 = DIRECTION('',(0.,0.,1.));
#6863 = ORIENTED_EDGE('',*,*,#6864,.F.);
#6864 = EDGE_CURVE('',#6865,#6856,#6867,.T.);
#6865 = VERTEX_POINT('',#6866);
#6866 = CARTESIAN_POINT('',(1.6,-0.8,5.5E-02));
#6867 = LINE('',#6868,#6869);
#6868 = CARTESIAN_POINT('',(1.6,-0.8,0.));
#6869 = VECTOR('',#6870,1.);
#6870 = DIRECTION('',(0.,0.,1.));
#6871 = ORIENTED_EDGE('',*,*,#6872,.T.);
#6872 = EDGE_CURVE('',#6865,#6821,#6873,.T.);
#6873 = CIRCLE('',#6874,5.5E-02);
#6874 = AXIS2_PLACEMENT_3D('',#6875,#6876,#6877);
#6875 = CARTESIAN_POINT('',(1.545,-0.8,5.5E-02));
#6876 = DIRECTION('',(0.,1.,0.));
#6877 = DIRECTION('',(0.,-0.,1.));
#6878 = PLANE('',#6879);
#6879 = AXIS2_PLACEMENT_3D('',#6880,#6881,#6882);
#6880 = CARTESIAN_POINT('',(1.1,-0.8,0.));
#6881 = DIRECTION('',(0.,1.,0.));
#6882 = DIRECTION('',(0.,-0.,1.));
#6883 = ADVANCED_FACE('',(#6884),#6909,.F.);
#6884 = FACE_BOUND('',#6885,.F.);
#6885 = EDGE_LOOP('',(#6886,#6887,#6895,#6903));
#6886 = ORIENTED_EDGE('',*,*,#6672,.F.);
#6887 = ORIENTED_EDGE('',*,*,#6888,.T.);
#6888 = EDGE_CURVE('',#6471,#6889,#6891,.T.);
#6889 = VERTEX_POINT('',#6890);
#6890 = CARTESIAN_POINT('',(-1.1,-0.8,0.55));
#6891 = LINE('',#6892,#6893);
#6892 = CARTESIAN_POINT('',(-1.1,-0.8,0.495));
#6893 = VECTOR('',#6894,1.);
#6894 = DIRECTION('',(0.,0.,1.));
#6895 = ORIENTED_EDGE('',*,*,#6896,.T.);
#6896 = EDGE_CURVE('',#6889,#6897,#6899,.T.);
#6897 = VERTEX_POINT('',#6898);
#6898 = CARTESIAN_POINT('',(1.1,-0.8,0.55));
#6899 = LINE('',#6900,#6901);
#6900 = CARTESIAN_POINT('',(-1.1,-0.8,0.55));
#6901 = VECTOR('',#6902,1.);
#6902 = DIRECTION('',(1.,0.,0.));
#6903 = ORIENTED_EDGE('',*,*,#6904,.F.);
#6904 = EDGE_CURVE('',#6673,#6897,#6905,.T.);
#6905 = LINE('',#6906,#6907);
#6906 = CARTESIAN_POINT('',(1.1,-0.8,0.495));
#6907 = VECTOR('',#6908,1.);
#6908 = DIRECTION('',(0.,0.,1.));
#6909 = PLANE('',#6910);
#6910 = AXIS2_PLACEMENT_3D('',#6911,#6912,#6913);
#6911 = CARTESIAN_POINT('',(-1.1,-0.8,0.495));
#6912 = DIRECTION('',(0.,1.,0.));
#6913 = DIRECTION('',(0.,-0.,1.));
#6914 = ADVANCED_FACE('',(#6915),#6933,.F.);
#6915 = FACE_BOUND('',#6916,.F.);
#6916 = EDGE_LOOP('',(#6917,#6918,#6919,#6927));
#6917 = ORIENTED_EDGE('',*,*,#6888,.F.);
#6918 = ORIENTED_EDGE('',*,*,#6718,.T.);
#6919 = ORIENTED_EDGE('',*,*,#6920,.T.);
#6920 = EDGE_CURVE('',#6588,#6921,#6923,.T.);
#6921 = VERTEX_POINT('',#6922);
#6922 = CARTESIAN_POINT('',(-1.1,0.8,0.55));
#6923 = LINE('',#6924,#6925);
#6924 = CARTESIAN_POINT('',(-1.1,0.8,0.495));
#6925 = VECTOR('',#6926,1.);
#6926 = DIRECTION('',(0.,0.,1.));
#6927 = ORIENTED_EDGE('',*,*,#6928,.F.);
#6928 = EDGE_CURVE('',#6889,#6921,#6929,.T.);
#6929 = LINE('',#6930,#6931);
#6930 = CARTESIAN_POINT('',(-1.1,-0.8,0.55));
#6931 = VECTOR('',#6932,1.);
#6932 = DIRECTION('',(0.,1.,0.));
#6933 = PLANE('',#6934);
#6934 = AXIS2_PLACEMENT_3D('',#6935,#6936,#6937);
#6935 = CARTESIAN_POINT('',(-1.1,-0.8,0.495));
#6936 = DIRECTION('',(1.,0.,0.));
#6937 = DIRECTION('',(0.,0.,1.));
#6938 = ADVANCED_FACE('',(#6939),#7002,.T.);
#6939 = FACE_BOUND('',#6940,.T.);
#6940 = EDGE_LOOP('',(#6941,#6951,#6958,#6959,#6960,#6961,#6970,#6978,
    #6987,#6995));
#6941 = ORIENTED_EDGE('',*,*,#6942,.F.);
#6942 = EDGE_CURVE('',#6943,#6945,#6947,.T.);
#6943 = VERTEX_POINT('',#6944);
#6944 = CARTESIAN_POINT('',(1.155,0.8,0.));
#6945 = VERTEX_POINT('',#6946);
#6946 = CARTESIAN_POINT('',(1.545,0.8,0.));
#6947 = LINE('',#6948,#6949);
#6948 = CARTESIAN_POINT('',(1.1,0.8,0.));
#6949 = VECTOR('',#6950,1.);
#6950 = DIRECTION('',(1.,0.,0.));
#6951 = ORIENTED_EDGE('',*,*,#6952,.F.);
#6952 = EDGE_CURVE('',#6780,#6943,#6953,.T.);
#6953 = CIRCLE('',#6954,5.5E-02);
#6954 = AXIS2_PLACEMENT_3D('',#6955,#6956,#6957);
#6955 = CARTESIAN_POINT('',(1.155,0.8,5.5E-02));
#6956 = DIRECTION('',(0.,-1.,0.));
#6957 = DIRECTION('',(0.,0.,1.));
#6958 = ORIENTED_EDGE('',*,*,#6779,.T.);
#6959 = ORIENTED_EDGE('',*,*,#6771,.T.);
#6960 = ORIENTED_EDGE('',*,*,#6763,.F.);
#6961 = ORIENTED_EDGE('',*,*,#6962,.T.);
#6962 = EDGE_CURVE('',#6756,#6963,#6965,.T.);
#6963 = VERTEX_POINT('',#6964);
#6964 = CARTESIAN_POINT('',(1.155,0.8,0.55));
#6965 = CIRCLE('',#6966,5.5E-02);
#6966 = AXIS2_PLACEMENT_3D('',#6967,#6968,#6969);
#6967 = CARTESIAN_POINT('',(1.155,0.8,0.495));
#6968 = DIRECTION('',(0.,1.,0.));
#6969 = DIRECTION('',(0.,-0.,1.));
#6970 = ORIENTED_EDGE('',*,*,#6971,.T.);
#6971 = EDGE_CURVE('',#6963,#6972,#6974,.T.);
#6972 = VERTEX_POINT('',#6973);
#6973 = CARTESIAN_POINT('',(1.545,0.8,0.55));
#6974 = LINE('',#6975,#6976);
#6975 = CARTESIAN_POINT('',(1.1,0.8,0.55));
#6976 = VECTOR('',#6977,1.);
#6977 = DIRECTION('',(1.,0.,0.));
#6978 = ORIENTED_EDGE('',*,*,#6979,.F.);
#6979 = EDGE_CURVE('',#6980,#6972,#6982,.T.);
#6980 = VERTEX_POINT('',#6981);
#6981 = CARTESIAN_POINT('',(1.6,0.8,0.495));
#6982 = CIRCLE('',#6983,5.5E-02);
#6983 = AXIS2_PLACEMENT_3D('',#6984,#6985,#6986);
#6984 = CARTESIAN_POINT('',(1.545,0.8,0.495));
#6985 = DIRECTION('',(0.,-1.,0.));
#6986 = DIRECTION('',(0.,0.,1.));
#6987 = ORIENTED_EDGE('',*,*,#6988,.F.);
#6988 = EDGE_CURVE('',#6989,#6980,#6991,.T.);
#6989 = VERTEX_POINT('',#6990);
#6990 = CARTESIAN_POINT('',(1.6,0.8,5.5E-02));
#6991 = LINE('',#6992,#6993);
#6992 = CARTESIAN_POINT('',(1.6,0.8,0.));
#6993 = VECTOR('',#6994,1.);
#6994 = DIRECTION('',(0.,0.,1.));
#6995 = ORIENTED_EDGE('',*,*,#6996,.T.);
#6996 = EDGE_CURVE('',#6989,#6945,#6997,.T.);
#6997 = CIRCLE('',#6998,5.5E-02);
#6998 = AXIS2_PLACEMENT_3D('',#6999,#7000,#7001);
#6999 = CARTESIAN_POINT('',(1.545,0.8,5.5E-02));
#7000 = DIRECTION('',(0.,1.,0.));
#7001 = DIRECTION('',(0.,-0.,1.));
#7002 = PLANE('',#7003);
#7003 = AXIS2_PLACEMENT_3D('',#7004,#7005,#7006);
#7004 = CARTESIAN_POINT('',(1.1,0.8,0.));
#7005 = DIRECTION('',(0.,1.,0.));
#7006 = DIRECTION('',(0.,-0.,1.));
#7007 = ADVANCED_FACE('',(#7008),#7026,.T.);
#7008 = FACE_BOUND('',#7009,.T.);
#7009 = EDGE_LOOP('',(#7010,#7011,#7012,#7020));
#7010 = ORIENTED_EDGE('',*,*,#6755,.F.);
#7011 = ORIENTED_EDGE('',*,*,#6920,.T.);
#7012 = ORIENTED_EDGE('',*,*,#7013,.T.);
#7013 = EDGE_CURVE('',#6921,#7014,#7016,.T.);
#7014 = VERTEX_POINT('',#7015);
#7015 = CARTESIAN_POINT('',(1.1,0.8,0.55));
#7016 = LINE('',#7017,#7018);
#7017 = CARTESIAN_POINT('',(-1.1,0.8,0.55));
#7018 = VECTOR('',#7019,1.);
#7019 = DIRECTION('',(1.,0.,0.));
#7020 = ORIENTED_EDGE('',*,*,#7021,.F.);
#7021 = EDGE_CURVE('',#6756,#7014,#7022,.T.);
#7022 = LINE('',#7023,#7024);
#7023 = CARTESIAN_POINT('',(1.1,0.8,0.495));
#7024 = VECTOR('',#7025,1.);
#7025 = DIRECTION('',(0.,0.,1.));
#7026 = PLANE('',#7027);
#7027 = AXIS2_PLACEMENT_3D('',#7028,#7029,#7030);
#7028 = CARTESIAN_POINT('',(-1.1,0.8,0.495));
#7029 = DIRECTION('',(0.,1.,0.));
#7030 = DIRECTION('',(0.,-0.,1.));
#7031 = ADVANCED_FACE('',(#7032),#7043,.T.);
#7032 = FACE_BOUND('',#7033,.T.);
#7033 = EDGE_LOOP('',(#7034,#7035,#7036,#7042));
#7034 = ORIENTED_EDGE('',*,*,#6803,.T.);
#7035 = ORIENTED_EDGE('',*,*,#6952,.T.);
#7036 = ORIENTED_EDGE('',*,*,#7037,.F.);
#7037 = EDGE_CURVE('',#6819,#6943,#7038,.T.);
#7038 = LINE('',#7039,#7040);
#7039 = CARTESIAN_POINT('',(1.155,-0.8,0.));
#7040 = VECTOR('',#7041,1.);
#7041 = DIRECTION('',(0.,1.,0.));
#7042 = ORIENTED_EDGE('',*,*,#6828,.F.);
#7043 = CYLINDRICAL_SURFACE('',#7044,5.5E-02);
#7044 = AXIS2_PLACEMENT_3D('',#7045,#7046,#7047);
#7045 = CARTESIAN_POINT('',(1.155,-0.8,5.5E-02));
#7046 = DIRECTION('',(0.,1.,0.));
#7047 = DIRECTION('',(-1.,0.,0.));
#7048 = ADVANCED_FACE('',(#7049),#7060,.F.);
#7049 = FACE_BOUND('',#7050,.F.);
#7050 = EDGE_LOOP('',(#7051,#7052,#7053,#7054));
#7051 = ORIENTED_EDGE('',*,*,#6942,.F.);
#7052 = ORIENTED_EDGE('',*,*,#7037,.F.);
#7053 = ORIENTED_EDGE('',*,*,#6818,.T.);
#7054 = ORIENTED_EDGE('',*,*,#7055,.T.);
#7055 = EDGE_CURVE('',#6821,#6945,#7056,.T.);
#7056 = LINE('',#7057,#7058);
#7057 = CARTESIAN_POINT('',(1.545,-0.8,0.));
#7058 = VECTOR('',#7059,1.);
#7059 = DIRECTION('',(0.,1.,0.));
#7060 = PLANE('',#7061);
#7061 = AXIS2_PLACEMENT_3D('',#7062,#7063,#7064);
#7062 = CARTESIAN_POINT('',(1.1,-0.8,0.));
#7063 = DIRECTION('',(0.,0.,1.));
#7064 = DIRECTION('',(1.,0.,-0.));
#7065 = ADVANCED_FACE('',(#7066),#7077,.T.);
#7066 = FACE_BOUND('',#7067,.T.);
#7067 = EDGE_LOOP('',(#7068,#7069,#7070,#7071));
#7068 = ORIENTED_EDGE('',*,*,#6872,.T.);
#7069 = ORIENTED_EDGE('',*,*,#7055,.T.);
#7070 = ORIENTED_EDGE('',*,*,#6996,.F.);
#7071 = ORIENTED_EDGE('',*,*,#7072,.F.);
#7072 = EDGE_CURVE('',#6865,#6989,#7073,.T.);
#7073 = LINE('',#7074,#7075);
#7074 = CARTESIAN_POINT('',(1.6,-0.8,5.5E-02));
#7075 = VECTOR('',#7076,1.);
#7076 = DIRECTION('',(0.,1.,0.));
#7077 = CYLINDRICAL_SURFACE('',#7078,5.5E-02);
#7078 = AXIS2_PLACEMENT_3D('',#7079,#7080,#7081);
#7079 = CARTESIAN_POINT('',(1.545,-0.8,5.5E-02));
#7080 = DIRECTION('',(0.,1.,0.));
#7081 = DIRECTION('',(1.,0.,0.));
#7082 = ADVANCED_FACE('',(#7083),#7094,.T.);
#7083 = FACE_BOUND('',#7084,.T.);
#7084 = EDGE_LOOP('',(#7085,#7086,#7087,#7088));
#7085 = ORIENTED_EDGE('',*,*,#6864,.F.);
#7086 = ORIENTED_EDGE('',*,*,#7072,.T.);
#7087 = ORIENTED_EDGE('',*,*,#6988,.T.);
#7088 = ORIENTED_EDGE('',*,*,#7089,.F.);
#7089 = EDGE_CURVE('',#6856,#6980,#7090,.T.);
#7090 = LINE('',#7091,#7092);
#7091 = CARTESIAN_POINT('',(1.6,-0.8,0.495));
#7092 = VECTOR('',#7093,1.);
#7093 = DIRECTION('',(0.,1.,0.));
#7094 = PLANE('',#7095);
#7095 = AXIS2_PLACEMENT_3D('',#7096,#7097,#7098);
#7096 = CARTESIAN_POINT('',(1.6,-0.8,0.));
#7097 = DIRECTION('',(1.,0.,0.));
#7098 = DIRECTION('',(0.,0.,1.));
#7099 = ADVANCED_FACE('',(#7100),#7111,.T.);
#7100 = FACE_BOUND('',#7101,.T.);
#7101 = EDGE_LOOP('',(#7102,#7103,#7104,#7110));
#7102 = ORIENTED_EDGE('',*,*,#7089,.T.);
#7103 = ORIENTED_EDGE('',*,*,#6979,.T.);
#7104 = ORIENTED_EDGE('',*,*,#7105,.F.);
#7105 = EDGE_CURVE('',#6848,#6972,#7106,.T.);
#7106 = LINE('',#7107,#7108);
#7107 = CARTESIAN_POINT('',(1.545,-0.8,0.55));
#7108 = VECTOR('',#7109,1.);
#7109 = DIRECTION('',(0.,1.,0.));
#7110 = ORIENTED_EDGE('',*,*,#6855,.F.);
#7111 = CYLINDRICAL_SURFACE('',#7112,5.5E-02);
#7112 = AXIS2_PLACEMENT_3D('',#7113,#7114,#7115);
#7113 = CARTESIAN_POINT('',(1.545,-0.8,0.495));
#7114 = DIRECTION('',(0.,1.,0.));
#7115 = DIRECTION('',(1.,0.,0.));
#7116 = ADVANCED_FACE('',(#7117),#7128,.T.);
#7117 = FACE_BOUND('',#7118,.T.);
#7118 = EDGE_LOOP('',(#7119,#7120,#7126,#7127));
#7119 = ORIENTED_EDGE('',*,*,#6971,.F.);
#7120 = ORIENTED_EDGE('',*,*,#7121,.F.);
#7121 = EDGE_CURVE('',#6839,#6963,#7122,.T.);
#7122 = LINE('',#7123,#7124);
#7123 = CARTESIAN_POINT('',(1.155,-0.8,0.55));
#7124 = VECTOR('',#7125,1.);
#7125 = DIRECTION('',(0.,1.,0.));
#7126 = ORIENTED_EDGE('',*,*,#6847,.T.);
#7127 = ORIENTED_EDGE('',*,*,#7105,.T.);
#7128 = PLANE('',#7129);
#7129 = AXIS2_PLACEMENT_3D('',#7130,#7131,#7132);
#7130 = CARTESIAN_POINT('',(1.1,-0.8,0.55));
#7131 = DIRECTION('',(0.,0.,1.));
#7132 = DIRECTION('',(1.,0.,-0.));
#7133 = ADVANCED_FACE('',(#7134),#7145,.T.);
#7134 = FACE_BOUND('',#7135,.T.);
#7135 = EDGE_LOOP('',(#7136,#7137,#7138,#7139));
#7136 = ORIENTED_EDGE('',*,*,#6838,.T.);
#7137 = ORIENTED_EDGE('',*,*,#7121,.T.);
#7138 = ORIENTED_EDGE('',*,*,#6962,.F.);
#7139 = ORIENTED_EDGE('',*,*,#7140,.F.);
#7140 = EDGE_CURVE('',#6673,#6756,#7141,.T.);
#7141 = LINE('',#7142,#7143);
#7142 = CARTESIAN_POINT('',(1.1,-0.8,0.495));
#7143 = VECTOR('',#7144,1.);
#7144 = DIRECTION('',(0.,1.,0.));
#7145 = CYLINDRICAL_SURFACE('',#7146,5.5E-02);
#7146 = AXIS2_PLACEMENT_3D('',#7147,#7148,#7149);
#7147 = CARTESIAN_POINT('',(1.155,-0.8,0.495));
#7148 = DIRECTION('',(0.,1.,0.));
#7149 = DIRECTION('',(-1.,0.,0.));
#7150 = ADVANCED_FACE('',(#7151),#7162,.T.);
#7151 = FACE_BOUND('',#7152,.T.);
#7152 = EDGE_LOOP('',(#7153,#7154,#7155,#7156));
#7153 = ORIENTED_EDGE('',*,*,#6904,.F.);
#7154 = ORIENTED_EDGE('',*,*,#7140,.T.);
#7155 = ORIENTED_EDGE('',*,*,#7021,.T.);
#7156 = ORIENTED_EDGE('',*,*,#7157,.F.);
#7157 = EDGE_CURVE('',#6897,#7014,#7158,.T.);
#7158 = LINE('',#7159,#7160);
#7159 = CARTESIAN_POINT('',(1.1,-0.8,0.55));
#7160 = VECTOR('',#7161,1.);
#7161 = DIRECTION('',(0.,1.,0.));
#7162 = PLANE('',#7163);
#7163 = AXIS2_PLACEMENT_3D('',#7164,#7165,#7166);
#7164 = CARTESIAN_POINT('',(1.1,-0.8,0.495));
#7165 = DIRECTION('',(1.,0.,0.));
#7166 = DIRECTION('',(0.,0.,1.));
#7167 = ADVANCED_FACE('',(#7168),#7174,.T.);
#7168 = FACE_BOUND('',#7169,.T.);
#7169 = EDGE_LOOP('',(#7170,#7171,#7172,#7173));
#7170 = ORIENTED_EDGE('',*,*,#6928,.F.);
#7171 = ORIENTED_EDGE('',*,*,#6896,.T.);
#7172 = ORIENTED_EDGE('',*,*,#7157,.T.);
#7173 = ORIENTED_EDGE('',*,*,#7013,.F.);
#7174 = PLANE('',#7175);
#7175 = AXIS2_PLACEMENT_3D('',#7176,#7177,#7178);
#7176 = CARTESIAN_POINT('',(-1.1,-0.8,0.55));
#7177 = DIRECTION('',(0.,0.,1.));
#7178 = DIRECTION('',(1.,0.,-0.));
#7179 = ( GEOMETRIC_REPRESENTATION_CONTEXT(3) 
GLOBAL_UNCERTAINTY_ASSIGNED_CONTEXT((#7183)) 
GLOBAL_UNIT_ASSIGNED_CONTEXT((#7180,#7181,#7182)) REPRESENTATION_CONTEXT
('Context #1','3D Context with UNIT and UNCERTAINTY') );
#7180 = ( LENGTH_UNIT() NAMED_UNIT(*) SI_UNIT(.MILLI.,.METRE.) );
#7181 = ( NAMED_UNIT(*) PLANE_ANGLE_UNIT() SI_UNIT($,.RADIAN.) );
#7182 = ( NAMED_UNIT(*) SI_UNIT($,.STERADIAN.) SOLID_ANGLE_UNIT() );
#7183 = UNCERTAINTY_MEASURE_WITH_UNIT(LENGTH_MEASURE(1.E-07),#7180,
  'distance_accuracy_value','confusion accuracy');
#7184 = CONTEXT_DEPENDENT_SHAPE_REPRESENTATION(#7185,#7187);
#7185 = ( REPRESENTATION_RELATIONSHIP('','',#6388,#6365) 
REPRESENTATION_RELATIONSHIP_WITH_TRANSFORMATION(#7186) 
SHAPE_REPRESENTATION_RELATIONSHIP() );
#7186 = ITEM_DEFINED_TRANSFORMATION('','',#11,#6366);
#7187 = PRODUCT_DEFINITION_SHAPE('Placement','Placement of an item',
  #7188);
#7188 = NEXT_ASSEMBLY_USAGE_OCCURRENCE('13','=>[0:1:1:15]','',#6360,
  #6383,$);
#7189 = PRODUCT_RELATED_PRODUCT_CATEGORY('part',$,(#6385));
#7190 = SHAPE_DEFINITION_REPRESENTATION(#7191,#7197);
#7191 = PRODUCT_DEFINITION_SHAPE('','',#7192);
#7192 = PRODUCT_DEFINITION('design','',#7193,#7196);
#7193 = PRODUCT_DEFINITION_FORMATION('','',#7194);
#7194 = PRODUCT('SOT-23','SOT-23','',(#7195));
#7195 = PRODUCT_CONTEXT('',#2,'mechanical');
#7196 = PRODUCT_DEFINITION_CONTEXT('part definition',#2,'design');
#7197 = SHAPE_REPRESENTATION('',(#11,#7198),#7202);
#7198 = AXIS2_PLACEMENT_3D('',#7199,#7200,#7201);
#7199 = CARTESIAN_POINT('',(0.,0.,0.));
#7200 = DIRECTION('',(0.,0.,1.));
#7201 = DIRECTION('',(1.,0.,-0.));
#7202 = ( GEOMETRIC_REPRESENTATION_CONTEXT(3) 
GLOBAL_UNCERTAINTY_ASSIGNED_CONTEXT((#7206)) 
GLOBAL_UNIT_ASSIGNED_CONTEXT((#7203,#7204,#7205)) REPRESENTATION_CONTEXT
('Context #1','3D Context with UNIT and UNCERTAINTY') );
#7203 = ( LENGTH_UNIT() NAMED_UNIT(*) SI_UNIT(.MILLI.,.METRE.) );
#7204 = ( NAMED_UNIT(*) PLANE_ANGLE_UNIT() SI_UNIT($,.RADIAN.) );
#7205 = ( NAMED_UNIT(*) SI_UNIT($,.STERADIAN.) SOLID_ANGLE_UNIT() );
#7206 = UNCERTAINTY_MEASURE_WITH_UNIT(LENGTH_MEASURE(1.E-07),#7203,
  'distance_accuracy_value','confusion accuracy');
#7207 = CONTEXT_DEPENDENT_SHAPE_REPRESENTATION(#7208,#7210);
#7208 = ( REPRESENTATION_RELATIONSHIP('','',#7197,#10) 
REPRESENTATION_RELATIONSHIP_WITH_TRANSFORMATION(#7209) 
SHAPE_REPRESENTATION_RELATIONSHIP() );
#7209 = ITEM_DEFINED_TRANSFORMATION('','',#11,#43);
#7210 = PRODUCT_DEFINITION_SHAPE('Placement','Placement of an item',
  #7211);
#7211 = NEXT_ASSEMBLY_USAGE_OCCURRENCE('16','Q1','',#5,#7192,$);
#7212 = PRODUCT_RELATED_PRODUCT_CATEGORY('part',$,(#7194));
#7213 = SHAPE_DEFINITION_REPRESENTATION(#7214,#7220);
#7214 = PRODUCT_DEFINITION_SHAPE('','',#7215);
#7215 = PRODUCT_DEFINITION('design','',#7216,#7219);
#7216 = PRODUCT_DEFINITION_FORMATION('','',#7217);
#7217 = PRODUCT('SOT-23','SOT-23','',(#7218));
#7218 = PRODUCT_CONTEXT('',#2,'mechanical');
#7219 = PRODUCT_DEFINITION_CONTEXT('part definition',#2,'design');
#7220 = ADVANCED_BREP_SHAPE_REPRESENTATION('',(#11,#7221),#9203);
#7221 = MANIFOLD_SOLID_BREP('',#7222);
#7222 = CLOSED_SHELL('',(#7223,#7261,#7324,#7347,#7376,#7399,#7454,#7493
    ,#7516,#7539,#7556,#7579,#7667,#7683,#7713,#7746,#7777,#7810,#7827,
    #7844,#7877,#7907,#7930,#7953,#7970,#7999,#8053,#8076,#8099,#8122,
    #8161,#8183,#8227,#8302,#8326,#8394,#8411,#8486,#8510,#8578,#8653,
    #8677,#8745,#8762,#8779,#8825,#8841,#8857,#8874,#8886,#8903,#8920,
    #8937,#8954,#8971,#8988,#9000,#9017,#9034,#9051,#9068,#9085,#9097,
    #9114,#9131,#9148,#9165,#9182,#9194));
#7223 = ADVANCED_FACE('',(#7224),#7256,.F.);
#7224 = FACE_BOUND('',#7225,.F.);
#7225 = EDGE_LOOP('',(#7226,#7236,#7243,#7251));
#7226 = ORIENTED_EDGE('',*,*,#7227,.T.);
#7227 = EDGE_CURVE('',#7228,#7230,#7232,.T.);
#7228 = VERTEX_POINT('',#7229);
#7229 = CARTESIAN_POINT('',(-0.571621551758,1.433243103516,0.1));
#7230 = VERTEX_POINT('',#7231);
#7231 = CARTESIAN_POINT('',(0.571621551758,1.433243103516,0.1));
#7232 = LINE('',#7233,#7234);
#7233 = CARTESIAN_POINT('',(-0.571621551758,1.433243103516,0.1));
#7234 = VECTOR('',#7235,1.);
#7235 = DIRECTION('',(1.,1.110223024625E-16,0.));
#7236 = ORIENTED_EDGE('',*,*,#7237,.T.);
#7237 = EDGE_CURVE('',#7230,#7238,#7240,.T.);
#7238 = VERTEX_POINT('',#7239);
#7239 = CARTESIAN_POINT('',(0.605,1.5,0.575));
#7240 = B_SPLINE_CURVE_WITH_KNOTS('',1,(#7241,#7242),.UNSPECIFIED.,.F.,
  .F.,(2,2),(0.,1.),.PIECEWISE_BEZIER_KNOTS.);
#7241 = CARTESIAN_POINT('',(0.571621551758,1.433243103516,0.1));
#7242 = CARTESIAN_POINT('',(0.605,1.5,0.575));
#7243 = ORIENTED_EDGE('',*,*,#7244,.F.);
#7244 = EDGE_CURVE('',#7245,#7238,#7247,.T.);
#7245 = VERTEX_POINT('',#7246);
#7246 = CARTESIAN_POINT('',(-0.605,1.5,0.575));
#7247 = LINE('',#7248,#7249);
#7248 = CARTESIAN_POINT('',(-0.605,1.5,0.575));
#7249 = VECTOR('',#7250,1.);
#7250 = DIRECTION('',(1.,1.110223024625E-16,0.));
#7251 = ORIENTED_EDGE('',*,*,#7252,.F.);
#7252 = EDGE_CURVE('',#7228,#7245,#7253,.T.);
#7253 = B_SPLINE_CURVE_WITH_KNOTS('',1,(#7254,#7255),.UNSPECIFIED.,.F.,
  .F.,(2,2),(0.,1.),.PIECEWISE_BEZIER_KNOTS.);
#7254 = CARTESIAN_POINT('',(-0.571621551758,1.433243103516,0.1));
#7255 = CARTESIAN_POINT('',(-0.605,1.5,0.575));
#7256 = B_SPLINE_SURFACE_WITH_KNOTS('',1,1,(
    (#7257,#7258)
    ,(#7259,#7260
    )),.UNSPECIFIED.,.F.,.F.,.F.,(2,2),(2,2),(0.,1.21),(0.,1.),
  .PIECEWISE_BEZIER_KNOTS.);
#7257 = CARTESIAN_POINT('',(-0.571621551758,1.433243103516,0.1));
#7258 = CARTESIAN_POINT('',(-0.605,1.5,0.575));
#7259 = CARTESIAN_POINT('',(0.571621551758,1.433243103516,0.1));
#7260 = CARTESIAN_POINT('',(0.605,1.5,0.575));
#7261 = ADVANCED_FACE('',(#7262),#7319,.T.);
#7262 = FACE_BOUND('',#7263,.T.);
#7263 = EDGE_LOOP('',(#7264,#7265,#7273,#7281,#7289,#7297,#7305,#7313));
#7264 = ORIENTED_EDGE('',*,*,#7227,.T.);
#7265 = ORIENTED_EDGE('',*,*,#7266,.T.);
#7266 = EDGE_CURVE('',#7230,#7267,#7269,.T.);
#7267 = VERTEX_POINT('',#7268);
#7268 = CARTESIAN_POINT('',(0.633243103516,1.371621551758,0.1));
#7269 = LINE('',#7270,#7271);
#7270 = CARTESIAN_POINT('',(0.571621551758,1.433243103516,0.1));
#7271 = VECTOR('',#7272,1.);
#7272 = DIRECTION('',(0.707106781187,-0.707106781187,0.));
#7273 = ORIENTED_EDGE('',*,*,#7274,.T.);
#7274 = EDGE_CURVE('',#7267,#7275,#7277,.T.);
#7275 = VERTEX_POINT('',#7276);
#7276 = CARTESIAN_POINT('',(0.633243103516,-1.371621551758,0.1));
#7277 = LINE('',#7278,#7279);
#7278 = CARTESIAN_POINT('',(0.633243103516,1.371621551758,0.1));
#7279 = VECTOR('',#7280,1.);
#7280 = DIRECTION('',(1.110223024625E-16,-1.,0.));
#7281 = ORIENTED_EDGE('',*,*,#7282,.T.);
#7282 = EDGE_CURVE('',#7275,#7283,#7285,.T.);
#7283 = VERTEX_POINT('',#7284);
#7284 = CARTESIAN_POINT('',(0.571621551758,-1.433243103516,0.1));
#7285 = LINE('',#7286,#7287);
#7286 = CARTESIAN_POINT('',(0.633243103516,-1.371621551758,0.1));
#7287 = VECTOR('',#7288,1.);
#7288 = DIRECTION('',(-0.707106781187,-0.707106781187,0.));
#7289 = ORIENTED_EDGE('',*,*,#7290,.T.);
#7290 = EDGE_CURVE('',#7283,#7291,#7293,.T.);
#7291 = VERTEX_POINT('',#7292);
#7292 = CARTESIAN_POINT('',(-0.571621551758,-1.433243103516,0.1));
#7293 = LINE('',#7294,#7295);
#7294 = CARTESIAN_POINT('',(0.571621551758,-1.433243103516,0.1));
#7295 = VECTOR('',#7296,1.);
#7296 = DIRECTION('',(-1.,-1.110223024625E-16,0.));
#7297 = ORIENTED_EDGE('',*,*,#7298,.T.);
#7298 = EDGE_CURVE('',#7291,#7299,#7301,.T.);
#7299 = VERTEX_POINT('',#7300);
#7300 = CARTESIAN_POINT('',(-0.633243103516,-1.371621551758,0.1));
#7301 = LINE('',#7302,#7303);
#7302 = CARTESIAN_POINT('',(-0.571621551758,-1.433243103516,0.1));
#7303 = VECTOR('',#7304,1.);
#7304 = DIRECTION('',(-0.707106781187,0.707106781187,0.));
#7305 = ORIENTED_EDGE('',*,*,#7306,.T.);
#7306 = EDGE_CURVE('',#7299,#7307,#7309,.T.);
#7307 = VERTEX_POINT('',#7308);
#7308 = CARTESIAN_POINT('',(-0.633243103516,1.371621551758,0.1));
#7309 = LINE('',#7310,#7311);
#7310 = CARTESIAN_POINT('',(-0.633243103516,-1.371621551758,0.1));
#7311 = VECTOR('',#7312,1.);
#7312 = DIRECTION('',(-1.110223024625E-16,1.,0.));
#7313 = ORIENTED_EDGE('',*,*,#7314,.T.);
#7314 = EDGE_CURVE('',#7307,#7228,#7315,.T.);
#7315 = LINE('',#7316,#7317);
#7316 = CARTESIAN_POINT('',(-0.633243103516,1.371621551758,0.1));
#7317 = VECTOR('',#7318,1.);
#7318 = DIRECTION('',(0.707106781187,0.707106781187,0.));
#7319 = PLANE('',#7320);
#7320 = AXIS2_PLACEMENT_3D('',#7321,#7322,#7323);
#7321 = CARTESIAN_POINT('',(-0.571621551758,1.433243103516,0.1));
#7322 = DIRECTION('',(0.,0.,-1.));
#7323 = DIRECTION('',(0.370454302632,-0.928850692879,0.));
#7324 = ADVANCED_FACE('',(#7325),#7342,.F.);
#7325 = FACE_BOUND('',#7326,.F.);
#7326 = EDGE_LOOP('',(#7327,#7328,#7335,#7341));
#7327 = ORIENTED_EDGE('',*,*,#7266,.T.);
#7328 = ORIENTED_EDGE('',*,*,#7329,.T.);
#7329 = EDGE_CURVE('',#7267,#7330,#7332,.T.);
#7330 = VERTEX_POINT('',#7331);
#7331 = CARTESIAN_POINT('',(0.7,1.405,0.575));
#7332 = B_SPLINE_CURVE_WITH_KNOTS('',1,(#7333,#7334),.UNSPECIFIED.,.F.,
  .F.,(2,2),(0.,1.),.PIECEWISE_BEZIER_KNOTS.);
#7333 = CARTESIAN_POINT('',(0.633243103516,1.371621551758,0.1));
#7334 = CARTESIAN_POINT('',(0.7,1.405,0.575));
#7335 = ORIENTED_EDGE('',*,*,#7336,.F.);
#7336 = EDGE_CURVE('',#7238,#7330,#7337,.T.);
#7337 = LINE('',#7338,#7339);
#7338 = CARTESIAN_POINT('',(0.605,1.5,0.575));
#7339 = VECTOR('',#7340,1.);
#7340 = DIRECTION('',(0.707106781187,-0.707106781187,0.));
#7341 = ORIENTED_EDGE('',*,*,#7237,.F.);
#7342 = B_SPLINE_SURFACE_WITH_KNOTS('',1,1,(
    (#7343,#7344)
    ,(#7345,#7346
    )),.UNSPECIFIED.,.F.,.F.,.F.,(2,2),(2,2),(0.,0.134350288425),(0.,1.)
  ,.PIECEWISE_BEZIER_KNOTS.);
#7343 = CARTESIAN_POINT('',(0.571621551758,1.433243103516,0.1));
#7344 = CARTESIAN_POINT('',(0.605,1.5,0.575));
#7345 = CARTESIAN_POINT('',(0.633243103516,1.371621551758,0.1));
#7346 = CARTESIAN_POINT('',(0.7,1.405,0.575));
#7347 = ADVANCED_FACE('',(#7348),#7371,.F.);
#7348 = FACE_BOUND('',#7349,.F.);
#7349 = EDGE_LOOP('',(#7350,#7351,#7358,#7366));
#7350 = ORIENTED_EDGE('',*,*,#7244,.T.);
#7351 = ORIENTED_EDGE('',*,*,#7352,.T.);
#7352 = EDGE_CURVE('',#7238,#7353,#7355,.T.);
#7353 = VERTEX_POINT('',#7354);
#7354 = CARTESIAN_POINT('',(0.605,1.5,0.725));
#7355 = B_SPLINE_CURVE_WITH_KNOTS('',1,(#7356,#7357),.UNSPECIFIED.,.F.,
  .F.,(2,2),(0.,1.),.PIECEWISE_BEZIER_KNOTS.);
#7356 = CARTESIAN_POINT('',(0.605,1.5,0.575));
#7357 = CARTESIAN_POINT('',(0.605,1.5,0.725));
#7358 = ORIENTED_EDGE('',*,*,#7359,.F.);
#7359 = EDGE_CURVE('',#7360,#7353,#7362,.T.);
#7360 = VERTEX_POINT('',#7361);
#7361 = CARTESIAN_POINT('',(-0.605,1.5,0.725));
#7362 = LINE('',#7363,#7364);
#7363 = CARTESIAN_POINT('',(-0.605,1.5,0.725));
#7364 = VECTOR('',#7365,1.);
#7365 = DIRECTION('',(1.,1.110223024625E-16,0.));
#7366 = ORIENTED_EDGE('',*,*,#7367,.F.);
#7367 = EDGE_CURVE('',#7245,#7360,#7368,.T.);
#7368 = B_SPLINE_CURVE_WITH_KNOTS('',1,(#7369,#7370),.UNSPECIFIED.,.F.,
  .F.,(2,2),(0.,1.),.PIECEWISE_BEZIER_KNOTS.);
#7369 = CARTESIAN_POINT('',(-0.605,1.5,0.575));
#7370 = CARTESIAN_POINT('',(-0.605,1.5,0.725));
#7371 = PLANE('',#7372);
#7372 = AXIS2_PLACEMENT_3D('',#7373,#7374,#7375);
#7373 = CARTESIAN_POINT('',(-0.605,1.5,0.725));
#7374 = DIRECTION('',(1.110223024625E-16,-1.,0.));
#7375 = DIRECTION('',(1.,1.110223024625E-16,0.));
#7376 = ADVANCED_FACE('',(#7377),#7394,.F.);
#7377 = FACE_BOUND('',#7378,.F.);
#7378 = EDGE_LOOP('',(#7379,#7380,#7381,#7389));
#7379 = ORIENTED_EDGE('',*,*,#7314,.T.);
#7380 = ORIENTED_EDGE('',*,*,#7252,.T.);
#7381 = ORIENTED_EDGE('',*,*,#7382,.F.);
#7382 = EDGE_CURVE('',#7383,#7245,#7385,.T.);
#7383 = VERTEX_POINT('',#7384);
#7384 = CARTESIAN_POINT('',(-0.7,1.405,0.575));
#7385 = LINE('',#7386,#7387);
#7386 = CARTESIAN_POINT('',(-0.7,1.405,0.575));
#7387 = VECTOR('',#7388,1.);
#7388 = DIRECTION('',(0.707106781187,0.707106781187,0.));
#7389 = ORIENTED_EDGE('',*,*,#7390,.F.);
#7390 = EDGE_CURVE('',#7307,#7383,#7391,.T.);
#7391 = B_SPLINE_CURVE_WITH_KNOTS('',1,(#7392,#7393),.UNSPECIFIED.,.F.,
  .F.,(2,2),(0.,1.),.PIECEWISE_BEZIER_KNOTS.);
#7392 = CARTESIAN_POINT('',(-0.633243103516,1.371621551758,0.1));
#7393 = CARTESIAN_POINT('',(-0.7,1.405,0.575));
#7394 = B_SPLINE_SURFACE_WITH_KNOTS('',1,1,(
    (#7395,#7396)
    ,(#7397,#7398
    )),.UNSPECIFIED.,.F.,.F.,.F.,(2,2),(2,2),(0.,0.134350288425),(0.,1.)
  ,.PIECEWISE_BEZIER_KNOTS.);
#7395 = CARTESIAN_POINT('',(-0.633243103516,1.371621551758,0.1));
#7396 = CARTESIAN_POINT('',(-0.7,1.405,0.575));
#7397 = CARTESIAN_POINT('',(-0.571621551758,1.433243103516,0.1));
#7398 = CARTESIAN_POINT('',(-0.605,1.5,0.575));
#7399 = ADVANCED_FACE('',(#7400),#7449,.F.);
#7400 = FACE_BOUND('',#7401,.F.);
#7401 = EDGE_LOOP('',(#7402,#7403,#7404,#7412,#7420,#7428,#7436,#7444));
#7402 = ORIENTED_EDGE('',*,*,#7306,.T.);
#7403 = ORIENTED_EDGE('',*,*,#7390,.T.);
#7404 = ORIENTED_EDGE('',*,*,#7405,.F.);
#7405 = EDGE_CURVE('',#7406,#7383,#7408,.T.);
#7406 = VERTEX_POINT('',#7407);
#7407 = CARTESIAN_POINT('',(-0.7,1.15,0.575));
#7408 = LINE('',#7409,#7410);
#7409 = CARTESIAN_POINT('',(-0.7,-1.405,0.575));
#7410 = VECTOR('',#7411,1.);
#7411 = DIRECTION('',(-1.110223024625E-16,1.,0.));
#7412 = ORIENTED_EDGE('',*,*,#7413,.F.);
#7413 = EDGE_CURVE('',#7414,#7406,#7416,.T.);
#7414 = VERTEX_POINT('',#7415);
#7415 = CARTESIAN_POINT('',(-0.7,0.75,0.575));
#7416 = LINE('',#7417,#7418);
#7417 = CARTESIAN_POINT('',(-0.7,0.75,0.575));
#7418 = VECTOR('',#7419,1.);
#7419 = DIRECTION('',(1.144237745222E-17,1.,0.));
#7420 = ORIENTED_EDGE('',*,*,#7421,.F.);
#7421 = EDGE_CURVE('',#7422,#7414,#7424,.T.);
#7422 = VERTEX_POINT('',#7423);
#7423 = CARTESIAN_POINT('',(-0.7,-0.75,0.575));
#7424 = LINE('',#7425,#7426);
#7425 = CARTESIAN_POINT('',(-0.7,-1.405,0.575));
#7426 = VECTOR('',#7427,1.);
#7427 = DIRECTION('',(-1.110223024625E-16,1.,0.));
#7428 = ORIENTED_EDGE('',*,*,#7429,.F.);
#7429 = EDGE_CURVE('',#7430,#7422,#7432,.T.);
#7430 = VERTEX_POINT('',#7431);
#7431 = CARTESIAN_POINT('',(-0.7,-1.15,0.575));
#7432 = LINE('',#7433,#7434);
#7433 = CARTESIAN_POINT('',(-0.7,-1.15,0.575));
#7434 = VECTOR('',#7435,1.);
#7435 = DIRECTION('',(1.144237745222E-17,1.,0.));
#7436 = ORIENTED_EDGE('',*,*,#7437,.F.);
#7437 = EDGE_CURVE('',#7438,#7430,#7440,.T.);
#7438 = VERTEX_POINT('',#7439);
#7439 = CARTESIAN_POINT('',(-0.7,-1.405,0.575));
#7440 = LINE('',#7441,#7442);
#7441 = CARTESIAN_POINT('',(-0.7,-1.405,0.575));
#7442 = VECTOR('',#7443,1.);
#7443 = DIRECTION('',(-1.110223024625E-16,1.,0.));
#7444 = ORIENTED_EDGE('',*,*,#7445,.F.);
#7445 = EDGE_CURVE('',#7299,#7438,#7446,.T.);
#7446 = B_SPLINE_CURVE_WITH_KNOTS('',1,(#7447,#7448),.UNSPECIFIED.,.F.,
  .F.,(2,2),(0.,1.),.PIECEWISE_BEZIER_KNOTS.);
#7447 = CARTESIAN_POINT('',(-0.633243103516,-1.371621551758,0.1));
#7448 = CARTESIAN_POINT('',(-0.7,-1.405,0.575));
#7449 = B_SPLINE_SURFACE_WITH_KNOTS('',1,1,(
    (#7450,#7451)
    ,(#7452,#7453
    )),.UNSPECIFIED.,.F.,.F.,.F.,(2,2),(2,2),(0.,2.81),(0.,1.),
  .PIECEWISE_BEZIER_KNOTS.);
#7450 = CARTESIAN_POINT('',(-0.633243103516,-1.371621551758,0.1));
#7451 = CARTESIAN_POINT('',(-0.7,-1.405,0.575));
#7452 = CARTESIAN_POINT('',(-0.633243103516,1.371621551758,0.1));
#7453 = CARTESIAN_POINT('',(-0.7,1.405,0.575));
#7454 = ADVANCED_FACE('',(#7455),#7488,.F.);
#7455 = FACE_BOUND('',#7456,.F.);
#7456 = EDGE_LOOP('',(#7457,#7458,#7465,#7473,#7481,#7487));
#7457 = ORIENTED_EDGE('',*,*,#7274,.T.);
#7458 = ORIENTED_EDGE('',*,*,#7459,.T.);
#7459 = EDGE_CURVE('',#7275,#7460,#7462,.T.);
#7460 = VERTEX_POINT('',#7461);
#7461 = CARTESIAN_POINT('',(0.7,-1.405,0.575));
#7462 = B_SPLINE_CURVE_WITH_KNOTS('',1,(#7463,#7464),.UNSPECIFIED.,.F.,
  .F.,(2,2),(0.,1.),.PIECEWISE_BEZIER_KNOTS.);
#7463 = CARTESIAN_POINT('',(0.633243103516,-1.371621551758,0.1));
#7464 = CARTESIAN_POINT('',(0.7,-1.405,0.575));
#7465 = ORIENTED_EDGE('',*,*,#7466,.F.);
#7466 = EDGE_CURVE('',#7467,#7460,#7469,.T.);
#7467 = VERTEX_POINT('',#7468);
#7468 = CARTESIAN_POINT('',(0.7,-0.2,0.575));
#7469 = LINE('',#7470,#7471);
#7470 = CARTESIAN_POINT('',(0.7,1.405,0.575));
#7471 = VECTOR('',#7472,1.);
#7472 = DIRECTION('',(1.110223024625E-16,-1.,0.));
#7473 = ORIENTED_EDGE('',*,*,#7474,.F.);
#7474 = EDGE_CURVE('',#7475,#7467,#7477,.T.);
#7475 = VERTEX_POINT('',#7476);
#7476 = CARTESIAN_POINT('',(0.7,0.2,0.575));
#7477 = LINE('',#7478,#7479);
#7478 = CARTESIAN_POINT('',(0.7,0.2,0.575));
#7479 = VECTOR('',#7480,1.);
#7480 = DIRECTION('',(1.110223024625E-16,-1.,0.));
#7481 = ORIENTED_EDGE('',*,*,#7482,.F.);
#7482 = EDGE_CURVE('',#7330,#7475,#7483,.T.);
#7483 = LINE('',#7484,#7485);
#7484 = CARTESIAN_POINT('',(0.7,1.405,0.575));
#7485 = VECTOR('',#7486,1.);
#7486 = DIRECTION('',(1.110223024625E-16,-1.,0.));
#7487 = ORIENTED_EDGE('',*,*,#7329,.F.);
#7488 = B_SPLINE_SURFACE_WITH_KNOTS('',1,1,(
    (#7489,#7490)
    ,(#7491,#7492
    )),.UNSPECIFIED.,.F.,.F.,.F.,(2,2),(2,2),(0.,2.81),(0.,1.),
  .PIECEWISE_BEZIER_KNOTS.);
#7489 = CARTESIAN_POINT('',(0.633243103516,1.371621551758,0.1));
#7490 = CARTESIAN_POINT('',(0.7,1.405,0.575));
#7491 = CARTESIAN_POINT('',(0.633243103516,-1.371621551758,0.1));
#7492 = CARTESIAN_POINT('',(0.7,-1.405,0.575));
#7493 = ADVANCED_FACE('',(#7494),#7511,.F.);
#7494 = FACE_BOUND('',#7495,.F.);
#7495 = EDGE_LOOP('',(#7496,#7497,#7498,#7506));
#7496 = ORIENTED_EDGE('',*,*,#7298,.T.);
#7497 = ORIENTED_EDGE('',*,*,#7445,.T.);
#7498 = ORIENTED_EDGE('',*,*,#7499,.F.);
#7499 = EDGE_CURVE('',#7500,#7438,#7502,.T.);
#7500 = VERTEX_POINT('',#7501);
#7501 = CARTESIAN_POINT('',(-0.605,-1.5,0.575));
#7502 = LINE('',#7503,#7504);
#7503 = CARTESIAN_POINT('',(-0.605,-1.5,0.575));
#7504 = VECTOR('',#7505,1.);
#7505 = DIRECTION('',(-0.707106781187,0.707106781187,0.));
#7506 = ORIENTED_EDGE('',*,*,#7507,.F.);
#7507 = EDGE_CURVE('',#7291,#7500,#7508,.T.);
#7508 = B_SPLINE_CURVE_WITH_KNOTS('',1,(#7509,#7510),.UNSPECIFIED.,.F.,
  .F.,(2,2),(0.,1.),.PIECEWISE_BEZIER_KNOTS.);
#7509 = CARTESIAN_POINT('',(-0.571621551758,-1.433243103516,0.1));
#7510 = CARTESIAN_POINT('',(-0.605,-1.5,0.575));
#7511 = B_SPLINE_SURFACE_WITH_KNOTS('',1,1,(
    (#7512,#7513)
    ,(#7514,#7515
    )),.UNSPECIFIED.,.F.,.F.,.F.,(2,2),(2,2),(0.,0.134350288425),(0.,1.)
  ,.PIECEWISE_BEZIER_KNOTS.);
#7512 = CARTESIAN_POINT('',(-0.571621551758,-1.433243103516,0.1));
#7513 = CARTESIAN_POINT('',(-0.605,-1.5,0.575));
#7514 = CARTESIAN_POINT('',(-0.633243103516,-1.371621551758,0.1));
#7515 = CARTESIAN_POINT('',(-0.7,-1.405,0.575));
#7516 = ADVANCED_FACE('',(#7517),#7534,.F.);
#7517 = FACE_BOUND('',#7518,.F.);
#7518 = EDGE_LOOP('',(#7519,#7520,#7527,#7533));
#7519 = ORIENTED_EDGE('',*,*,#7282,.T.);
#7520 = ORIENTED_EDGE('',*,*,#7521,.T.);
#7521 = EDGE_CURVE('',#7283,#7522,#7524,.T.);
#7522 = VERTEX_POINT('',#7523);
#7523 = CARTESIAN_POINT('',(0.605,-1.5,0.575));
#7524 = B_SPLINE_CURVE_WITH_KNOTS('',1,(#7525,#7526),.UNSPECIFIED.,.F.,
  .F.,(2,2),(0.,1.),.PIECEWISE_BEZIER_KNOTS.);
#7525 = CARTESIAN_POINT('',(0.571621551758,-1.433243103516,0.1));
#7526 = CARTESIAN_POINT('',(0.605,-1.5,0.575));
#7527 = ORIENTED_EDGE('',*,*,#7528,.F.);
#7528 = EDGE_CURVE('',#7460,#7522,#7529,.T.);
#7529 = LINE('',#7530,#7531);
#7530 = CARTESIAN_POINT('',(0.7,-1.405,0.575));
#7531 = VECTOR('',#7532,1.);
#7532 = DIRECTION('',(-0.707106781187,-0.707106781187,0.));
#7533 = ORIENTED_EDGE('',*,*,#7459,.F.);
#7534 = B_SPLINE_SURFACE_WITH_KNOTS('',1,1,(
    (#7535,#7536)
    ,(#7537,#7538
    )),.UNSPECIFIED.,.F.,.F.,.F.,(2,2),(2,2),(0.,0.134350288425),(0.,1.)
  ,.PIECEWISE_BEZIER_KNOTS.);
#7535 = CARTESIAN_POINT('',(0.633243103516,-1.371621551758,0.1));
#7536 = CARTESIAN_POINT('',(0.7,-1.405,0.575));
#7537 = CARTESIAN_POINT('',(0.571621551758,-1.433243103516,0.1));
#7538 = CARTESIAN_POINT('',(0.605,-1.5,0.575));
#7539 = ADVANCED_FACE('',(#7540),#7551,.F.);
#7540 = FACE_BOUND('',#7541,.F.);
#7541 = EDGE_LOOP('',(#7542,#7543,#7544,#7550));
#7542 = ORIENTED_EDGE('',*,*,#7290,.T.);
#7543 = ORIENTED_EDGE('',*,*,#7507,.T.);
#7544 = ORIENTED_EDGE('',*,*,#7545,.F.);
#7545 = EDGE_CURVE('',#7522,#7500,#7546,.T.);
#7546 = LINE('',#7547,#7548);
#7547 = CARTESIAN_POINT('',(0.605,-1.5,0.575));
#7548 = VECTOR('',#7549,1.);
#7549 = DIRECTION('',(-1.,-1.110223024625E-16,0.));
#7550 = ORIENTED_EDGE('',*,*,#7521,.F.);
#7551 = B_SPLINE_SURFACE_WITH_KNOTS('',1,1,(
    (#7552,#7553)
    ,(#7554,#7555
    )),.UNSPECIFIED.,.F.,.F.,.F.,(2,2),(2,2),(0.,1.21),(0.,1.),
  .PIECEWISE_BEZIER_KNOTS.);
#7552 = CARTESIAN_POINT('',(0.571621551758,-1.433243103516,0.1));
#7553 = CARTESIAN_POINT('',(0.605,-1.5,0.575));
#7554 = CARTESIAN_POINT('',(-0.571621551758,-1.433243103516,0.1));
#7555 = CARTESIAN_POINT('',(-0.605,-1.5,0.575));
#7556 = ADVANCED_FACE('',(#7557),#7574,.F.);
#7557 = FACE_BOUND('',#7558,.F.);
#7558 = EDGE_LOOP('',(#7559,#7560,#7567,#7573));
#7559 = ORIENTED_EDGE('',*,*,#7336,.T.);
#7560 = ORIENTED_EDGE('',*,*,#7561,.T.);
#7561 = EDGE_CURVE('',#7330,#7562,#7564,.T.);
#7562 = VERTEX_POINT('',#7563);
#7563 = CARTESIAN_POINT('',(0.7,1.405,0.725));
#7564 = B_SPLINE_CURVE_WITH_KNOTS('',1,(#7565,#7566),.UNSPECIFIED.,.F.,
  .F.,(2,2),(0.,1.),.PIECEWISE_BEZIER_KNOTS.);
#7565 = CARTESIAN_POINT('',(0.7,1.405,0.575));
#7566 = CARTESIAN_POINT('',(0.7,1.405,0.725));
#7567 = ORIENTED_EDGE('',*,*,#7568,.F.);
#7568 = EDGE_CURVE('',#7353,#7562,#7569,.T.);
#7569 = LINE('',#7570,#7571);
#7570 = CARTESIAN_POINT('',(0.605,1.5,0.725));
#7571 = VECTOR('',#7572,1.);
#7572 = DIRECTION('',(0.707106781187,-0.707106781187,0.));
#7573 = ORIENTED_EDGE('',*,*,#7352,.F.);
#7574 = PLANE('',#7575);
#7575 = AXIS2_PLACEMENT_3D('',#7576,#7577,#7578);
#7576 = CARTESIAN_POINT('',(0.605,1.5,0.725));
#7577 = DIRECTION('',(-0.707106781187,-0.707106781187,0.));
#7578 = DIRECTION('',(0.707106781187,-0.707106781187,0.));
#7579 = ADVANCED_FACE('',(#7580),#7662,.F.);
#7580 = FACE_BOUND('',#7581,.F.);
#7581 = EDGE_LOOP('',(#7582,#7590,#7591,#7592,#7600,#7608,#7616,#7624,
    #7632,#7640,#7648,#7656));
#7582 = ORIENTED_EDGE('',*,*,#7583,.T.);
#7583 = EDGE_CURVE('',#7584,#7360,#7586,.T.);
#7584 = VERTEX_POINT('',#7585);
#7585 = CARTESIAN_POINT('',(-0.7,1.405,0.725));
#7586 = LINE('',#7587,#7588);
#7587 = CARTESIAN_POINT('',(-0.7,1.405,0.725));
#7588 = VECTOR('',#7589,1.);
#7589 = DIRECTION('',(0.707106781187,0.707106781187,0.));
#7590 = ORIENTED_EDGE('',*,*,#7359,.T.);
#7591 = ORIENTED_EDGE('',*,*,#7568,.T.);
#7592 = ORIENTED_EDGE('',*,*,#7593,.T.);
#7593 = EDGE_CURVE('',#7562,#7594,#7596,.T.);
#7594 = VERTEX_POINT('',#7595);
#7595 = CARTESIAN_POINT('',(0.7,0.2,0.725));
#7596 = LINE('',#7597,#7598);
#7597 = CARTESIAN_POINT('',(0.7,1.405,0.725));
#7598 = VECTOR('',#7599,1.);
#7599 = DIRECTION('',(1.110223024625E-16,-1.,0.));
#7600 = ORIENTED_EDGE('',*,*,#7601,.T.);
#7601 = EDGE_CURVE('',#7594,#7602,#7604,.T.);
#7602 = VERTEX_POINT('',#7603);
#7603 = CARTESIAN_POINT('',(0.675,0.2,0.725));
#7604 = LINE('',#7605,#7606);
#7605 = CARTESIAN_POINT('',(0.7,0.2,0.725));
#7606 = VECTOR('',#7607,1.);
#7607 = DIRECTION('',(-1.,-1.110223024625E-16,0.));
#7608 = ORIENTED_EDGE('',*,*,#7609,.F.);
#7609 = EDGE_CURVE('',#7610,#7602,#7612,.T.);
#7610 = VERTEX_POINT('',#7611);
#7611 = CARTESIAN_POINT('',(0.675,1.3925,0.725));
#7612 = LINE('',#7613,#7614);
#7613 = CARTESIAN_POINT('',(0.675,1.3925,0.725));
#7614 = VECTOR('',#7615,1.);
#7615 = DIRECTION('',(1.110223024625E-16,-1.,0.));
#7616 = ORIENTED_EDGE('',*,*,#7617,.F.);
#7617 = EDGE_CURVE('',#7618,#7610,#7620,.T.);
#7618 = VERTEX_POINT('',#7619);
#7619 = CARTESIAN_POINT('',(0.5925,1.475,0.725));
#7620 = LINE('',#7621,#7622);
#7621 = CARTESIAN_POINT('',(0.5925,1.475,0.725));
#7622 = VECTOR('',#7623,1.);
#7623 = DIRECTION('',(0.707106781187,-0.707106781187,0.));
#7624 = ORIENTED_EDGE('',*,*,#7625,.F.);
#7625 = EDGE_CURVE('',#7626,#7618,#7628,.T.);
#7626 = VERTEX_POINT('',#7627);
#7627 = CARTESIAN_POINT('',(-0.5925,1.475,0.725));
#7628 = LINE('',#7629,#7630);
#7629 = CARTESIAN_POINT('',(-0.5925,1.475,0.725));
#7630 = VECTOR('',#7631,1.);
#7631 = DIRECTION('',(1.,1.110223024625E-16,0.));
#7632 = ORIENTED_EDGE('',*,*,#7633,.F.);
#7633 = EDGE_CURVE('',#7634,#7626,#7636,.T.);
#7634 = VERTEX_POINT('',#7635);
#7635 = CARTESIAN_POINT('',(-0.675,1.3925,0.725));
#7636 = LINE('',#7637,#7638);
#7637 = CARTESIAN_POINT('',(-0.675,1.3925,0.725));
#7638 = VECTOR('',#7639,1.);
#7639 = DIRECTION('',(0.707106781187,0.707106781187,0.));
#7640 = ORIENTED_EDGE('',*,*,#7641,.F.);
#7641 = EDGE_CURVE('',#7642,#7634,#7644,.T.);
#7642 = VERTEX_POINT('',#7643);
#7643 = CARTESIAN_POINT('',(-0.675,1.15,0.725));
#7644 = LINE('',#7645,#7646);
#7645 = CARTESIAN_POINT('',(-0.675,-1.3925,0.725));
#7646 = VECTOR('',#7647,1.);
#7647 = DIRECTION('',(-1.110223024625E-16,1.,0.));
#7648 = ORIENTED_EDGE('',*,*,#7649,.F.);
#7649 = EDGE_CURVE('',#7650,#7642,#7652,.T.);
#7650 = VERTEX_POINT('',#7651);
#7651 = CARTESIAN_POINT('',(-0.7,1.15,0.725));
#7652 = LINE('',#7653,#7654);
#7653 = CARTESIAN_POINT('',(-0.7,1.15,0.725));
#7654 = VECTOR('',#7655,1.);
#7655 = DIRECTION('',(1.,-1.144237745222E-17,0.));
#7656 = ORIENTED_EDGE('',*,*,#7657,.T.);
#7657 = EDGE_CURVE('',#7650,#7584,#7658,.T.);
#7658 = LINE('',#7659,#7660);
#7659 = CARTESIAN_POINT('',(-0.7,-1.405,0.725));
#7660 = VECTOR('',#7661,1.);
#7661 = DIRECTION('',(-1.110223024625E-16,1.,0.));
#7662 = PLANE('',#7663);
#7663 = AXIS2_PLACEMENT_3D('',#7664,#7665,#7666);
#7664 = CARTESIAN_POINT('',(-1.486299604971E-16,1.4875,0.725));
#7665 = DIRECTION('',(1.022886882533E-31,-6.310887241768E-27,-1.));
#7666 = DIRECTION('',(1.,1.217738924546E-16,1.022886882525E-31));
#7667 = ADVANCED_FACE('',(#7668),#7678,.F.);
#7668 = FACE_BOUND('',#7669,.F.);
#7669 = EDGE_LOOP('',(#7670,#7671,#7672,#7673));
#7670 = ORIENTED_EDGE('',*,*,#7382,.T.);
#7671 = ORIENTED_EDGE('',*,*,#7367,.T.);
#7672 = ORIENTED_EDGE('',*,*,#7583,.F.);
#7673 = ORIENTED_EDGE('',*,*,#7674,.F.);
#7674 = EDGE_CURVE('',#7383,#7584,#7675,.T.);
#7675 = B_SPLINE_CURVE_WITH_KNOTS('',1,(#7676,#7677),.UNSPECIFIED.,.F.,
  .F.,(2,2),(0.,1.),.PIECEWISE_BEZIER_KNOTS.);
#7676 = CARTESIAN_POINT('',(-0.7,1.405,0.575));
#7677 = CARTESIAN_POINT('',(-0.7,1.405,0.725));
#7678 = PLANE('',#7679);
#7679 = AXIS2_PLACEMENT_3D('',#7680,#7681,#7682);
#7680 = CARTESIAN_POINT('',(-0.7,1.405,0.725));
#7681 = DIRECTION('',(0.707106781187,-0.707106781187,0.));
#7682 = DIRECTION('',(0.707106781187,0.707106781187,0.));
#7683 = ADVANCED_FACE('',(#7684),#7708,.F.);
#7684 = FACE_BOUND('',#7685,.F.);
#7685 = EDGE_LOOP('',(#7686,#7693,#7694,#7702));
#7686 = ORIENTED_EDGE('',*,*,#7687,.F.);
#7687 = EDGE_CURVE('',#7438,#7688,#7690,.T.);
#7688 = VERTEX_POINT('',#7689);
#7689 = CARTESIAN_POINT('',(-0.7,-1.405,0.725));
#7690 = B_SPLINE_CURVE_WITH_KNOTS('',1,(#7691,#7692),.UNSPECIFIED.,.F.,
  .F.,(2,2),(0.,1.),.PIECEWISE_BEZIER_KNOTS.);
#7691 = CARTESIAN_POINT('',(-0.7,-1.405,0.575));
#7692 = CARTESIAN_POINT('',(-0.7,-1.405,0.725));
#7693 = ORIENTED_EDGE('',*,*,#7437,.T.);
#7694 = ORIENTED_EDGE('',*,*,#7695,.T.);
#7695 = EDGE_CURVE('',#7430,#7696,#7698,.T.);
#7696 = VERTEX_POINT('',#7697);
#7697 = CARTESIAN_POINT('',(-0.7,-1.15,0.725));
#7698 = LINE('',#7699,#7700);
#7699 = CARTESIAN_POINT('',(-0.7,-1.15,0.529763586955));
#7700 = VECTOR('',#7701,1.);
#7701 = DIRECTION('',(0.,0.,1.));
#7702 = ORIENTED_EDGE('',*,*,#7703,.F.);
#7703 = EDGE_CURVE('',#7688,#7696,#7704,.T.);
#7704 = LINE('',#7705,#7706);
#7705 = CARTESIAN_POINT('',(-0.7,-1.405,0.725));
#7706 = VECTOR('',#7707,1.);
#7707 = DIRECTION('',(-1.110223024625E-16,1.,0.));
#7708 = PLANE('',#7709);
#7709 = AXIS2_PLACEMENT_3D('',#7710,#7711,#7712);
#7710 = CARTESIAN_POINT('',(-0.7,-1.405,0.725));
#7711 = DIRECTION('',(1.,1.110223024625E-16,0.));
#7712 = DIRECTION('',(-1.110223024625E-16,1.,0.));
#7713 = ADVANCED_FACE('',(#7714),#7741,.F.);
#7714 = FACE_BOUND('',#7715,.F.);
#7715 = EDGE_LOOP('',(#7716,#7717,#7726,#7734));
#7716 = ORIENTED_EDGE('',*,*,#7429,.T.);
#7717 = ORIENTED_EDGE('',*,*,#7718,.T.);
#7718 = EDGE_CURVE('',#7422,#7719,#7721,.T.);
#7719 = VERTEX_POINT('',#7720);
#7720 = CARTESIAN_POINT('',(-0.798480775301,-0.75,0.492364817767));
#7721 = CIRCLE('',#7722,0.1);
#7722 = AXIS2_PLACEMENT_3D('',#7723,#7724,#7725);
#7723 = CARTESIAN_POINT('',(-0.7,-0.75,0.475));
#7724 = DIRECTION('',(-1.144237745222E-17,-1.,-3.618690651183E-48));
#7725 = DIRECTION('',(2.22044604925E-15,-2.540718180781E-32,1.));
#7726 = ORIENTED_EDGE('',*,*,#7727,.F.);
#7727 = EDGE_CURVE('',#7728,#7719,#7730,.T.);
#7728 = VERTEX_POINT('',#7729);
#7729 = CARTESIAN_POINT('',(-0.798480775301,-1.15,0.492364817767));
#7730 = LINE('',#7731,#7732);
#7731 = CARTESIAN_POINT('',(-0.798480775301,-1.15,0.492364817767));
#7732 = VECTOR('',#7733,1.);
#7733 = DIRECTION('',(1.144237745222E-17,1.,0.));
#7734 = ORIENTED_EDGE('',*,*,#7735,.F.);
#7735 = EDGE_CURVE('',#7430,#7728,#7736,.T.);
#7736 = CIRCLE('',#7737,0.1);
#7737 = AXIS2_PLACEMENT_3D('',#7738,#7739,#7740);
#7738 = CARTESIAN_POINT('',(-0.7,-1.15,0.475));
#7739 = DIRECTION('',(-1.144237745222E-17,-1.,-3.618690651183E-48));
#7740 = DIRECTION('',(2.22044604925E-15,-2.540718180781E-32,1.));
#7741 = CYLINDRICAL_SURFACE('',#7742,0.1);
#7742 = AXIS2_PLACEMENT_3D('',#7743,#7744,#7745);
#7743 = CARTESIAN_POINT('',(-0.7,-1.15,0.475));
#7744 = DIRECTION('',(-1.144237745222E-17,-1.,0.));
#7745 = DIRECTION('',(2.22044604925E-15,-2.540718180781E-32,1.));
#7746 = ADVANCED_FACE('',(#7747),#7772,.F.);
#7747 = FACE_BOUND('',#7748,.F.);
#7748 = EDGE_LOOP('',(#7749,#7757,#7758,#7766));
#7749 = ORIENTED_EDGE('',*,*,#7750,.F.);
#7750 = EDGE_CURVE('',#7422,#7751,#7753,.T.);
#7751 = VERTEX_POINT('',#7752);
#7752 = CARTESIAN_POINT('',(-0.7,-0.75,0.725));
#7753 = LINE('',#7754,#7755);
#7754 = CARTESIAN_POINT('',(-0.7,-0.75,0.529763586955));
#7755 = VECTOR('',#7756,1.);
#7756 = DIRECTION('',(0.,0.,1.));
#7757 = ORIENTED_EDGE('',*,*,#7421,.T.);
#7758 = ORIENTED_EDGE('',*,*,#7759,.T.);
#7759 = EDGE_CURVE('',#7414,#7760,#7762,.T.);
#7760 = VERTEX_POINT('',#7761);
#7761 = CARTESIAN_POINT('',(-0.7,0.75,0.725));
#7762 = LINE('',#7763,#7764);
#7763 = CARTESIAN_POINT('',(-0.7,0.75,0.529763586955));
#7764 = VECTOR('',#7765,1.);
#7765 = DIRECTION('',(0.,0.,1.));
#7766 = ORIENTED_EDGE('',*,*,#7767,.F.);
#7767 = EDGE_CURVE('',#7751,#7760,#7768,.T.);
#7768 = LINE('',#7769,#7770);
#7769 = CARTESIAN_POINT('',(-0.7,-1.405,0.725));
#7770 = VECTOR('',#7771,1.);
#7771 = DIRECTION('',(-1.110223024625E-16,1.,0.));
#7772 = PLANE('',#7773);
#7773 = AXIS2_PLACEMENT_3D('',#7774,#7775,#7776);
#7774 = CARTESIAN_POINT('',(-0.7,-1.405,0.725));
#7775 = DIRECTION('',(1.,1.110223024625E-16,0.));
#7776 = DIRECTION('',(-1.110223024625E-16,1.,0.));
#7777 = ADVANCED_FACE('',(#7778),#7805,.F.);
#7778 = FACE_BOUND('',#7779,.F.);
#7779 = EDGE_LOOP('',(#7780,#7781,#7790,#7798));
#7780 = ORIENTED_EDGE('',*,*,#7413,.T.);
#7781 = ORIENTED_EDGE('',*,*,#7782,.T.);
#7782 = EDGE_CURVE('',#7406,#7783,#7785,.T.);
#7783 = VERTEX_POINT('',#7784);
#7784 = CARTESIAN_POINT('',(-0.798480775301,1.15,0.492364817767));
#7785 = CIRCLE('',#7786,0.1);
#7786 = AXIS2_PLACEMENT_3D('',#7787,#7788,#7789);
#7787 = CARTESIAN_POINT('',(-0.7,1.15,0.475));
#7788 = DIRECTION('',(-1.144237745222E-17,-1.,-3.618690651183E-48));
#7789 = DIRECTION('',(2.22044604925E-15,-2.540718180781E-32,1.));
#7790 = ORIENTED_EDGE('',*,*,#7791,.F.);
#7791 = EDGE_CURVE('',#7792,#7783,#7794,.T.);
#7792 = VERTEX_POINT('',#7793);
#7793 = CARTESIAN_POINT('',(-0.798480775301,0.75,0.492364817767));
#7794 = LINE('',#7795,#7796);
#7795 = CARTESIAN_POINT('',(-0.798480775301,0.75,0.492364817767));
#7796 = VECTOR('',#7797,1.);
#7797 = DIRECTION('',(1.144237745222E-17,1.,0.));
#7798 = ORIENTED_EDGE('',*,*,#7799,.F.);
#7799 = EDGE_CURVE('',#7414,#7792,#7800,.T.);
#7800 = CIRCLE('',#7801,0.1);
#7801 = AXIS2_PLACEMENT_3D('',#7802,#7803,#7804);
#7802 = CARTESIAN_POINT('',(-0.7,0.75,0.475));
#7803 = DIRECTION('',(-1.144237745222E-17,-1.,-3.618690651183E-48));
#7804 = DIRECTION('',(2.22044604925E-15,-2.540718180781E-32,1.));
#7805 = CYLINDRICAL_SURFACE('',#7806,0.1);
#7806 = AXIS2_PLACEMENT_3D('',#7807,#7808,#7809);
#7807 = CARTESIAN_POINT('',(-0.7,0.75,0.475));
#7808 = DIRECTION('',(-1.144237745222E-17,-1.,0.));
#7809 = DIRECTION('',(2.22044604925E-15,-2.540718180781E-32,1.));
#7810 = ADVANCED_FACE('',(#7811),#7822,.F.);
#7811 = FACE_BOUND('',#7812,.F.);
#7812 = EDGE_LOOP('',(#7813,#7819,#7820,#7821));
#7813 = ORIENTED_EDGE('',*,*,#7814,.F.);
#7814 = EDGE_CURVE('',#7406,#7650,#7815,.T.);
#7815 = LINE('',#7816,#7817);
#7816 = CARTESIAN_POINT('',(-0.7,1.15,0.529763586955));
#7817 = VECTOR('',#7818,1.);
#7818 = DIRECTION('',(0.,0.,1.));
#7819 = ORIENTED_EDGE('',*,*,#7405,.T.);
#7820 = ORIENTED_EDGE('',*,*,#7674,.T.);
#7821 = ORIENTED_EDGE('',*,*,#7657,.F.);
#7822 = PLANE('',#7823);
#7823 = AXIS2_PLACEMENT_3D('',#7824,#7825,#7826);
#7824 = CARTESIAN_POINT('',(-0.7,-1.405,0.725));
#7825 = DIRECTION('',(1.,1.110223024625E-16,0.));
#7826 = DIRECTION('',(-1.110223024625E-16,1.,0.));
#7827 = ADVANCED_FACE('',(#7828),#7839,.F.);
#7828 = FACE_BOUND('',#7829,.F.);
#7829 = EDGE_LOOP('',(#7830,#7831,#7832,#7838));
#7830 = ORIENTED_EDGE('',*,*,#7561,.F.);
#7831 = ORIENTED_EDGE('',*,*,#7482,.T.);
#7832 = ORIENTED_EDGE('',*,*,#7833,.T.);
#7833 = EDGE_CURVE('',#7475,#7594,#7834,.T.);
#7834 = LINE('',#7835,#7836);
#7835 = CARTESIAN_POINT('',(0.7,0.2,0.529763586955));
#7836 = VECTOR('',#7837,1.);
#7837 = DIRECTION('',(0.,0.,1.));
#7838 = ORIENTED_EDGE('',*,*,#7593,.F.);
#7839 = PLANE('',#7840);
#7840 = AXIS2_PLACEMENT_3D('',#7841,#7842,#7843);
#7841 = CARTESIAN_POINT('',(0.7,1.405,0.725));
#7842 = DIRECTION('',(-1.,-1.110223024625E-16,0.));
#7843 = DIRECTION('',(1.110223024625E-16,-1.,0.));
#7844 = ADVANCED_FACE('',(#7845),#7872,.F.);
#7845 = FACE_BOUND('',#7846,.F.);
#7846 = EDGE_LOOP('',(#7847,#7848,#7857,#7865));
#7847 = ORIENTED_EDGE('',*,*,#7474,.T.);
#7848 = ORIENTED_EDGE('',*,*,#7849,.T.);
#7849 = EDGE_CURVE('',#7467,#7850,#7852,.T.);
#7850 = VERTEX_POINT('',#7851);
#7851 = CARTESIAN_POINT('',(0.798480775301,-0.2,0.492364817767));
#7852 = CIRCLE('',#7853,0.1);
#7853 = AXIS2_PLACEMENT_3D('',#7854,#7855,#7856);
#7854 = CARTESIAN_POINT('',(0.7,-0.2,0.475));
#7855 = DIRECTION('',(-1.110223024625E-16,1.,-1.094764425744E-47));
#7856 = DIRECTION('',(-2.22044604925E-15,-2.465190328815E-31,1.));
#7857 = ORIENTED_EDGE('',*,*,#7858,.F.);
#7858 = EDGE_CURVE('',#7859,#7850,#7861,.T.);
#7859 = VERTEX_POINT('',#7860);
#7860 = CARTESIAN_POINT('',(0.798480775301,0.2,0.492364817767));
#7861 = LINE('',#7862,#7863);
#7862 = CARTESIAN_POINT('',(0.798480775301,0.2,0.492364817767));
#7863 = VECTOR('',#7864,1.);
#7864 = DIRECTION('',(1.110223024625E-16,-1.,0.));
#7865 = ORIENTED_EDGE('',*,*,#7866,.F.);
#7866 = EDGE_CURVE('',#7475,#7859,#7867,.T.);
#7867 = CIRCLE('',#7868,0.1);
#7868 = AXIS2_PLACEMENT_3D('',#7869,#7870,#7871);
#7869 = CARTESIAN_POINT('',(0.7,0.2,0.475));
#7870 = DIRECTION('',(-1.110223024625E-16,1.,-1.094764425744E-47));
#7871 = DIRECTION('',(-2.22044604925E-15,-2.465190328815E-31,1.));
#7872 = CYLINDRICAL_SURFACE('',#7873,0.1);
#7873 = AXIS2_PLACEMENT_3D('',#7874,#7875,#7876);
#7874 = CARTESIAN_POINT('',(0.7,0.2,0.475));
#7875 = DIRECTION('',(-1.110223024625E-16,1.,0.));
#7876 = DIRECTION('',(-2.22044604925E-15,-2.465190328815E-31,1.));
#7877 = ADVANCED_FACE('',(#7878),#7902,.F.);
#7878 = FACE_BOUND('',#7879,.F.);
#7879 = EDGE_LOOP('',(#7880,#7888,#7889,#7896));
#7880 = ORIENTED_EDGE('',*,*,#7881,.F.);
#7881 = EDGE_CURVE('',#7467,#7882,#7884,.T.);
#7882 = VERTEX_POINT('',#7883);
#7883 = CARTESIAN_POINT('',(0.7,-0.2,0.725));
#7884 = LINE('',#7885,#7886);
#7885 = CARTESIAN_POINT('',(0.7,-0.2,0.529763586955));
#7886 = VECTOR('',#7887,1.);
#7887 = DIRECTION('',(0.,0.,1.));
#7888 = ORIENTED_EDGE('',*,*,#7466,.T.);
#7889 = ORIENTED_EDGE('',*,*,#7890,.T.);
#7890 = EDGE_CURVE('',#7460,#7891,#7893,.T.);
#7891 = VERTEX_POINT('',#7892);
#7892 = CARTESIAN_POINT('',(0.7,-1.405,0.725));
#7893 = B_SPLINE_CURVE_WITH_KNOTS('',1,(#7894,#7895),.UNSPECIFIED.,.F.,
  .F.,(2,2),(0.,1.),.PIECEWISE_BEZIER_KNOTS.);
#7894 = CARTESIAN_POINT('',(0.7,-1.405,0.575));
#7895 = CARTESIAN_POINT('',(0.7,-1.405,0.725));
#7896 = ORIENTED_EDGE('',*,*,#7897,.F.);
#7897 = EDGE_CURVE('',#7882,#7891,#7898,.T.);
#7898 = LINE('',#7899,#7900);
#7899 = CARTESIAN_POINT('',(0.7,1.405,0.725));
#7900 = VECTOR('',#7901,1.);
#7901 = DIRECTION('',(1.110223024625E-16,-1.,0.));
#7902 = PLANE('',#7903);
#7903 = AXIS2_PLACEMENT_3D('',#7904,#7905,#7906);
#7904 = CARTESIAN_POINT('',(0.7,1.405,0.725));
#7905 = DIRECTION('',(-1.,-1.110223024625E-16,0.));
#7906 = DIRECTION('',(1.110223024625E-16,-1.,0.));
#7907 = ADVANCED_FACE('',(#7908),#7925,.F.);
#7908 = FACE_BOUND('',#7909,.F.);
#7909 = EDGE_LOOP('',(#7910,#7911,#7912,#7920));
#7910 = ORIENTED_EDGE('',*,*,#7499,.T.);
#7911 = ORIENTED_EDGE('',*,*,#7687,.T.);
#7912 = ORIENTED_EDGE('',*,*,#7913,.F.);
#7913 = EDGE_CURVE('',#7914,#7688,#7916,.T.);
#7914 = VERTEX_POINT('',#7915);
#7915 = CARTESIAN_POINT('',(-0.605,-1.5,0.725));
#7916 = LINE('',#7917,#7918);
#7917 = CARTESIAN_POINT('',(-0.605,-1.5,0.725));
#7918 = VECTOR('',#7919,1.);
#7919 = DIRECTION('',(-0.707106781187,0.707106781187,0.));
#7920 = ORIENTED_EDGE('',*,*,#7921,.F.);
#7921 = EDGE_CURVE('',#7500,#7914,#7922,.T.);
#7922 = B_SPLINE_CURVE_WITH_KNOTS('',1,(#7923,#7924),.UNSPECIFIED.,.F.,
  .F.,(2,2),(0.,1.),.PIECEWISE_BEZIER_KNOTS.);
#7923 = CARTESIAN_POINT('',(-0.605,-1.5,0.575));
#7924 = CARTESIAN_POINT('',(-0.605,-1.5,0.725));
#7925 = PLANE('',#7926);
#7926 = AXIS2_PLACEMENT_3D('',#7927,#7928,#7929);
#7927 = CARTESIAN_POINT('',(-0.605,-1.5,0.725));
#7928 = DIRECTION('',(0.707106781187,0.707106781187,0.));
#7929 = DIRECTION('',(-0.707106781187,0.707106781187,0.));
#7930 = ADVANCED_FACE('',(#7931),#7948,.F.);
#7931 = FACE_BOUND('',#7932,.F.);
#7932 = EDGE_LOOP('',(#7933,#7934,#7941,#7947));
#7933 = ORIENTED_EDGE('',*,*,#7528,.T.);
#7934 = ORIENTED_EDGE('',*,*,#7935,.T.);
#7935 = EDGE_CURVE('',#7522,#7936,#7938,.T.);
#7936 = VERTEX_POINT('',#7937);
#7937 = CARTESIAN_POINT('',(0.605,-1.5,0.725));
#7938 = B_SPLINE_CURVE_WITH_KNOTS('',1,(#7939,#7940),.UNSPECIFIED.,.F.,
  .F.,(2,2),(0.,1.),.PIECEWISE_BEZIER_KNOTS.);
#7939 = CARTESIAN_POINT('',(0.605,-1.5,0.575));
#7940 = CARTESIAN_POINT('',(0.605,-1.5,0.725));
#7941 = ORIENTED_EDGE('',*,*,#7942,.F.);
#7942 = EDGE_CURVE('',#7891,#7936,#7943,.T.);
#7943 = LINE('',#7944,#7945);
#7944 = CARTESIAN_POINT('',(0.7,-1.405,0.725));
#7945 = VECTOR('',#7946,1.);
#7946 = DIRECTION('',(-0.707106781187,-0.707106781187,0.));
#7947 = ORIENTED_EDGE('',*,*,#7890,.F.);
#7948 = PLANE('',#7949);
#7949 = AXIS2_PLACEMENT_3D('',#7950,#7951,#7952);
#7950 = CARTESIAN_POINT('',(0.7,-1.405,0.725));
#7951 = DIRECTION('',(-0.707106781187,0.707106781187,0.));
#7952 = DIRECTION('',(-0.707106781187,-0.707106781187,0.));
#7953 = ADVANCED_FACE('',(#7954),#7965,.F.);
#7954 = FACE_BOUND('',#7955,.F.);
#7955 = EDGE_LOOP('',(#7956,#7957,#7958,#7964));
#7956 = ORIENTED_EDGE('',*,*,#7545,.T.);
#7957 = ORIENTED_EDGE('',*,*,#7921,.T.);
#7958 = ORIENTED_EDGE('',*,*,#7959,.F.);
#7959 = EDGE_CURVE('',#7936,#7914,#7960,.T.);
#7960 = LINE('',#7961,#7962);
#7961 = CARTESIAN_POINT('',(0.605,-1.5,0.725));
#7962 = VECTOR('',#7963,1.);
#7963 = DIRECTION('',(-1.,-1.110223024625E-16,0.));
#7964 = ORIENTED_EDGE('',*,*,#7935,.F.);
#7965 = PLANE('',#7966);
#7966 = AXIS2_PLACEMENT_3D('',#7967,#7968,#7969);
#7967 = CARTESIAN_POINT('',(0.605,-1.5,0.725));
#7968 = DIRECTION('',(-1.110223024625E-16,1.,0.));
#7969 = DIRECTION('',(-1.,-1.110223024625E-16,0.));
#7970 = ADVANCED_FACE('',(#7971),#7994,.F.);
#7971 = FACE_BOUND('',#7972,.F.);
#7972 = EDGE_LOOP('',(#7973,#7981,#7987,#7988));
#7973 = ORIENTED_EDGE('',*,*,#7974,.F.);
#7974 = EDGE_CURVE('',#7760,#7975,#7977,.T.);
#7975 = VERTEX_POINT('',#7976);
#7976 = CARTESIAN_POINT('',(-0.675,0.75,0.725));
#7977 = LINE('',#7978,#7979);
#7978 = CARTESIAN_POINT('',(-0.7,0.75,0.725));
#7979 = VECTOR('',#7980,1.);
#7980 = DIRECTION('',(1.,-1.144237745222E-17,0.));
#7981 = ORIENTED_EDGE('',*,*,#7982,.T.);
#7982 = EDGE_CURVE('',#7760,#7650,#7983,.T.);
#7983 = LINE('',#7984,#7985);
#7984 = CARTESIAN_POINT('',(-0.7,0.75,0.725));
#7985 = VECTOR('',#7986,1.);
#7986 = DIRECTION('',(1.144237745222E-17,1.,0.));
#7987 = ORIENTED_EDGE('',*,*,#7649,.T.);
#7988 = ORIENTED_EDGE('',*,*,#7989,.F.);
#7989 = EDGE_CURVE('',#7975,#7642,#7990,.T.);
#7990 = LINE('',#7991,#7992);
#7991 = CARTESIAN_POINT('',(-0.675,-1.3925,0.725));
#7992 = VECTOR('',#7993,1.);
#7993 = DIRECTION('',(-1.110223024625E-16,1.,0.));
#7994 = PLANE('',#7995);
#7995 = AXIS2_PLACEMENT_3D('',#7996,#7997,#7998);
#7996 = CARTESIAN_POINT('',(-0.7,0.75,0.725));
#7997 = DIRECTION('',(0.,0.,-1.));
#7998 = DIRECTION('',(1.,-1.144237745222E-17,0.));
#7999 = ADVANCED_FACE('',(#8000),#8048,.F.);
#8000 = FACE_BOUND('',#8001,.F.);
#8001 = EDGE_LOOP('',(#8002,#8012,#8020,#8026,#8027,#8028,#8035,#8043));
#8002 = ORIENTED_EDGE('',*,*,#8003,.T.);
#8003 = EDGE_CURVE('',#8004,#8006,#8008,.T.);
#8004 = VERTEX_POINT('',#8005);
#8005 = CARTESIAN_POINT('',(-0.675,-1.3925,0.725));
#8006 = VERTEX_POINT('',#8007);
#8007 = CARTESIAN_POINT('',(-0.675,-1.15,0.725));
#8008 = LINE('',#8009,#8010);
#8009 = CARTESIAN_POINT('',(-0.675,-1.3925,0.725));
#8010 = VECTOR('',#8011,1.);
#8011 = DIRECTION('',(-1.110223024625E-16,1.,0.));
#8012 = ORIENTED_EDGE('',*,*,#8013,.T.);
#8013 = EDGE_CURVE('',#8006,#8014,#8016,.T.);
#8014 = VERTEX_POINT('',#8015);
#8015 = CARTESIAN_POINT('',(-0.675,-0.75,0.725));
#8016 = LINE('',#8017,#8018);
#8017 = CARTESIAN_POINT('',(-0.675,-1.3925,0.725));
#8018 = VECTOR('',#8019,1.);
#8019 = DIRECTION('',(-1.110223024625E-16,1.,0.));
#8020 = ORIENTED_EDGE('',*,*,#8021,.T.);
#8021 = EDGE_CURVE('',#8014,#7975,#8022,.T.);
#8022 = LINE('',#8023,#8024);
#8023 = CARTESIAN_POINT('',(-0.675,-1.3925,0.725));
#8024 = VECTOR('',#8025,1.);
#8025 = DIRECTION('',(-1.110223024625E-16,1.,0.));
#8026 = ORIENTED_EDGE('',*,*,#7989,.T.);
#8027 = ORIENTED_EDGE('',*,*,#7641,.T.);
#8028 = ORIENTED_EDGE('',*,*,#8029,.T.);
#8029 = EDGE_CURVE('',#7634,#8030,#8032,.T.);
#8030 = VERTEX_POINT('',#8031);
#8031 = CARTESIAN_POINT('',(-0.608243103516,1.359121551758,1.2));
#8032 = B_SPLINE_CURVE_WITH_KNOTS('',1,(#8033,#8034),.UNSPECIFIED.,.F.,
  .F.,(2,2),(0.,1.),.PIECEWISE_BEZIER_KNOTS.);
#8033 = CARTESIAN_POINT('',(-0.675,1.3925,0.725));
#8034 = CARTESIAN_POINT('',(-0.608243103516,1.359121551758,1.2));
#8035 = ORIENTED_EDGE('',*,*,#8036,.F.);
#8036 = EDGE_CURVE('',#8037,#8030,#8039,.T.);
#8037 = VERTEX_POINT('',#8038);
#8038 = CARTESIAN_POINT('',(-0.608243103516,-1.359121551758,1.2));
#8039 = LINE('',#8040,#8041);
#8040 = CARTESIAN_POINT('',(-0.608243103516,-1.359121551758,1.2));
#8041 = VECTOR('',#8042,1.);
#8042 = DIRECTION('',(-1.110223024625E-16,1.,0.));
#8043 = ORIENTED_EDGE('',*,*,#8044,.F.);
#8044 = EDGE_CURVE('',#8004,#8037,#8045,.T.);
#8045 = B_SPLINE_CURVE_WITH_KNOTS('',1,(#8046,#8047),.UNSPECIFIED.,.F.,
  .F.,(2,2),(0.,1.),.PIECEWISE_BEZIER_KNOTS.);
#8046 = CARTESIAN_POINT('',(-0.675,-1.3925,0.725));
#8047 = CARTESIAN_POINT('',(-0.608243103516,-1.359121551758,1.2));
#8048 = B_SPLINE_SURFACE_WITH_KNOTS('',1,1,(
    (#8049,#8050)
    ,(#8051,#8052
    )),.UNSPECIFIED.,.F.,.F.,.F.,(2,2),(2,2),(0.,2.785),(0.,1.),
  .PIECEWISE_BEZIER_KNOTS.);
#8049 = CARTESIAN_POINT('',(-0.675,-1.3925,0.725));
#8050 = CARTESIAN_POINT('',(-0.608243103516,-1.359121551758,1.2));
#8051 = CARTESIAN_POINT('',(-0.675,1.3925,0.725));
#8052 = CARTESIAN_POINT('',(-0.608243103516,1.359121551758,1.2));
#8053 = ADVANCED_FACE('',(#8054),#8071,.F.);
#8054 = FACE_BOUND('',#8055,.F.);
#8055 = EDGE_LOOP('',(#8056,#8057,#8064,#8070));
#8056 = ORIENTED_EDGE('',*,*,#7633,.T.);
#8057 = ORIENTED_EDGE('',*,*,#8058,.T.);
#8058 = EDGE_CURVE('',#7626,#8059,#8061,.T.);
#8059 = VERTEX_POINT('',#8060);
#8060 = CARTESIAN_POINT('',(-0.559121551758,1.408243103516,1.2));
#8061 = B_SPLINE_CURVE_WITH_KNOTS('',1,(#8062,#8063),.UNSPECIFIED.,.F.,
  .F.,(2,2),(0.,1.),.PIECEWISE_BEZIER_KNOTS.);
#8062 = CARTESIAN_POINT('',(-0.5925,1.475,0.725));
#8063 = CARTESIAN_POINT('',(-0.559121551758,1.408243103516,1.2));
#8064 = ORIENTED_EDGE('',*,*,#8065,.F.);
#8065 = EDGE_CURVE('',#8030,#8059,#8066,.T.);
#8066 = LINE('',#8067,#8068);
#8067 = CARTESIAN_POINT('',(-0.608243103516,1.359121551758,1.2));
#8068 = VECTOR('',#8069,1.);
#8069 = DIRECTION('',(0.707106781187,0.707106781187,0.));
#8070 = ORIENTED_EDGE('',*,*,#8029,.F.);
#8071 = B_SPLINE_SURFACE_WITH_KNOTS('',1,1,(
    (#8072,#8073)
    ,(#8074,#8075
    )),.UNSPECIFIED.,.F.,.F.,.F.,(2,2),(2,2),(0.,0.116672618896),(0.,1.)
  ,.PIECEWISE_BEZIER_KNOTS.);
#8072 = CARTESIAN_POINT('',(-0.675,1.3925,0.725));
#8073 = CARTESIAN_POINT('',(-0.608243103516,1.359121551758,1.2));
#8074 = CARTESIAN_POINT('',(-0.5925,1.475,0.725));
#8075 = CARTESIAN_POINT('',(-0.559121551758,1.408243103516,1.2));
#8076 = ADVANCED_FACE('',(#8077),#8094,.F.);
#8077 = FACE_BOUND('',#8078,.F.);
#8078 = EDGE_LOOP('',(#8079,#8080,#8087,#8093));
#8079 = ORIENTED_EDGE('',*,*,#7625,.T.);
#8080 = ORIENTED_EDGE('',*,*,#8081,.T.);
#8081 = EDGE_CURVE('',#7618,#8082,#8084,.T.);
#8082 = VERTEX_POINT('',#8083);
#8083 = CARTESIAN_POINT('',(0.559121551758,1.408243103516,1.2));
#8084 = B_SPLINE_CURVE_WITH_KNOTS('',1,(#8085,#8086),.UNSPECIFIED.,.F.,
  .F.,(2,2),(0.,1.),.PIECEWISE_BEZIER_KNOTS.);
#8085 = CARTESIAN_POINT('',(0.5925,1.475,0.725));
#8086 = CARTESIAN_POINT('',(0.559121551758,1.408243103516,1.2));
#8087 = ORIENTED_EDGE('',*,*,#8088,.F.);
#8088 = EDGE_CURVE('',#8059,#8082,#8089,.T.);
#8089 = LINE('',#8090,#8091);
#8090 = CARTESIAN_POINT('',(-0.559121551758,1.408243103516,1.2));
#8091 = VECTOR('',#8092,1.);
#8092 = DIRECTION('',(1.,1.110223024625E-16,0.));
#8093 = ORIENTED_EDGE('',*,*,#8058,.F.);
#8094 = B_SPLINE_SURFACE_WITH_KNOTS('',1,1,(
    (#8095,#8096)
    ,(#8097,#8098
    )),.UNSPECIFIED.,.F.,.F.,.F.,(2,2),(2,2),(0.,1.185),(0.,1.),
  .PIECEWISE_BEZIER_KNOTS.);
#8095 = CARTESIAN_POINT('',(-0.5925,1.475,0.725));
#8096 = CARTESIAN_POINT('',(-0.559121551758,1.408243103516,1.2));
#8097 = CARTESIAN_POINT('',(0.5925,1.475,0.725));
#8098 = CARTESIAN_POINT('',(0.559121551758,1.408243103516,1.2));
#8099 = ADVANCED_FACE('',(#8100),#8117,.F.);
#8100 = FACE_BOUND('',#8101,.F.);
#8101 = EDGE_LOOP('',(#8102,#8103,#8110,#8116));
#8102 = ORIENTED_EDGE('',*,*,#7617,.T.);
#8103 = ORIENTED_EDGE('',*,*,#8104,.T.);
#8104 = EDGE_CURVE('',#7610,#8105,#8107,.T.);
#8105 = VERTEX_POINT('',#8106);
#8106 = CARTESIAN_POINT('',(0.608243103516,1.359121551758,1.2));
#8107 = B_SPLINE_CURVE_WITH_KNOTS('',1,(#8108,#8109),.UNSPECIFIED.,.F.,
  .F.,(2,2),(0.,1.),.PIECEWISE_BEZIER_KNOTS.);
#8108 = CARTESIAN_POINT('',(0.675,1.3925,0.725));
#8109 = CARTESIAN_POINT('',(0.608243103516,1.359121551758,1.2));
#8110 = ORIENTED_EDGE('',*,*,#8111,.F.);
#8111 = EDGE_CURVE('',#8082,#8105,#8112,.T.);
#8112 = LINE('',#8113,#8114);
#8113 = CARTESIAN_POINT('',(0.559121551758,1.408243103516,1.2));
#8114 = VECTOR('',#8115,1.);
#8115 = DIRECTION('',(0.707106781187,-0.707106781187,0.));
#8116 = ORIENTED_EDGE('',*,*,#8081,.F.);
#8117 = B_SPLINE_SURFACE_WITH_KNOTS('',1,1,(
    (#8118,#8119)
    ,(#8120,#8121
    )),.UNSPECIFIED.,.F.,.F.,.F.,(2,2),(2,2),(0.,0.116672618896),(0.,1.)
  ,.PIECEWISE_BEZIER_KNOTS.);
#8118 = CARTESIAN_POINT('',(0.5925,1.475,0.725));
#8119 = CARTESIAN_POINT('',(0.559121551758,1.408243103516,1.2));
#8120 = CARTESIAN_POINT('',(0.675,1.3925,0.725));
#8121 = CARTESIAN_POINT('',(0.608243103516,1.359121551758,1.2));
#8122 = ADVANCED_FACE('',(#8123),#8156,.F.);
#8123 = FACE_BOUND('',#8124,.F.);
#8124 = EDGE_LOOP('',(#8125,#8126,#8134,#8142,#8149,#8155));
#8125 = ORIENTED_EDGE('',*,*,#7609,.T.);
#8126 = ORIENTED_EDGE('',*,*,#8127,.T.);
#8127 = EDGE_CURVE('',#7602,#8128,#8130,.T.);
#8128 = VERTEX_POINT('',#8129);
#8129 = CARTESIAN_POINT('',(0.675,-0.2,0.725));
#8130 = LINE('',#8131,#8132);
#8131 = CARTESIAN_POINT('',(0.675,1.3925,0.725));
#8132 = VECTOR('',#8133,1.);
#8133 = DIRECTION('',(1.110223024625E-16,-1.,0.));
#8134 = ORIENTED_EDGE('',*,*,#8135,.T.);
#8135 = EDGE_CURVE('',#8128,#8136,#8138,.T.);
#8136 = VERTEX_POINT('',#8137);
#8137 = CARTESIAN_POINT('',(0.675,-1.3925,0.725));
#8138 = LINE('',#8139,#8140);
#8139 = CARTESIAN_POINT('',(0.675,1.3925,0.725));
#8140 = VECTOR('',#8141,1.);
#8141 = DIRECTION('',(1.110223024625E-16,-1.,0.));
#8142 = ORIENTED_EDGE('',*,*,#8143,.T.);
#8143 = EDGE_CURVE('',#8136,#8144,#8146,.T.);
#8144 = VERTEX_POINT('',#8145);
#8145 = CARTESIAN_POINT('',(0.608243103516,-1.359121551758,1.2));
#8146 = B_SPLINE_CURVE_WITH_KNOTS('',1,(#8147,#8148),.UNSPECIFIED.,.F.,
  .F.,(2,2),(0.,1.),.PIECEWISE_BEZIER_KNOTS.);
#8147 = CARTESIAN_POINT('',(0.675,-1.3925,0.725));
#8148 = CARTESIAN_POINT('',(0.608243103516,-1.359121551758,1.2));
#8149 = ORIENTED_EDGE('',*,*,#8150,.F.);
#8150 = EDGE_CURVE('',#8105,#8144,#8151,.T.);
#8151 = LINE('',#8152,#8153);
#8152 = CARTESIAN_POINT('',(0.608243103516,1.359121551758,1.2));
#8153 = VECTOR('',#8154,1.);
#8154 = DIRECTION('',(1.110223024625E-16,-1.,0.));
#8155 = ORIENTED_EDGE('',*,*,#8104,.F.);
#8156 = B_SPLINE_SURFACE_WITH_KNOTS('',1,1,(
    (#8157,#8158)
    ,(#8159,#8160
    )),.UNSPECIFIED.,.F.,.F.,.F.,(2,2),(2,2),(0.,2.785),(0.,1.),
  .PIECEWISE_BEZIER_KNOTS.);
#8157 = CARTESIAN_POINT('',(0.675,1.3925,0.725));
#8158 = CARTESIAN_POINT('',(0.608243103516,1.359121551758,1.2));
#8159 = CARTESIAN_POINT('',(0.675,-1.3925,0.725));
#8160 = CARTESIAN_POINT('',(0.608243103516,-1.359121551758,1.2));
#8161 = ADVANCED_FACE('',(#8162),#8178,.F.);
#8162 = FACE_BOUND('',#8163,.F.);
#8163 = EDGE_LOOP('',(#8164,#8165,#8171,#8177));
#8164 = ORIENTED_EDGE('',*,*,#7601,.F.);
#8165 = ORIENTED_EDGE('',*,*,#8166,.T.);
#8166 = EDGE_CURVE('',#7594,#7882,#8167,.T.);
#8167 = LINE('',#8168,#8169);
#8168 = CARTESIAN_POINT('',(0.7,0.2,0.725));
#8169 = VECTOR('',#8170,1.);
#8170 = DIRECTION('',(1.110223024625E-16,-1.,0.));
#8171 = ORIENTED_EDGE('',*,*,#8172,.T.);
#8172 = EDGE_CURVE('',#7882,#8128,#8173,.T.);
#8173 = LINE('',#8174,#8175);
#8174 = CARTESIAN_POINT('',(0.7,-0.2,0.725));
#8175 = VECTOR('',#8176,1.);
#8176 = DIRECTION('',(-1.,-1.110223024625E-16,0.));
#8177 = ORIENTED_EDGE('',*,*,#8127,.F.);
#8178 = PLANE('',#8179);
#8179 = AXIS2_PLACEMENT_3D('',#8180,#8181,#8182);
#8180 = CARTESIAN_POINT('',(0.7,0.2,0.725));
#8181 = DIRECTION('',(0.,0.,-1.));
#8182 = DIRECTION('',(-1.,-1.110223024625E-16,-0.));
#8183 = ADVANCED_FACE('',(#8184),#8222,.F.);
#8184 = FACE_BOUND('',#8185,.F.);
#8185 = EDGE_LOOP('',(#8186,#8187,#8188,#8189,#8190,#8191,#8192,#8198,
    #8199,#8207,#8215,#8221));
#8186 = ORIENTED_EDGE('',*,*,#8172,.F.);
#8187 = ORIENTED_EDGE('',*,*,#7897,.T.);
#8188 = ORIENTED_EDGE('',*,*,#7942,.T.);
#8189 = ORIENTED_EDGE('',*,*,#7959,.T.);
#8190 = ORIENTED_EDGE('',*,*,#7913,.T.);
#8191 = ORIENTED_EDGE('',*,*,#7703,.T.);
#8192 = ORIENTED_EDGE('',*,*,#8193,.T.);
#8193 = EDGE_CURVE('',#7696,#8006,#8194,.T.);
#8194 = LINE('',#8195,#8196);
#8195 = CARTESIAN_POINT('',(-0.7,-1.15,0.725));
#8196 = VECTOR('',#8197,1.);
#8197 = DIRECTION('',(1.,-1.144237745222E-17,0.));
#8198 = ORIENTED_EDGE('',*,*,#8003,.F.);
#8199 = ORIENTED_EDGE('',*,*,#8200,.F.);
#8200 = EDGE_CURVE('',#8201,#8004,#8203,.T.);
#8201 = VERTEX_POINT('',#8202);
#8202 = CARTESIAN_POINT('',(-0.5925,-1.475,0.725));
#8203 = LINE('',#8204,#8205);
#8204 = CARTESIAN_POINT('',(-0.5925,-1.475,0.725));
#8205 = VECTOR('',#8206,1.);
#8206 = DIRECTION('',(-0.707106781187,0.707106781187,0.));
#8207 = ORIENTED_EDGE('',*,*,#8208,.F.);
#8208 = EDGE_CURVE('',#8209,#8201,#8211,.T.);
#8209 = VERTEX_POINT('',#8210);
#8210 = CARTESIAN_POINT('',(0.5925,-1.475,0.725));
#8211 = LINE('',#8212,#8213);
#8212 = CARTESIAN_POINT('',(0.5925,-1.475,0.725));
#8213 = VECTOR('',#8214,1.);
#8214 = DIRECTION('',(-1.,-1.110223024625E-16,0.));
#8215 = ORIENTED_EDGE('',*,*,#8216,.F.);
#8216 = EDGE_CURVE('',#8136,#8209,#8217,.T.);
#8217 = LINE('',#8218,#8219);
#8218 = CARTESIAN_POINT('',(0.675,-1.3925,0.725));
#8219 = VECTOR('',#8220,1.);
#8220 = DIRECTION('',(-0.707106781187,-0.707106781187,0.));
#8221 = ORIENTED_EDGE('',*,*,#8135,.F.);
#8222 = PLANE('',#8223);
#8223 = AXIS2_PLACEMENT_3D('',#8224,#8225,#8226);
#8224 = CARTESIAN_POINT('',(-1.486299604971E-16,1.4875,0.725));
#8225 = DIRECTION('',(1.022886882533E-31,-6.310887241768E-27,-1.));
#8226 = DIRECTION('',(1.,1.217738924546E-16,1.022886882525E-31));
#8227 = ADVANCED_FACE('',(#8228),#8297,.F.);
#8228 = FACE_BOUND('',#8229,.F.);
#8229 = EDGE_LOOP('',(#8230,#8231,#8232,#8240,#8249,#8257,#8265,#8273,
    #8282,#8290));
#8230 = ORIENTED_EDGE('',*,*,#7695,.F.);
#8231 = ORIENTED_EDGE('',*,*,#7735,.T.);
#8232 = ORIENTED_EDGE('',*,*,#8233,.T.);
#8233 = EDGE_CURVE('',#7728,#8234,#8236,.T.);
#8234 = VERTEX_POINT('',#8235);
#8235 = CARTESIAN_POINT('',(-0.843471632406,-1.15,0.206587955583));
#8236 = LINE('',#8237,#8238);
#8237 = CARTESIAN_POINT('',(-0.798480775301,-1.15,0.492364817767));
#8238 = VECTOR('',#8239,1.);
#8239 = DIRECTION('',(-0.155518033909,1.779496044609E-18,-0.987833053268
    ));
#8240 = ORIENTED_EDGE('',*,*,#8241,.T.);
#8241 = EDGE_CURVE('',#8234,#8242,#8244,.T.);
#8242 = VERTEX_POINT('',#8243);
#8243 = CARTESIAN_POINT('',(-1.089673570659,-1.15,5.551115123126E-17));
#8244 = CIRCLE('',#8245,0.25);
#8245 = AXIS2_PLACEMENT_3D('',#8246,#8247,#8248);
#8246 = CARTESIAN_POINT('',(-1.089673570659,-1.15,0.25));
#8247 = DIRECTION('',(1.144237745222E-17,1.,4.885826546933E-34));
#8248 = DIRECTION('',(0.984807753012,-1.126854202784E-17,-0.173648177667
    ));
#8249 = ORIENTED_EDGE('',*,*,#8250,.T.);
#8250 = EDGE_CURVE('',#8242,#8251,#8253,.T.);
#8251 = VERTEX_POINT('',#8252);
#8252 = CARTESIAN_POINT('',(-1.25,-1.15,5.551115123126E-17));
#8253 = LINE('',#8254,#8255);
#8254 = CARTESIAN_POINT('',(-1.089673570659,-1.15,5.551115123126E-17));
#8255 = VECTOR('',#8256,1.);
#8256 = DIRECTION('',(-1.,1.144237745222E-17,0.));
#8257 = ORIENTED_EDGE('',*,*,#8258,.T.);
#8258 = EDGE_CURVE('',#8251,#8259,#8261,.T.);
#8259 = VERTEX_POINT('',#8260);
#8260 = CARTESIAN_POINT('',(-1.25,-1.15,0.15));
#8261 = LINE('',#8262,#8263);
#8262 = CARTESIAN_POINT('',(-1.25,-1.15,5.551115123126E-17));
#8263 = VECTOR('',#8264,1.);
#8264 = DIRECTION('',(0.,0.,1.));
#8265 = ORIENTED_EDGE('',*,*,#8266,.T.);
#8266 = EDGE_CURVE('',#8259,#8267,#8269,.T.);
#8267 = VERTEX_POINT('',#8268);
#8268 = CARTESIAN_POINT('',(-1.089673570659,-1.15,0.15));
#8269 = LINE('',#8270,#8271);
#8270 = CARTESIAN_POINT('',(-1.25,-1.15,0.15));
#8271 = VECTOR('',#8272,1.);
#8272 = DIRECTION('',(1.,-1.144237745222E-17,0.));
#8273 = ORIENTED_EDGE('',*,*,#8274,.T.);
#8274 = EDGE_CURVE('',#8267,#8275,#8277,.T.);
#8275 = VERTEX_POINT('',#8276);
#8276 = CARTESIAN_POINT('',(-0.991192795358,-1.15,0.232635182233));
#8277 = CIRCLE('',#8278,0.1);
#8278 = AXIS2_PLACEMENT_3D('',#8279,#8280,#8281);
#8279 = CARTESIAN_POINT('',(-1.089673570659,-1.15,0.25));
#8280 = DIRECTION('',(-1.144237745222E-17,-1.,1.280277572762E-47));
#8281 = DIRECTION('',(-2.22044604925E-15,2.540718180781E-32,-1.));
#8282 = ORIENTED_EDGE('',*,*,#8283,.T.);
#8283 = EDGE_CURVE('',#8275,#8284,#8286,.T.);
#8284 = VERTEX_POINT('',#8285);
#8285 = CARTESIAN_POINT('',(-0.946201938253,-1.15,0.518412044417));
#8286 = LINE('',#8287,#8288);
#8287 = CARTESIAN_POINT('',(-0.991192795358,-1.15,0.232635182233));
#8288 = VECTOR('',#8289,1.);
#8289 = DIRECTION('',(0.155518033909,-1.779496044609E-18,0.987833053268)
  );
#8290 = ORIENTED_EDGE('',*,*,#8291,.T.);
#8291 = EDGE_CURVE('',#8284,#7696,#8292,.T.);
#8292 = CIRCLE('',#8293,0.25);
#8293 = AXIS2_PLACEMENT_3D('',#8294,#8295,#8296);
#8294 = CARTESIAN_POINT('',(-0.7,-1.15,0.475));
#8295 = DIRECTION('',(1.144237745222E-17,1.,1.092485064951E-34));
#8296 = DIRECTION('',(-0.984807753012,1.126854202784E-17,0.173648177667)
  );
#8297 = PLANE('',#8298);
#8298 = AXIS2_PLACEMENT_3D('',#8299,#8300,#8301);
#8299 = CARTESIAN_POINT('',(-0.931323080229,-1.15,0.33452717391));
#8300 = DIRECTION('',(1.144237745222E-17,1.,0.));
#8301 = DIRECTION('',(0.,-0.,1.));
#8302 = ADVANCED_FACE('',(#8303),#8321,.F.);
#8303 = FACE_BOUND('',#8304,.F.);
#8304 = EDGE_LOOP('',(#8305,#8306,#8314,#8320));
#8305 = ORIENTED_EDGE('',*,*,#7727,.T.);
#8306 = ORIENTED_EDGE('',*,*,#8307,.T.);
#8307 = EDGE_CURVE('',#7719,#8308,#8310,.T.);
#8308 = VERTEX_POINT('',#8309);
#8309 = CARTESIAN_POINT('',(-0.843471632406,-0.75,0.206587955583));
#8310 = LINE('',#8311,#8312);
#8311 = CARTESIAN_POINT('',(-0.798480775301,-0.75,0.492364817767));
#8312 = VECTOR('',#8313,1.);
#8313 = DIRECTION('',(-0.155518033909,1.779496044609E-18,-0.987833053268
    ));
#8314 = ORIENTED_EDGE('',*,*,#8315,.F.);
#8315 = EDGE_CURVE('',#8234,#8308,#8316,.T.);
#8316 = LINE('',#8317,#8318);
#8317 = CARTESIAN_POINT('',(-0.843471632406,-1.15,0.206587955583));
#8318 = VECTOR('',#8319,1.);
#8319 = DIRECTION('',(1.144237745222E-17,1.,0.));
#8320 = ORIENTED_EDGE('',*,*,#8233,.F.);
#8321 = PLANE('',#8322);
#8322 = AXIS2_PLACEMENT_3D('',#8323,#8324,#8325);
#8323 = CARTESIAN_POINT('',(-0.798480775301,-1.15,0.492364817767));
#8324 = DIRECTION('',(-0.987833053268,1.130315865527E-17,0.155518033909)
  );
#8325 = DIRECTION('',(-0.155518033909,1.779496044609E-18,-0.987833053268
    ));
#8326 = ADVANCED_FACE('',(#8327),#8389,.T.);
#8327 = FACE_BOUND('',#8328,.T.);
#8328 = EDGE_LOOP('',(#8329,#8330,#8331,#8332,#8341,#8349,#8357,#8365,
    #8374,#8382));
#8329 = ORIENTED_EDGE('',*,*,#7750,.F.);
#8330 = ORIENTED_EDGE('',*,*,#7718,.T.);
#8331 = ORIENTED_EDGE('',*,*,#8307,.T.);
#8332 = ORIENTED_EDGE('',*,*,#8333,.T.);
#8333 = EDGE_CURVE('',#8308,#8334,#8336,.T.);
#8334 = VERTEX_POINT('',#8335);
#8335 = CARTESIAN_POINT('',(-1.089673570659,-0.75,5.551115123126E-17));
#8336 = CIRCLE('',#8337,0.25);
#8337 = AXIS2_PLACEMENT_3D('',#8338,#8339,#8340);
#8338 = CARTESIAN_POINT('',(-1.089673570659,-0.75,0.25));
#8339 = DIRECTION('',(1.144237745222E-17,1.,4.885826546933E-34));
#8340 = DIRECTION('',(0.984807753012,-1.126854202784E-17,-0.173648177667
    ));
#8341 = ORIENTED_EDGE('',*,*,#8342,.T.);
#8342 = EDGE_CURVE('',#8334,#8343,#8345,.T.);
#8343 = VERTEX_POINT('',#8344);
#8344 = CARTESIAN_POINT('',(-1.25,-0.75,5.551115123126E-17));
#8345 = LINE('',#8346,#8347);
#8346 = CARTESIAN_POINT('',(-1.089673570659,-0.75,5.551115123126E-17));
#8347 = VECTOR('',#8348,1.);
#8348 = DIRECTION('',(-1.,1.144237745222E-17,0.));
#8349 = ORIENTED_EDGE('',*,*,#8350,.T.);
#8350 = EDGE_CURVE('',#8343,#8351,#8353,.T.);
#8351 = VERTEX_POINT('',#8352);
#8352 = CARTESIAN_POINT('',(-1.25,-0.75,0.15));
#8353 = LINE('',#8354,#8355);
#8354 = CARTESIAN_POINT('',(-1.25,-0.75,5.551115123126E-17));
#8355 = VECTOR('',#8356,1.);
#8356 = DIRECTION('',(0.,0.,1.));
#8357 = ORIENTED_EDGE('',*,*,#8358,.T.);
#8358 = EDGE_CURVE('',#8351,#8359,#8361,.T.);
#8359 = VERTEX_POINT('',#8360);
#8360 = CARTESIAN_POINT('',(-1.089673570659,-0.75,0.15));
#8361 = LINE('',#8362,#8363);
#8362 = CARTESIAN_POINT('',(-1.25,-0.75,0.15));
#8363 = VECTOR('',#8364,1.);
#8364 = DIRECTION('',(1.,-1.144237745222E-17,0.));
#8365 = ORIENTED_EDGE('',*,*,#8366,.T.);
#8366 = EDGE_CURVE('',#8359,#8367,#8369,.T.);
#8367 = VERTEX_POINT('',#8368);
#8368 = CARTESIAN_POINT('',(-0.991192795358,-0.75,0.232635182233));
#8369 = CIRCLE('',#8370,0.1);
#8370 = AXIS2_PLACEMENT_3D('',#8371,#8372,#8373);
#8371 = CARTESIAN_POINT('',(-1.089673570659,-0.75,0.25));
#8372 = DIRECTION('',(-1.144237745222E-17,-1.,1.280277572762E-47));
#8373 = DIRECTION('',(-2.22044604925E-15,2.540718180781E-32,-1.));
#8374 = ORIENTED_EDGE('',*,*,#8375,.T.);
#8375 = EDGE_CURVE('',#8367,#8376,#8378,.T.);
#8376 = VERTEX_POINT('',#8377);
#8377 = CARTESIAN_POINT('',(-0.946201938253,-0.75,0.518412044417));
#8378 = LINE('',#8379,#8380);
#8379 = CARTESIAN_POINT('',(-0.991192795358,-0.75,0.232635182233));
#8380 = VECTOR('',#8381,1.);
#8381 = DIRECTION('',(0.155518033909,-1.779496044609E-18,0.987833053268)
  );
#8382 = ORIENTED_EDGE('',*,*,#8383,.T.);
#8383 = EDGE_CURVE('',#8376,#7751,#8384,.T.);
#8384 = CIRCLE('',#8385,0.25);
#8385 = AXIS2_PLACEMENT_3D('',#8386,#8387,#8388);
#8386 = CARTESIAN_POINT('',(-0.7,-0.75,0.475));
#8387 = DIRECTION('',(1.144237745222E-17,1.,1.092485064951E-34));
#8388 = DIRECTION('',(-0.984807753012,1.126854202784E-17,0.173648177667)
  );
#8389 = PLANE('',#8390);
#8390 = AXIS2_PLACEMENT_3D('',#8391,#8392,#8393);
#8391 = CARTESIAN_POINT('',(-0.931323080229,-0.75,0.33452717391));
#8392 = DIRECTION('',(1.144237745222E-17,1.,0.));
#8393 = DIRECTION('',(0.,-0.,1.));
#8394 = ADVANCED_FACE('',(#8395),#8406,.F.);
#8395 = FACE_BOUND('',#8396,.F.);
#8396 = EDGE_LOOP('',(#8397,#8398,#8399,#8400));
#8397 = ORIENTED_EDGE('',*,*,#7767,.T.);
#8398 = ORIENTED_EDGE('',*,*,#7974,.T.);
#8399 = ORIENTED_EDGE('',*,*,#8021,.F.);
#8400 = ORIENTED_EDGE('',*,*,#8401,.F.);
#8401 = EDGE_CURVE('',#7751,#8014,#8402,.T.);
#8402 = LINE('',#8403,#8404);
#8403 = CARTESIAN_POINT('',(-0.7,-0.75,0.725));
#8404 = VECTOR('',#8405,1.);
#8405 = DIRECTION('',(1.,-1.144237745222E-17,0.));
#8406 = PLANE('',#8407);
#8407 = AXIS2_PLACEMENT_3D('',#8408,#8409,#8410);
#8408 = CARTESIAN_POINT('',(-1.486299604971E-16,1.4875,0.725));
#8409 = DIRECTION('',(1.022886882533E-31,-6.310887241768E-27,-1.));
#8410 = DIRECTION('',(1.,1.217738924546E-16,1.022886882525E-31));
#8411 = ADVANCED_FACE('',(#8412),#8481,.F.);
#8412 = FACE_BOUND('',#8413,.F.);
#8413 = EDGE_LOOP('',(#8414,#8415,#8416,#8424,#8433,#8441,#8449,#8457,
    #8466,#8474));
#8414 = ORIENTED_EDGE('',*,*,#7759,.F.);
#8415 = ORIENTED_EDGE('',*,*,#7799,.T.);
#8416 = ORIENTED_EDGE('',*,*,#8417,.T.);
#8417 = EDGE_CURVE('',#7792,#8418,#8420,.T.);
#8418 = VERTEX_POINT('',#8419);
#8419 = CARTESIAN_POINT('',(-0.843471632406,0.75,0.206587955583));
#8420 = LINE('',#8421,#8422);
#8421 = CARTESIAN_POINT('',(-0.798480775301,0.75,0.492364817767));
#8422 = VECTOR('',#8423,1.);
#8423 = DIRECTION('',(-0.155518033909,1.779496044609E-18,-0.987833053268
    ));
#8424 = ORIENTED_EDGE('',*,*,#8425,.T.);
#8425 = EDGE_CURVE('',#8418,#8426,#8428,.T.);
#8426 = VERTEX_POINT('',#8427);
#8427 = CARTESIAN_POINT('',(-1.089673570659,0.75,5.551115123126E-17));
#8428 = CIRCLE('',#8429,0.25);
#8429 = AXIS2_PLACEMENT_3D('',#8430,#8431,#8432);
#8430 = CARTESIAN_POINT('',(-1.089673570659,0.75,0.25));
#8431 = DIRECTION('',(1.144237745222E-17,1.,4.885826546933E-34));
#8432 = DIRECTION('',(0.984807753012,-1.126854202784E-17,-0.173648177667
    ));
#8433 = ORIENTED_EDGE('',*,*,#8434,.T.);
#8434 = EDGE_CURVE('',#8426,#8435,#8437,.T.);
#8435 = VERTEX_POINT('',#8436);
#8436 = CARTESIAN_POINT('',(-1.25,0.75,5.551115123126E-17));
#8437 = LINE('',#8438,#8439);
#8438 = CARTESIAN_POINT('',(-1.089673570659,0.75,5.551115123126E-17));
#8439 = VECTOR('',#8440,1.);
#8440 = DIRECTION('',(-1.,1.144237745222E-17,0.));
#8441 = ORIENTED_EDGE('',*,*,#8442,.T.);
#8442 = EDGE_CURVE('',#8435,#8443,#8445,.T.);
#8443 = VERTEX_POINT('',#8444);
#8444 = CARTESIAN_POINT('',(-1.25,0.75,0.15));
#8445 = LINE('',#8446,#8447);
#8446 = CARTESIAN_POINT('',(-1.25,0.75,5.551115123126E-17));
#8447 = VECTOR('',#8448,1.);
#8448 = DIRECTION('',(0.,0.,1.));
#8449 = ORIENTED_EDGE('',*,*,#8450,.T.);
#8450 = EDGE_CURVE('',#8443,#8451,#8453,.T.);
#8451 = VERTEX_POINT('',#8452);
#8452 = CARTESIAN_POINT('',(-1.089673570659,0.75,0.15));
#8453 = LINE('',#8454,#8455);
#8454 = CARTESIAN_POINT('',(-1.25,0.75,0.15));
#8455 = VECTOR('',#8456,1.);
#8456 = DIRECTION('',(1.,-1.144237745222E-17,0.));
#8457 = ORIENTED_EDGE('',*,*,#8458,.T.);
#8458 = EDGE_CURVE('',#8451,#8459,#8461,.T.);
#8459 = VERTEX_POINT('',#8460);
#8460 = CARTESIAN_POINT('',(-0.991192795358,0.75,0.232635182233));
#8461 = CIRCLE('',#8462,0.1);
#8462 = AXIS2_PLACEMENT_3D('',#8463,#8464,#8465);
#8463 = CARTESIAN_POINT('',(-1.089673570659,0.75,0.25));
#8464 = DIRECTION('',(-1.144237745222E-17,-1.,1.280277572762E-47));
#8465 = DIRECTION('',(-2.22044604925E-15,2.540718180781E-32,-1.));
#8466 = ORIENTED_EDGE('',*,*,#8467,.T.);
#8467 = EDGE_CURVE('',#8459,#8468,#8470,.T.);
#8468 = VERTEX_POINT('',#8469);
#8469 = CARTESIAN_POINT('',(-0.946201938253,0.75,0.518412044417));
#8470 = LINE('',#8471,#8472);
#8471 = CARTESIAN_POINT('',(-0.991192795358,0.75,0.232635182233));
#8472 = VECTOR('',#8473,1.);
#8473 = DIRECTION('',(0.155518033909,-1.779496044609E-18,0.987833053268)
  );
#8474 = ORIENTED_EDGE('',*,*,#8475,.T.);
#8475 = EDGE_CURVE('',#8468,#7760,#8476,.T.);
#8476 = CIRCLE('',#8477,0.25);
#8477 = AXIS2_PLACEMENT_3D('',#8478,#8479,#8480);
#8478 = CARTESIAN_POINT('',(-0.7,0.75,0.475));
#8479 = DIRECTION('',(1.144237745222E-17,1.,1.092485064951E-34));
#8480 = DIRECTION('',(-0.984807753012,1.126854202784E-17,0.173648177667)
  );
#8481 = PLANE('',#8482);
#8482 = AXIS2_PLACEMENT_3D('',#8483,#8484,#8485);
#8483 = CARTESIAN_POINT('',(-0.931323080229,0.75,0.33452717391));
#8484 = DIRECTION('',(1.144237745222E-17,1.,0.));
#8485 = DIRECTION('',(0.,-0.,1.));
#8486 = ADVANCED_FACE('',(#8487),#8505,.F.);
#8487 = FACE_BOUND('',#8488,.F.);
#8488 = EDGE_LOOP('',(#8489,#8490,#8498,#8504));
#8489 = ORIENTED_EDGE('',*,*,#7791,.T.);
#8490 = ORIENTED_EDGE('',*,*,#8491,.T.);
#8491 = EDGE_CURVE('',#7783,#8492,#8494,.T.);
#8492 = VERTEX_POINT('',#8493);
#8493 = CARTESIAN_POINT('',(-0.843471632406,1.15,0.206587955583));
#8494 = LINE('',#8495,#8496);
#8495 = CARTESIAN_POINT('',(-0.798480775301,1.15,0.492364817767));
#8496 = VECTOR('',#8497,1.);
#8497 = DIRECTION('',(-0.155518033909,1.779496044609E-18,-0.987833053268
    ));
#8498 = ORIENTED_EDGE('',*,*,#8499,.F.);
#8499 = EDGE_CURVE('',#8418,#8492,#8500,.T.);
#8500 = LINE('',#8501,#8502);
#8501 = CARTESIAN_POINT('',(-0.843471632406,0.75,0.206587955583));
#8502 = VECTOR('',#8503,1.);
#8503 = DIRECTION('',(1.144237745222E-17,1.,0.));
#8504 = ORIENTED_EDGE('',*,*,#8417,.F.);
#8505 = PLANE('',#8506);
#8506 = AXIS2_PLACEMENT_3D('',#8507,#8508,#8509);
#8507 = CARTESIAN_POINT('',(-0.798480775301,0.75,0.492364817767));
#8508 = DIRECTION('',(-0.987833053268,1.130315865527E-17,0.155518033909)
  );
#8509 = DIRECTION('',(-0.155518033909,1.779496044609E-18,-0.987833053268
    ));
#8510 = ADVANCED_FACE('',(#8511),#8573,.T.);
#8511 = FACE_BOUND('',#8512,.T.);
#8512 = EDGE_LOOP('',(#8513,#8514,#8515,#8516,#8525,#8533,#8541,#8549,
    #8558,#8566));
#8513 = ORIENTED_EDGE('',*,*,#7814,.F.);
#8514 = ORIENTED_EDGE('',*,*,#7782,.T.);
#8515 = ORIENTED_EDGE('',*,*,#8491,.T.);
#8516 = ORIENTED_EDGE('',*,*,#8517,.T.);
#8517 = EDGE_CURVE('',#8492,#8518,#8520,.T.);
#8518 = VERTEX_POINT('',#8519);
#8519 = CARTESIAN_POINT('',(-1.089673570659,1.15,5.551115123126E-17));
#8520 = CIRCLE('',#8521,0.25);
#8521 = AXIS2_PLACEMENT_3D('',#8522,#8523,#8524);
#8522 = CARTESIAN_POINT('',(-1.089673570659,1.15,0.25));
#8523 = DIRECTION('',(1.144237745222E-17,1.,4.885826546933E-34));
#8524 = DIRECTION('',(0.984807753012,-1.126854202784E-17,-0.173648177667
    ));
#8525 = ORIENTED_EDGE('',*,*,#8526,.T.);
#8526 = EDGE_CURVE('',#8518,#8527,#8529,.T.);
#8527 = VERTEX_POINT('',#8528);
#8528 = CARTESIAN_POINT('',(-1.25,1.15,5.551115123126E-17));
#8529 = LINE('',#8530,#8531);
#8530 = CARTESIAN_POINT('',(-1.089673570659,1.15,5.551115123126E-17));
#8531 = VECTOR('',#8532,1.);
#8532 = DIRECTION('',(-1.,1.144237745222E-17,0.));
#8533 = ORIENTED_EDGE('',*,*,#8534,.T.);
#8534 = EDGE_CURVE('',#8527,#8535,#8537,.T.);
#8535 = VERTEX_POINT('',#8536);
#8536 = CARTESIAN_POINT('',(-1.25,1.15,0.15));
#8537 = LINE('',#8538,#8539);
#8538 = CARTESIAN_POINT('',(-1.25,1.15,5.551115123126E-17));
#8539 = VECTOR('',#8540,1.);
#8540 = DIRECTION('',(0.,0.,1.));
#8541 = ORIENTED_EDGE('',*,*,#8542,.T.);
#8542 = EDGE_CURVE('',#8535,#8543,#8545,.T.);
#8543 = VERTEX_POINT('',#8544);
#8544 = CARTESIAN_POINT('',(-1.089673570659,1.15,0.15));
#8545 = LINE('',#8546,#8547);
#8546 = CARTESIAN_POINT('',(-1.25,1.15,0.15));
#8547 = VECTOR('',#8548,1.);
#8548 = DIRECTION('',(1.,-1.144237745222E-17,0.));
#8549 = ORIENTED_EDGE('',*,*,#8550,.T.);
#8550 = EDGE_CURVE('',#8543,#8551,#8553,.T.);
#8551 = VERTEX_POINT('',#8552);
#8552 = CARTESIAN_POINT('',(-0.991192795358,1.15,0.232635182233));
#8553 = CIRCLE('',#8554,0.1);
#8554 = AXIS2_PLACEMENT_3D('',#8555,#8556,#8557);
#8555 = CARTESIAN_POINT('',(-1.089673570659,1.15,0.25));
#8556 = DIRECTION('',(-1.144237745222E-17,-1.,1.280277572762E-47));
#8557 = DIRECTION('',(-2.22044604925E-15,2.540718180781E-32,-1.));
#8558 = ORIENTED_EDGE('',*,*,#8559,.T.);
#8559 = EDGE_CURVE('',#8551,#8560,#8562,.T.);
#8560 = VERTEX_POINT('',#8561);
#8561 = CARTESIAN_POINT('',(-0.946201938253,1.15,0.518412044417));
#8562 = LINE('',#8563,#8564);
#8563 = CARTESIAN_POINT('',(-0.991192795358,1.15,0.232635182233));
#8564 = VECTOR('',#8565,1.);
#8565 = DIRECTION('',(0.155518033909,-1.779496044609E-18,0.987833053268)
  );
#8566 = ORIENTED_EDGE('',*,*,#8567,.T.);
#8567 = EDGE_CURVE('',#8560,#7650,#8568,.T.);
#8568 = CIRCLE('',#8569,0.25);
#8569 = AXIS2_PLACEMENT_3D('',#8570,#8571,#8572);
#8570 = CARTESIAN_POINT('',(-0.7,1.15,0.475));
#8571 = DIRECTION('',(1.144237745222E-17,1.,1.092485064951E-34));
#8572 = DIRECTION('',(-0.984807753012,1.126854202784E-17,0.173648177667)
  );
#8573 = PLANE('',#8574);
#8574 = AXIS2_PLACEMENT_3D('',#8575,#8576,#8577);
#8575 = CARTESIAN_POINT('',(-0.931323080229,1.15,0.33452717391));
#8576 = DIRECTION('',(1.144237745222E-17,1.,0.));
#8577 = DIRECTION('',(0.,-0.,1.));
#8578 = ADVANCED_FACE('',(#8579),#8648,.F.);
#8579 = FACE_BOUND('',#8580,.F.);
#8580 = EDGE_LOOP('',(#8581,#8582,#8583,#8591,#8600,#8608,#8616,#8624,
    #8633,#8641));
#8581 = ORIENTED_EDGE('',*,*,#7833,.F.);
#8582 = ORIENTED_EDGE('',*,*,#7866,.T.);
#8583 = ORIENTED_EDGE('',*,*,#8584,.T.);
#8584 = EDGE_CURVE('',#7859,#8585,#8587,.T.);
#8585 = VERTEX_POINT('',#8586);
#8586 = CARTESIAN_POINT('',(0.843471632406,0.2,0.206587955583));
#8587 = LINE('',#8588,#8589);
#8588 = CARTESIAN_POINT('',(0.798480775301,0.2,0.492364817767));
#8589 = VECTOR('',#8590,1.);
#8590 = DIRECTION('',(0.155518033909,1.726597019897E-17,-0.987833053268)
  );
#8591 = ORIENTED_EDGE('',*,*,#8592,.T.);
#8592 = EDGE_CURVE('',#8585,#8593,#8595,.T.);
#8593 = VERTEX_POINT('',#8594);
#8594 = CARTESIAN_POINT('',(1.089673570659,0.2,5.551115123126E-17));
#8595 = CIRCLE('',#8596,0.25);
#8596 = AXIS2_PLACEMENT_3D('',#8597,#8598,#8599);
#8597 = CARTESIAN_POINT('',(1.089673570659,0.2,0.25));
#8598 = DIRECTION('',(1.110223024625E-16,-1.,-6.255634725081E-34));
#8599 = DIRECTION('',(-0.984807753012,-1.093356242223E-16,
    -0.173648177667));
#8600 = ORIENTED_EDGE('',*,*,#8601,.T.);
#8601 = EDGE_CURVE('',#8593,#8602,#8604,.T.);
#8602 = VERTEX_POINT('',#8603);
#8603 = CARTESIAN_POINT('',(1.25,0.2,5.551115123126E-17));
#8604 = LINE('',#8605,#8606);
#8605 = CARTESIAN_POINT('',(1.089673570659,0.2,5.551115123126E-17));
#8606 = VECTOR('',#8607,1.);
#8607 = DIRECTION('',(1.,1.110223024625E-16,0.));
#8608 = ORIENTED_EDGE('',*,*,#8609,.T.);
#8609 = EDGE_CURVE('',#8602,#8610,#8612,.T.);
#8610 = VERTEX_POINT('',#8611);
#8611 = CARTESIAN_POINT('',(1.25,0.2,0.15));
#8612 = LINE('',#8613,#8614);
#8613 = CARTESIAN_POINT('',(1.25,0.2,5.551115123126E-17));
#8614 = VECTOR('',#8615,1.);
#8615 = DIRECTION('',(0.,0.,1.));
#8616 = ORIENTED_EDGE('',*,*,#8617,.T.);
#8617 = EDGE_CURVE('',#8610,#8618,#8620,.T.);
#8618 = VERTEX_POINT('',#8619);
#8619 = CARTESIAN_POINT('',(1.089673570659,0.2,0.15));
#8620 = LINE('',#8621,#8622);
#8621 = CARTESIAN_POINT('',(1.25,0.2,0.15));
#8622 = VECTOR('',#8623,1.);
#8623 = DIRECTION('',(-1.,-1.110223024625E-16,0.));
#8624 = ORIENTED_EDGE('',*,*,#8625,.T.);
#8625 = EDGE_CURVE('',#8618,#8626,#8628,.T.);
#8626 = VERTEX_POINT('',#8627);
#8627 = CARTESIAN_POINT('',(0.991192795358,0.2,0.232635182233));
#8628 = CIRCLE('',#8629,0.1);
#8629 = AXIS2_PLACEMENT_3D('',#8630,#8631,#8632);
#8630 = CARTESIAN_POINT('',(1.089673570659,0.2,0.25));
#8631 = DIRECTION('',(-1.110223024625E-16,1.,-1.094764425744E-47));
#8632 = DIRECTION('',(2.22044604925E-15,2.465190328815E-31,-1.));
#8633 = ORIENTED_EDGE('',*,*,#8634,.T.);
#8634 = EDGE_CURVE('',#8626,#8635,#8637,.T.);
#8635 = VERTEX_POINT('',#8636);
#8636 = CARTESIAN_POINT('',(0.946201938253,0.2,0.518412044417));
#8637 = LINE('',#8638,#8639);
#8638 = CARTESIAN_POINT('',(0.991192795358,0.2,0.232635182233));
#8639 = VECTOR('',#8640,1.);
#8640 = DIRECTION('',(-0.155518033909,-1.726597019897E-17,0.987833053268
    ));
#8641 = ORIENTED_EDGE('',*,*,#8642,.T.);
#8642 = EDGE_CURVE('',#8635,#7594,#8643,.T.);
#8643 = CIRCLE('',#8644,0.25);
#8644 = AXIS2_PLACEMENT_3D('',#8645,#8646,#8647);
#8645 = CARTESIAN_POINT('',(0.7,0.2,0.475));
#8646 = DIRECTION('',(1.110223024625E-16,-1.,-6.255634725081E-34));
#8647 = DIRECTION('',(0.984807753012,1.093356242223E-16,0.173648177667)
  );
#8648 = PLANE('',#8649);
#8649 = AXIS2_PLACEMENT_3D('',#8650,#8651,#8652);
#8650 = CARTESIAN_POINT('',(0.931323080229,0.2,0.33452717391));
#8651 = DIRECTION('',(1.110223024625E-16,-1.,0.));
#8652 = DIRECTION('',(0.,0.,1.));
#8653 = ADVANCED_FACE('',(#8654),#8672,.F.);
#8654 = FACE_BOUND('',#8655,.F.);
#8655 = EDGE_LOOP('',(#8656,#8657,#8665,#8671));
#8656 = ORIENTED_EDGE('',*,*,#7858,.T.);
#8657 = ORIENTED_EDGE('',*,*,#8658,.T.);
#8658 = EDGE_CURVE('',#7850,#8659,#8661,.T.);
#8659 = VERTEX_POINT('',#8660);
#8660 = CARTESIAN_POINT('',(0.843471632406,-0.2,0.206587955583));
#8661 = LINE('',#8662,#8663);
#8662 = CARTESIAN_POINT('',(0.798480775301,-0.2,0.492364817767));
#8663 = VECTOR('',#8664,1.);
#8664 = DIRECTION('',(0.155518033909,1.726597019897E-17,-0.987833053268)
  );
#8665 = ORIENTED_EDGE('',*,*,#8666,.F.);
#8666 = EDGE_CURVE('',#8585,#8659,#8667,.T.);
#8667 = LINE('',#8668,#8669);
#8668 = CARTESIAN_POINT('',(0.843471632406,0.2,0.206587955583));
#8669 = VECTOR('',#8670,1.);
#8670 = DIRECTION('',(1.110223024625E-16,-1.,0.));
#8671 = ORIENTED_EDGE('',*,*,#8584,.F.);
#8672 = PLANE('',#8673);
#8673 = AXIS2_PLACEMENT_3D('',#8674,#8675,#8676);
#8674 = CARTESIAN_POINT('',(0.798480775301,0.2,0.492364817767));
#8675 = DIRECTION('',(0.987833053268,1.096715000224E-16,0.155518033909)
  );
#8676 = DIRECTION('',(0.155518033909,1.726597019897E-17,-0.987833053268)
  );
#8677 = ADVANCED_FACE('',(#8678),#8740,.T.);
#8678 = FACE_BOUND('',#8679,.T.);
#8679 = EDGE_LOOP('',(#8680,#8681,#8682,#8683,#8692,#8700,#8708,#8716,
    #8725,#8733));
#8680 = ORIENTED_EDGE('',*,*,#7881,.F.);
#8681 = ORIENTED_EDGE('',*,*,#7849,.T.);
#8682 = ORIENTED_EDGE('',*,*,#8658,.T.);
#8683 = ORIENTED_EDGE('',*,*,#8684,.T.);
#8684 = EDGE_CURVE('',#8659,#8685,#8687,.T.);
#8685 = VERTEX_POINT('',#8686);
#8686 = CARTESIAN_POINT('',(1.089673570659,-0.2,5.551115123126E-17));
#8687 = CIRCLE('',#8688,0.25);
#8688 = AXIS2_PLACEMENT_3D('',#8689,#8690,#8691);
#8689 = CARTESIAN_POINT('',(1.089673570659,-0.2,0.25));
#8690 = DIRECTION('',(1.110223024625E-16,-1.,-6.255634725081E-34));
#8691 = DIRECTION('',(-0.984807753012,-1.093356242223E-16,
    -0.173648177667));
#8692 = ORIENTED_EDGE('',*,*,#8693,.T.);
#8693 = EDGE_CURVE('',#8685,#8694,#8696,.T.);
#8694 = VERTEX_POINT('',#8695);
#8695 = CARTESIAN_POINT('',(1.25,-0.2,5.551115123126E-17));
#8696 = LINE('',#8697,#8698);
#8697 = CARTESIAN_POINT('',(1.089673570659,-0.2,5.551115123126E-17));
#8698 = VECTOR('',#8699,1.);
#8699 = DIRECTION('',(1.,1.110223024625E-16,0.));
#8700 = ORIENTED_EDGE('',*,*,#8701,.T.);
#8701 = EDGE_CURVE('',#8694,#8702,#8704,.T.);
#8702 = VERTEX_POINT('',#8703);
#8703 = CARTESIAN_POINT('',(1.25,-0.2,0.15));
#8704 = LINE('',#8705,#8706);
#8705 = CARTESIAN_POINT('',(1.25,-0.2,5.551115123126E-17));
#8706 = VECTOR('',#8707,1.);
#8707 = DIRECTION('',(0.,0.,1.));
#8708 = ORIENTED_EDGE('',*,*,#8709,.T.);
#8709 = EDGE_CURVE('',#8702,#8710,#8712,.T.);
#8710 = VERTEX_POINT('',#8711);
#8711 = CARTESIAN_POINT('',(1.089673570659,-0.2,0.15));
#8712 = LINE('',#8713,#8714);
#8713 = CARTESIAN_POINT('',(1.25,-0.2,0.15));
#8714 = VECTOR('',#8715,1.);
#8715 = DIRECTION('',(-1.,-1.110223024625E-16,0.));
#8716 = ORIENTED_EDGE('',*,*,#8717,.T.);
#8717 = EDGE_CURVE('',#8710,#8718,#8720,.T.);
#8718 = VERTEX_POINT('',#8719);
#8719 = CARTESIAN_POINT('',(0.991192795358,-0.2,0.232635182233));
#8720 = CIRCLE('',#8721,0.1);
#8721 = AXIS2_PLACEMENT_3D('',#8722,#8723,#8724);
#8722 = CARTESIAN_POINT('',(1.089673570659,-0.2,0.25));
#8723 = DIRECTION('',(-1.110223024625E-16,1.,-1.094764425744E-47));
#8724 = DIRECTION('',(2.22044604925E-15,2.465190328815E-31,-1.));
#8725 = ORIENTED_EDGE('',*,*,#8726,.T.);
#8726 = EDGE_CURVE('',#8718,#8727,#8729,.T.);
#8727 = VERTEX_POINT('',#8728);
#8728 = CARTESIAN_POINT('',(0.946201938253,-0.2,0.518412044417));
#8729 = LINE('',#8730,#8731);
#8730 = CARTESIAN_POINT('',(0.991192795358,-0.2,0.232635182233));
#8731 = VECTOR('',#8732,1.);
#8732 = DIRECTION('',(-0.155518033909,-1.726597019897E-17,0.987833053268
    ));
#8733 = ORIENTED_EDGE('',*,*,#8734,.T.);
#8734 = EDGE_CURVE('',#8727,#7882,#8735,.T.);
#8735 = CIRCLE('',#8736,0.25);
#8736 = AXIS2_PLACEMENT_3D('',#8737,#8738,#8739);
#8737 = CARTESIAN_POINT('',(0.7,-0.2,0.475));
#8738 = DIRECTION('',(1.110223024625E-16,-1.,-6.255634725081E-34));
#8739 = DIRECTION('',(0.984807753012,1.093356242223E-16,0.173648177667)
  );
#8740 = PLANE('',#8741);
#8741 = AXIS2_PLACEMENT_3D('',#8742,#8743,#8744);
#8742 = CARTESIAN_POINT('',(0.931323080229,-0.2,0.33452717391));
#8743 = DIRECTION('',(1.110223024625E-16,-1.,0.));
#8744 = DIRECTION('',(0.,0.,1.));
#8745 = ADVANCED_FACE('',(#8746),#8757,.T.);
#8746 = FACE_BOUND('',#8747,.T.);
#8747 = EDGE_LOOP('',(#8748,#8749,#8750,#8751));
#8748 = ORIENTED_EDGE('',*,*,#8475,.T.);
#8749 = ORIENTED_EDGE('',*,*,#7982,.T.);
#8750 = ORIENTED_EDGE('',*,*,#8567,.F.);
#8751 = ORIENTED_EDGE('',*,*,#8752,.F.);
#8752 = EDGE_CURVE('',#8468,#8560,#8753,.T.);
#8753 = LINE('',#8754,#8755);
#8754 = CARTESIAN_POINT('',(-0.946201938253,0.75,0.518412044417));
#8755 = VECTOR('',#8756,1.);
#8756 = DIRECTION('',(1.144237745222E-17,1.,0.));
#8757 = CYLINDRICAL_SURFACE('',#8758,0.25);
#8758 = AXIS2_PLACEMENT_3D('',#8759,#8760,#8761);
#8759 = CARTESIAN_POINT('',(-0.7,0.75,0.475));
#8760 = DIRECTION('',(-1.144237745222E-17,-1.,0.));
#8761 = DIRECTION('',(-0.984807753012,1.126854202784E-17,0.173648177667)
  );
#8762 = ADVANCED_FACE('',(#8763),#8774,.F.);
#8763 = FACE_BOUND('',#8764,.F.);
#8764 = EDGE_LOOP('',(#8765,#8766,#8772,#8773));
#8765 = ORIENTED_EDGE('',*,*,#8193,.F.);
#8766 = ORIENTED_EDGE('',*,*,#8767,.T.);
#8767 = EDGE_CURVE('',#7696,#7751,#8768,.T.);
#8768 = LINE('',#8769,#8770);
#8769 = CARTESIAN_POINT('',(-0.7,-1.15,0.725));
#8770 = VECTOR('',#8771,1.);
#8771 = DIRECTION('',(1.144237745222E-17,1.,0.));
#8772 = ORIENTED_EDGE('',*,*,#8401,.T.);
#8773 = ORIENTED_EDGE('',*,*,#8013,.F.);
#8774 = PLANE('',#8775);
#8775 = AXIS2_PLACEMENT_3D('',#8776,#8777,#8778);
#8776 = CARTESIAN_POINT('',(-0.7,-1.15,0.725));
#8777 = DIRECTION('',(0.,0.,-1.));
#8778 = DIRECTION('',(1.,-1.144237745222E-17,0.));
#8779 = ADVANCED_FACE('',(#8780,#8809),#8820,.T.);
#8780 = FACE_BOUND('',#8781,.T.);
#8781 = EDGE_LOOP('',(#8782,#8783,#8784,#8785,#8793,#8801,#8807,#8808));
#8782 = ORIENTED_EDGE('',*,*,#8088,.F.);
#8783 = ORIENTED_EDGE('',*,*,#8065,.F.);
#8784 = ORIENTED_EDGE('',*,*,#8036,.F.);
#8785 = ORIENTED_EDGE('',*,*,#8786,.F.);
#8786 = EDGE_CURVE('',#8787,#8037,#8789,.T.);
#8787 = VERTEX_POINT('',#8788);
#8788 = CARTESIAN_POINT('',(-0.559121551758,-1.408243103516,1.2));
#8789 = LINE('',#8790,#8791);
#8790 = CARTESIAN_POINT('',(-0.559121551758,-1.408243103516,1.2));
#8791 = VECTOR('',#8792,1.);
#8792 = DIRECTION('',(-0.707106781187,0.707106781187,0.));
#8793 = ORIENTED_EDGE('',*,*,#8794,.F.);
#8794 = EDGE_CURVE('',#8795,#8787,#8797,.T.);
#8795 = VERTEX_POINT('',#8796);
#8796 = CARTESIAN_POINT('',(0.559121551758,-1.408243103516,1.2));
#8797 = LINE('',#8798,#8799);
#8798 = CARTESIAN_POINT('',(0.559121551758,-1.408243103516,1.2));
#8799 = VECTOR('',#8800,1.);
#8800 = DIRECTION('',(-1.,-1.110223024625E-16,0.));
#8801 = ORIENTED_EDGE('',*,*,#8802,.F.);
#8802 = EDGE_CURVE('',#8144,#8795,#8803,.T.);
#8803 = LINE('',#8804,#8805);
#8804 = CARTESIAN_POINT('',(0.608243103516,-1.359121551758,1.2));
#8805 = VECTOR('',#8806,1.);
#8806 = DIRECTION('',(-0.707106781187,-0.707106781187,0.));
#8807 = ORIENTED_EDGE('',*,*,#8150,.F.);
#8808 = ORIENTED_EDGE('',*,*,#8111,.F.);
#8809 = FACE_BOUND('',#8810,.T.);
#8810 = EDGE_LOOP('',(#8811));
#8811 = ORIENTED_EDGE('',*,*,#8812,.T.);
#8812 = EDGE_CURVE('',#8813,#8813,#8815,.T.);
#8813 = VERTEX_POINT('',#8814);
#8814 = CARTESIAN_POINT('',(-0.428243103516,1.178243103516,1.2));
#8815 = CIRCLE('',#8816,5.E-02);
#8816 = AXIS2_PLACEMENT_3D('',#8817,#8818,#8819);
#8817 = CARTESIAN_POINT('',(-0.428243103516,1.228243103516,1.2));
#8818 = DIRECTION('',(0.,-0.,-1.));
#8819 = DIRECTION('',(1.110223024625E-16,-1.,0.));
#8820 = PLANE('',#8821);
#8821 = AXIS2_PLACEMENT_3D('',#8822,#8823,#8824);
#8822 = CARTESIAN_POINT('',(-0.559121551758,1.408243103516,1.2));
#8823 = DIRECTION('',(0.,0.,1.));
#8824 = DIRECTION('',(0.369013679242,-0.929423963825,0.));
#8825 = ADVANCED_FACE('',(#8826),#8836,.F.);
#8826 = FACE_BOUND('',#8827,.F.);
#8827 = EDGE_LOOP('',(#8828,#8829,#8830,#8831));
#8828 = ORIENTED_EDGE('',*,*,#8200,.T.);
#8829 = ORIENTED_EDGE('',*,*,#8044,.T.);
#8830 = ORIENTED_EDGE('',*,*,#8786,.F.);
#8831 = ORIENTED_EDGE('',*,*,#8832,.F.);
#8832 = EDGE_CURVE('',#8201,#8787,#8833,.T.);
#8833 = B_SPLINE_CURVE_WITH_KNOTS('',1,(#8834,#8835),.UNSPECIFIED.,.F.,
  .F.,(2,2),(0.,1.),.PIECEWISE_BEZIER_KNOTS.);
#8834 = CARTESIAN_POINT('',(-0.5925,-1.475,0.725));
#8835 = CARTESIAN_POINT('',(-0.559121551758,-1.408243103516,1.2));
#8836 = B_SPLINE_SURFACE_WITH_KNOTS('',1,1,(
    (#8837,#8838)
    ,(#8839,#8840
    )),.UNSPECIFIED.,.F.,.F.,.F.,(2,2),(2,2),(0.,0.116672618896),(0.,1.)
  ,.PIECEWISE_BEZIER_KNOTS.);
#8837 = CARTESIAN_POINT('',(-0.5925,-1.475,0.725));
#8838 = CARTESIAN_POINT('',(-0.559121551758,-1.408243103516,1.2));
#8839 = CARTESIAN_POINT('',(-0.675,-1.3925,0.725));
#8840 = CARTESIAN_POINT('',(-0.608243103516,-1.359121551758,1.2));
#8841 = ADVANCED_FACE('',(#8842),#8852,.F.);
#8842 = FACE_BOUND('',#8843,.F.);
#8843 = EDGE_LOOP('',(#8844,#8845,#8850,#8851));
#8844 = ORIENTED_EDGE('',*,*,#8216,.T.);
#8845 = ORIENTED_EDGE('',*,*,#8846,.T.);
#8846 = EDGE_CURVE('',#8209,#8795,#8847,.T.);
#8847 = B_SPLINE_CURVE_WITH_KNOTS('',1,(#8848,#8849),.UNSPECIFIED.,.F.,
  .F.,(2,2),(0.,1.),.PIECEWISE_BEZIER_KNOTS.);
#8848 = CARTESIAN_POINT('',(0.5925,-1.475,0.725));
#8849 = CARTESIAN_POINT('',(0.559121551758,-1.408243103516,1.2));
#8850 = ORIENTED_EDGE('',*,*,#8802,.F.);
#8851 = ORIENTED_EDGE('',*,*,#8143,.F.);
#8852 = B_SPLINE_SURFACE_WITH_KNOTS('',1,1,(
    (#8853,#8854)
    ,(#8855,#8856
    )),.UNSPECIFIED.,.F.,.F.,.F.,(2,2),(2,2),(0.,0.116672618896),(0.,1.)
  ,.PIECEWISE_BEZIER_KNOTS.);
#8853 = CARTESIAN_POINT('',(0.675,-1.3925,0.725));
#8854 = CARTESIAN_POINT('',(0.608243103516,-1.359121551758,1.2));
#8855 = CARTESIAN_POINT('',(0.5925,-1.475,0.725));
#8856 = CARTESIAN_POINT('',(0.559121551758,-1.408243103516,1.2));
#8857 = ADVANCED_FACE('',(#8858),#8869,.T.);
#8858 = FACE_BOUND('',#8859,.T.);
#8859 = EDGE_LOOP('',(#8860,#8861,#8862,#8863));
#8860 = ORIENTED_EDGE('',*,*,#8642,.T.);
#8861 = ORIENTED_EDGE('',*,*,#8166,.T.);
#8862 = ORIENTED_EDGE('',*,*,#8734,.F.);
#8863 = ORIENTED_EDGE('',*,*,#8864,.F.);
#8864 = EDGE_CURVE('',#8635,#8727,#8865,.T.);
#8865 = LINE('',#8866,#8867);
#8866 = CARTESIAN_POINT('',(0.946201938253,0.2,0.518412044417));
#8867 = VECTOR('',#8868,1.);
#8868 = DIRECTION('',(1.110223024625E-16,-1.,0.));
#8869 = CYLINDRICAL_SURFACE('',#8870,0.25);
#8870 = AXIS2_PLACEMENT_3D('',#8871,#8872,#8873);
#8871 = CARTESIAN_POINT('',(0.7,0.2,0.475));
#8872 = DIRECTION('',(-1.110223024625E-16,1.,0.));
#8873 = DIRECTION('',(0.984807753012,1.093356242223E-16,0.173648177667)
  );
#8874 = ADVANCED_FACE('',(#8875),#8881,.F.);
#8875 = FACE_BOUND('',#8876,.F.);
#8876 = EDGE_LOOP('',(#8877,#8878,#8879,#8880));
#8877 = ORIENTED_EDGE('',*,*,#8208,.T.);
#8878 = ORIENTED_EDGE('',*,*,#8832,.T.);
#8879 = ORIENTED_EDGE('',*,*,#8794,.F.);
#8880 = ORIENTED_EDGE('',*,*,#8846,.F.);
#8881 = B_SPLINE_SURFACE_WITH_KNOTS('',1,1,(
    (#8882,#8883)
    ,(#8884,#8885
    )),.UNSPECIFIED.,.F.,.F.,.F.,(2,2),(2,2),(0.,1.185),(0.,1.),
  .PIECEWISE_BEZIER_KNOTS.);
#8882 = CARTESIAN_POINT('',(0.5925,-1.475,0.725));
#8883 = CARTESIAN_POINT('',(0.559121551758,-1.408243103516,1.2));
#8884 = CARTESIAN_POINT('',(-0.5925,-1.475,0.725));
#8885 = CARTESIAN_POINT('',(-0.559121551758,-1.408243103516,1.2));
#8886 = ADVANCED_FACE('',(#8887),#8898,.T.);
#8887 = FACE_BOUND('',#8888,.T.);
#8888 = EDGE_LOOP('',(#8889,#8890,#8891,#8892));
#8889 = ORIENTED_EDGE('',*,*,#8291,.T.);
#8890 = ORIENTED_EDGE('',*,*,#8767,.T.);
#8891 = ORIENTED_EDGE('',*,*,#8383,.F.);
#8892 = ORIENTED_EDGE('',*,*,#8893,.F.);
#8893 = EDGE_CURVE('',#8284,#8376,#8894,.T.);
#8894 = LINE('',#8895,#8896);
#8895 = CARTESIAN_POINT('',(-0.946201938253,-1.15,0.518412044417));
#8896 = VECTOR('',#8897,1.);
#8897 = DIRECTION('',(1.144237745222E-17,1.,0.));
#8898 = CYLINDRICAL_SURFACE('',#8899,0.25);
#8899 = AXIS2_PLACEMENT_3D('',#8900,#8901,#8902);
#8900 = CARTESIAN_POINT('',(-0.7,-1.15,0.475));
#8901 = DIRECTION('',(-1.144237745222E-17,-1.,0.));
#8902 = DIRECTION('',(-0.984807753012,1.126854202784E-17,0.173648177667)
  );
#8903 = ADVANCED_FACE('',(#8904),#8915,.F.);
#8904 = FACE_BOUND('',#8905,.F.);
#8905 = EDGE_LOOP('',(#8906,#8912,#8913,#8914));
#8906 = ORIENTED_EDGE('',*,*,#8907,.T.);
#8907 = EDGE_CURVE('',#8275,#8367,#8908,.T.);
#8908 = LINE('',#8909,#8910);
#8909 = CARTESIAN_POINT('',(-0.991192795358,-1.15,0.232635182233));
#8910 = VECTOR('',#8911,1.);
#8911 = DIRECTION('',(1.144237745222E-17,1.,0.));
#8912 = ORIENTED_EDGE('',*,*,#8375,.T.);
#8913 = ORIENTED_EDGE('',*,*,#8893,.F.);
#8914 = ORIENTED_EDGE('',*,*,#8283,.F.);
#8915 = PLANE('',#8916);
#8916 = AXIS2_PLACEMENT_3D('',#8917,#8918,#8919);
#8917 = CARTESIAN_POINT('',(-0.991192795358,-1.15,0.232635182233));
#8918 = DIRECTION('',(0.987833053268,-1.130315865527E-17,-0.155518033909
    ));
#8919 = DIRECTION('',(0.155518033909,-1.779496044609E-18,0.987833053268)
  );
#8920 = ADVANCED_FACE('',(#8921),#8932,.F.);
#8921 = FACE_BOUND('',#8922,.F.);
#8922 = EDGE_LOOP('',(#8923,#8929,#8930,#8931));
#8923 = ORIENTED_EDGE('',*,*,#8924,.T.);
#8924 = EDGE_CURVE('',#8267,#8359,#8925,.T.);
#8925 = LINE('',#8926,#8927);
#8926 = CARTESIAN_POINT('',(-1.089673570659,-1.15,0.15));
#8927 = VECTOR('',#8928,1.);
#8928 = DIRECTION('',(1.144237745222E-17,1.,0.));
#8929 = ORIENTED_EDGE('',*,*,#8366,.T.);
#8930 = ORIENTED_EDGE('',*,*,#8907,.F.);
#8931 = ORIENTED_EDGE('',*,*,#8274,.F.);
#8932 = CYLINDRICAL_SURFACE('',#8933,0.1);
#8933 = AXIS2_PLACEMENT_3D('',#8934,#8935,#8936);
#8934 = CARTESIAN_POINT('',(-1.089673570659,-1.15,0.25));
#8935 = DIRECTION('',(-1.144237745222E-17,-1.,0.));
#8936 = DIRECTION('',(-2.22044604925E-15,2.540718180781E-32,-1.));
#8937 = ADVANCED_FACE('',(#8938),#8949,.F.);
#8938 = FACE_BOUND('',#8939,.F.);
#8939 = EDGE_LOOP('',(#8940,#8946,#8947,#8948));
#8940 = ORIENTED_EDGE('',*,*,#8941,.T.);
#8941 = EDGE_CURVE('',#8259,#8351,#8942,.T.);
#8942 = LINE('',#8943,#8944);
#8943 = CARTESIAN_POINT('',(-1.25,-1.15,0.15));
#8944 = VECTOR('',#8945,1.);
#8945 = DIRECTION('',(1.144237745222E-17,1.,0.));
#8946 = ORIENTED_EDGE('',*,*,#8358,.T.);
#8947 = ORIENTED_EDGE('',*,*,#8924,.F.);
#8948 = ORIENTED_EDGE('',*,*,#8266,.F.);
#8949 = PLANE('',#8950);
#8950 = AXIS2_PLACEMENT_3D('',#8951,#8952,#8953);
#8951 = CARTESIAN_POINT('',(-1.25,-1.15,0.15));
#8952 = DIRECTION('',(0.,0.,-1.));
#8953 = DIRECTION('',(1.,-1.144237745222E-17,0.));
#8954 = ADVANCED_FACE('',(#8955),#8966,.F.);
#8955 = FACE_BOUND('',#8956,.F.);
#8956 = EDGE_LOOP('',(#8957,#8963,#8964,#8965));
#8957 = ORIENTED_EDGE('',*,*,#8958,.T.);
#8958 = EDGE_CURVE('',#8251,#8343,#8959,.T.);
#8959 = LINE('',#8960,#8961);
#8960 = CARTESIAN_POINT('',(-1.25,-1.15,5.551115123126E-17));
#8961 = VECTOR('',#8962,1.);
#8962 = DIRECTION('',(1.144237745222E-17,1.,0.));
#8963 = ORIENTED_EDGE('',*,*,#8350,.T.);
#8964 = ORIENTED_EDGE('',*,*,#8941,.F.);
#8965 = ORIENTED_EDGE('',*,*,#8258,.F.);
#8966 = PLANE('',#8967);
#8967 = AXIS2_PLACEMENT_3D('',#8968,#8969,#8970);
#8968 = CARTESIAN_POINT('',(-1.25,-1.15,5.551115123126E-17));
#8969 = DIRECTION('',(1.,-1.144237745222E-17,0.));
#8970 = DIRECTION('',(0.,0.,1.));
#8971 = ADVANCED_FACE('',(#8972),#8983,.F.);
#8972 = FACE_BOUND('',#8973,.F.);
#8973 = EDGE_LOOP('',(#8974,#8980,#8981,#8982));
#8974 = ORIENTED_EDGE('',*,*,#8975,.T.);
#8975 = EDGE_CURVE('',#8242,#8334,#8976,.T.);
#8976 = LINE('',#8977,#8978);
#8977 = CARTESIAN_POINT('',(-1.089673570659,-1.15,5.551115123126E-17));
#8978 = VECTOR('',#8979,1.);
#8979 = DIRECTION('',(1.144237745222E-17,1.,0.));
#8980 = ORIENTED_EDGE('',*,*,#8342,.T.);
#8981 = ORIENTED_EDGE('',*,*,#8958,.F.);
#8982 = ORIENTED_EDGE('',*,*,#8250,.F.);
#8983 = PLANE('',#8984);
#8984 = AXIS2_PLACEMENT_3D('',#8985,#8986,#8987);
#8985 = CARTESIAN_POINT('',(-1.089673570659,-1.15,5.551115123126E-17));
#8986 = DIRECTION('',(0.,0.,1.));
#8987 = DIRECTION('',(-1.,1.144237745222E-17,0.));
#8988 = ADVANCED_FACE('',(#8989),#8995,.T.);
#8989 = FACE_BOUND('',#8990,.T.);
#8990 = EDGE_LOOP('',(#8991,#8992,#8993,#8994));
#8991 = ORIENTED_EDGE('',*,*,#8241,.T.);
#8992 = ORIENTED_EDGE('',*,*,#8975,.T.);
#8993 = ORIENTED_EDGE('',*,*,#8333,.F.);
#8994 = ORIENTED_EDGE('',*,*,#8315,.F.);
#8995 = CYLINDRICAL_SURFACE('',#8996,0.25);
#8996 = AXIS2_PLACEMENT_3D('',#8997,#8998,#8999);
#8997 = CARTESIAN_POINT('',(-1.089673570659,-1.15,0.25));
#8998 = DIRECTION('',(-1.144237745222E-17,-1.,0.));
#8999 = DIRECTION('',(0.984807753012,-1.126854202784E-17,-0.173648177667
    ));
#9000 = ADVANCED_FACE('',(#9001),#9012,.F.);
#9001 = FACE_BOUND('',#9002,.F.);
#9002 = EDGE_LOOP('',(#9003,#9009,#9010,#9011));
#9003 = ORIENTED_EDGE('',*,*,#9004,.T.);
#9004 = EDGE_CURVE('',#8459,#8551,#9005,.T.);
#9005 = LINE('',#9006,#9007);
#9006 = CARTESIAN_POINT('',(-0.991192795358,0.75,0.232635182233));
#9007 = VECTOR('',#9008,1.);
#9008 = DIRECTION('',(1.144237745222E-17,1.,0.));
#9009 = ORIENTED_EDGE('',*,*,#8559,.T.);
#9010 = ORIENTED_EDGE('',*,*,#8752,.F.);
#9011 = ORIENTED_EDGE('',*,*,#8467,.F.);
#9012 = PLANE('',#9013);
#9013 = AXIS2_PLACEMENT_3D('',#9014,#9015,#9016);
#9014 = CARTESIAN_POINT('',(-0.991192795358,0.75,0.232635182233));
#9015 = DIRECTION('',(0.987833053268,-1.130315865527E-17,-0.155518033909
    ));
#9016 = DIRECTION('',(0.155518033909,-1.779496044609E-18,0.987833053268)
  );
#9017 = ADVANCED_FACE('',(#9018),#9029,.F.);
#9018 = FACE_BOUND('',#9019,.F.);
#9019 = EDGE_LOOP('',(#9020,#9026,#9027,#9028));
#9020 = ORIENTED_EDGE('',*,*,#9021,.T.);
#9021 = EDGE_CURVE('',#8451,#8543,#9022,.T.);
#9022 = LINE('',#9023,#9024);
#9023 = CARTESIAN_POINT('',(-1.089673570659,0.75,0.15));
#9024 = VECTOR('',#9025,1.);
#9025 = DIRECTION('',(1.144237745222E-17,1.,0.));
#9026 = ORIENTED_EDGE('',*,*,#8550,.T.);
#9027 = ORIENTED_EDGE('',*,*,#9004,.F.);
#9028 = ORIENTED_EDGE('',*,*,#8458,.F.);
#9029 = CYLINDRICAL_SURFACE('',#9030,0.1);
#9030 = AXIS2_PLACEMENT_3D('',#9031,#9032,#9033);
#9031 = CARTESIAN_POINT('',(-1.089673570659,0.75,0.25));
#9032 = DIRECTION('',(-1.144237745222E-17,-1.,0.));
#9033 = DIRECTION('',(-2.22044604925E-15,2.540718180781E-32,-1.));
#9034 = ADVANCED_FACE('',(#9035),#9046,.F.);
#9035 = FACE_BOUND('',#9036,.F.);
#9036 = EDGE_LOOP('',(#9037,#9043,#9044,#9045));
#9037 = ORIENTED_EDGE('',*,*,#9038,.T.);
#9038 = EDGE_CURVE('',#8443,#8535,#9039,.T.);
#9039 = LINE('',#9040,#9041);
#9040 = CARTESIAN_POINT('',(-1.25,0.75,0.15));
#9041 = VECTOR('',#9042,1.);
#9042 = DIRECTION('',(1.144237745222E-17,1.,0.));
#9043 = ORIENTED_EDGE('',*,*,#8542,.T.);
#9044 = ORIENTED_EDGE('',*,*,#9021,.F.);
#9045 = ORIENTED_EDGE('',*,*,#8450,.F.);
#9046 = PLANE('',#9047);
#9047 = AXIS2_PLACEMENT_3D('',#9048,#9049,#9050);
#9048 = CARTESIAN_POINT('',(-1.25,0.75,0.15));
#9049 = DIRECTION('',(0.,0.,-1.));
#9050 = DIRECTION('',(1.,-1.144237745222E-17,0.));
#9051 = ADVANCED_FACE('',(#9052),#9063,.F.);
#9052 = FACE_BOUND('',#9053,.F.);
#9053 = EDGE_LOOP('',(#9054,#9060,#9061,#9062));
#9054 = ORIENTED_EDGE('',*,*,#9055,.T.);
#9055 = EDGE_CURVE('',#8435,#8527,#9056,.T.);
#9056 = LINE('',#9057,#9058);
#9057 = CARTESIAN_POINT('',(-1.25,0.75,5.551115123126E-17));
#9058 = VECTOR('',#9059,1.);
#9059 = DIRECTION('',(1.144237745222E-17,1.,0.));
#9060 = ORIENTED_EDGE('',*,*,#8534,.T.);
#9061 = ORIENTED_EDGE('',*,*,#9038,.F.);
#9062 = ORIENTED_EDGE('',*,*,#8442,.F.);
#9063 = PLANE('',#9064);
#9064 = AXIS2_PLACEMENT_3D('',#9065,#9066,#9067);
#9065 = CARTESIAN_POINT('',(-1.25,0.75,5.551115123126E-17));
#9066 = DIRECTION('',(1.,-1.144237745222E-17,0.));
#9067 = DIRECTION('',(0.,0.,1.));
#9068 = ADVANCED_FACE('',(#9069),#9080,.F.);
#9069 = FACE_BOUND('',#9070,.F.);
#9070 = EDGE_LOOP('',(#9071,#9077,#9078,#9079));
#9071 = ORIENTED_EDGE('',*,*,#9072,.T.);
#9072 = EDGE_CURVE('',#8426,#8518,#9073,.T.);
#9073 = LINE('',#9074,#9075);
#9074 = CARTESIAN_POINT('',(-1.089673570659,0.75,5.551115123126E-17));
#9075 = VECTOR('',#9076,1.);
#9076 = DIRECTION('',(1.144237745222E-17,1.,0.));
#9077 = ORIENTED_EDGE('',*,*,#8526,.T.);
#9078 = ORIENTED_EDGE('',*,*,#9055,.F.);
#9079 = ORIENTED_EDGE('',*,*,#8434,.F.);
#9080 = PLANE('',#9081);
#9081 = AXIS2_PLACEMENT_3D('',#9082,#9083,#9084);
#9082 = CARTESIAN_POINT('',(-1.089673570659,0.75,5.551115123126E-17));
#9083 = DIRECTION('',(0.,0.,1.));
#9084 = DIRECTION('',(-1.,1.144237745222E-17,0.));
#9085 = ADVANCED_FACE('',(#9086),#9092,.T.);
#9086 = FACE_BOUND('',#9087,.T.);
#9087 = EDGE_LOOP('',(#9088,#9089,#9090,#9091));
#9088 = ORIENTED_EDGE('',*,*,#8425,.T.);
#9089 = ORIENTED_EDGE('',*,*,#9072,.T.);
#9090 = ORIENTED_EDGE('',*,*,#8517,.F.);
#9091 = ORIENTED_EDGE('',*,*,#8499,.F.);
#9092 = CYLINDRICAL_SURFACE('',#9093,0.25);
#9093 = AXIS2_PLACEMENT_3D('',#9094,#9095,#9096);
#9094 = CARTESIAN_POINT('',(-1.089673570659,0.75,0.25));
#9095 = DIRECTION('',(-1.144237745222E-17,-1.,0.));
#9096 = DIRECTION('',(0.984807753012,-1.126854202784E-17,-0.173648177667
    ));
#9097 = ADVANCED_FACE('',(#9098),#9109,.F.);
#9098 = FACE_BOUND('',#9099,.F.);
#9099 = EDGE_LOOP('',(#9100,#9106,#9107,#9108));
#9100 = ORIENTED_EDGE('',*,*,#9101,.T.);
#9101 = EDGE_CURVE('',#8626,#8718,#9102,.T.);
#9102 = LINE('',#9103,#9104);
#9103 = CARTESIAN_POINT('',(0.991192795358,0.2,0.232635182233));
#9104 = VECTOR('',#9105,1.);
#9105 = DIRECTION('',(1.110223024625E-16,-1.,0.));
#9106 = ORIENTED_EDGE('',*,*,#8726,.T.);
#9107 = ORIENTED_EDGE('',*,*,#8864,.F.);
#9108 = ORIENTED_EDGE('',*,*,#8634,.F.);
#9109 = PLANE('',#9110);
#9110 = AXIS2_PLACEMENT_3D('',#9111,#9112,#9113);
#9111 = CARTESIAN_POINT('',(0.991192795358,0.2,0.232635182233));
#9112 = DIRECTION('',(-0.987833053268,-1.096715000224E-16,
    -0.155518033909));
#9113 = DIRECTION('',(-0.155518033909,-1.726597019897E-17,0.987833053268
    ));
#9114 = ADVANCED_FACE('',(#9115),#9126,.F.);
#9115 = FACE_BOUND('',#9116,.F.);
#9116 = EDGE_LOOP('',(#9117,#9123,#9124,#9125));
#9117 = ORIENTED_EDGE('',*,*,#9118,.T.);
#9118 = EDGE_CURVE('',#8618,#8710,#9119,.T.);
#9119 = LINE('',#9120,#9121);
#9120 = CARTESIAN_POINT('',(1.089673570659,0.2,0.15));
#9121 = VECTOR('',#9122,1.);
#9122 = DIRECTION('',(1.110223024625E-16,-1.,0.));
#9123 = ORIENTED_EDGE('',*,*,#8717,.T.);
#9124 = ORIENTED_EDGE('',*,*,#9101,.F.);
#9125 = ORIENTED_EDGE('',*,*,#8625,.F.);
#9126 = CYLINDRICAL_SURFACE('',#9127,0.1);
#9127 = AXIS2_PLACEMENT_3D('',#9128,#9129,#9130);
#9128 = CARTESIAN_POINT('',(1.089673570659,0.2,0.25));
#9129 = DIRECTION('',(-1.110223024625E-16,1.,0.));
#9130 = DIRECTION('',(2.22044604925E-15,2.465190328815E-31,-1.));
#9131 = ADVANCED_FACE('',(#9132),#9143,.F.);
#9132 = FACE_BOUND('',#9133,.F.);
#9133 = EDGE_LOOP('',(#9134,#9140,#9141,#9142));
#9134 = ORIENTED_EDGE('',*,*,#9135,.T.);
#9135 = EDGE_CURVE('',#8610,#8702,#9136,.T.);
#9136 = LINE('',#9137,#9138);
#9137 = CARTESIAN_POINT('',(1.25,0.2,0.15));
#9138 = VECTOR('',#9139,1.);
#9139 = DIRECTION('',(1.110223024625E-16,-1.,0.));
#9140 = ORIENTED_EDGE('',*,*,#8709,.T.);
#9141 = ORIENTED_EDGE('',*,*,#9118,.F.);
#9142 = ORIENTED_EDGE('',*,*,#8617,.F.);
#9143 = PLANE('',#9144);
#9144 = AXIS2_PLACEMENT_3D('',#9145,#9146,#9147);
#9145 = CARTESIAN_POINT('',(1.25,0.2,0.15));
#9146 = DIRECTION('',(0.,0.,-1.));
#9147 = DIRECTION('',(-1.,-1.110223024625E-16,-0.));
#9148 = ADVANCED_FACE('',(#9149),#9160,.F.);
#9149 = FACE_BOUND('',#9150,.F.);
#9150 = EDGE_LOOP('',(#9151,#9157,#9158,#9159));
#9151 = ORIENTED_EDGE('',*,*,#9152,.T.);
#9152 = EDGE_CURVE('',#8602,#8694,#9153,.T.);
#9153 = LINE('',#9154,#9155);
#9154 = CARTESIAN_POINT('',(1.25,0.2,5.551115123126E-17));
#9155 = VECTOR('',#9156,1.);
#9156 = DIRECTION('',(1.110223024625E-16,-1.,0.));
#9157 = ORIENTED_EDGE('',*,*,#8701,.T.);
#9158 = ORIENTED_EDGE('',*,*,#9135,.F.);
#9159 = ORIENTED_EDGE('',*,*,#8609,.F.);
#9160 = PLANE('',#9161);
#9161 = AXIS2_PLACEMENT_3D('',#9162,#9163,#9164);
#9162 = CARTESIAN_POINT('',(1.25,0.2,5.551115123126E-17));
#9163 = DIRECTION('',(-1.,-1.110223024625E-16,0.));
#9164 = DIRECTION('',(0.,0.,1.));
#9165 = ADVANCED_FACE('',(#9166),#9177,.F.);
#9166 = FACE_BOUND('',#9167,.F.);
#9167 = EDGE_LOOP('',(#9168,#9174,#9175,#9176));
#9168 = ORIENTED_EDGE('',*,*,#9169,.T.);
#9169 = EDGE_CURVE('',#8593,#8685,#9170,.T.);
#9170 = LINE('',#9171,#9172);
#9171 = CARTESIAN_POINT('',(1.089673570659,0.2,5.551115123126E-17));
#9172 = VECTOR('',#9173,1.);
#9173 = DIRECTION('',(1.110223024625E-16,-1.,0.));
#9174 = ORIENTED_EDGE('',*,*,#8693,.T.);
#9175 = ORIENTED_EDGE('',*,*,#9152,.F.);
#9176 = ORIENTED_EDGE('',*,*,#8601,.F.);
#9177 = PLANE('',#9178);
#9178 = AXIS2_PLACEMENT_3D('',#9179,#9180,#9181);
#9179 = CARTESIAN_POINT('',(1.089673570659,0.2,5.551115123126E-17));
#9180 = DIRECTION('',(0.,0.,1.));
#9181 = DIRECTION('',(1.,1.110223024625E-16,-0.));
#9182 = ADVANCED_FACE('',(#9183),#9189,.T.);
#9183 = FACE_BOUND('',#9184,.T.);
#9184 = EDGE_LOOP('',(#9185,#9186,#9187,#9188));
#9185 = ORIENTED_EDGE('',*,*,#8592,.T.);
#9186 = ORIENTED_EDGE('',*,*,#9169,.T.);
#9187 = ORIENTED_EDGE('',*,*,#8684,.F.);
#9188 = ORIENTED_EDGE('',*,*,#8666,.F.);
#9189 = CYLINDRICAL_SURFACE('',#9190,0.25);
#9190 = AXIS2_PLACEMENT_3D('',#9191,#9192,#9193);
#9191 = CARTESIAN_POINT('',(1.089673570659,0.2,0.25));
#9192 = DIRECTION('',(-1.110223024625E-16,1.,0.));
#9193 = DIRECTION('',(-0.984807753012,-1.093356242223E-16,
    -0.173648177667));
#9194 = ADVANCED_FACE('',(#9195),#9198,.F.);
#9195 = FACE_BOUND('',#9196,.T.);
#9196 = EDGE_LOOP('',(#9197));
#9197 = ORIENTED_EDGE('',*,*,#8812,.F.);
#9198 = PLANE('',#9199);
#9199 = AXIS2_PLACEMENT_3D('',#9200,#9201,#9202);
#9200 = CARTESIAN_POINT('',(-0.428243103516,1.228243103516,1.2));
#9201 = DIRECTION('',(0.,0.,-1.));
#9202 = DIRECTION('',(1.110223024625E-16,-1.,0.));
#9203 = ( GEOMETRIC_REPRESENTATION_CONTEXT(3) 
GLOBAL_UNCERTAINTY_ASSIGNED_CONTEXT((#9207)) 
GLOBAL_UNIT_ASSIGNED_CONTEXT((#9204,#9205,#9206)) REPRESENTATION_CONTEXT
('Context #1','3D Context with UNIT and UNCERTAINTY') );
#9204 = ( LENGTH_UNIT() NAMED_UNIT(*) SI_UNIT(.MILLI.,.METRE.) );
#9205 = ( NAMED_UNIT(*) PLANE_ANGLE_UNIT() SI_UNIT($,.RADIAN.) );
#9206 = ( NAMED_UNIT(*) SI_UNIT($,.STERADIAN.) SOLID_ANGLE_UNIT() );
#9207 = UNCERTAINTY_MEASURE_WITH_UNIT(LENGTH_MEASURE(1.E-07),#9204,
  'distance_accuracy_value','confusion accuracy');
#9208 = CONTEXT_DEPENDENT_SHAPE_REPRESENTATION(#9209,#9211);
#9209 = ( REPRESENTATION_RELATIONSHIP('','',#7220,#7197) 
REPRESENTATION_RELATIONSHIP_WITH_TRANSFORMATION(#9210) 
SHAPE_REPRESENTATION_RELATIONSHIP() );
#9210 = ITEM_DEFINED_TRANSFORMATION('','',#11,#7198);
#9211 = PRODUCT_DEFINITION_SHAPE('Placement','Placement of an item',
  #9212);
#9212 = NEXT_ASSEMBLY_USAGE_OCCURRENCE('15','=>[0:1:1:17]','',#7192,
  #7215,$);
#9213 = PRODUCT_RELATED_PRODUCT_CATEGORY('part',$,(#7217));
#9214 = CONTEXT_DEPENDENT_SHAPE_REPRESENTATION(#9215,#9217);
#9215 = ( REPRESENTATION_RELATIONSHIP('','',#4779,#10) 
REPRESENTATION_RELATIONSHIP_WITH_TRANSFORMATION(#9216) 
SHAPE_REPRESENTATION_RELATIONSHIP() );
#9216 = ITEM_DEFINED_TRANSFORMATION('','',#11,#47);
#9217 = PRODUCT_DEFINITION_SHAPE('Placement','Placement of an item',
  #9218);
#9218 = NEXT_ASSEMBLY_USAGE_OCCURRENCE('17','R3','',#5,#4774,$);
#9219 = SHAPE_DEFINITION_REPRESENTATION(#9220,#9226);
#9220 = PRODUCT_DEFINITION_SHAPE('','',#9221);
#9221 = PRODUCT_DEFINITION('design','',#9222,#9225);
#9222 = PRODUCT_DEFINITION_FORMATION('','',#9223);
#9223 = PRODUCT('JST_PH_B2B-PH-K_1x02_P2.00mm_Vertical',
  'JST_PH_B2B-PH-K_1x02_P2.00mm_Vertical','',(#9224));
#9224 = PRODUCT_CONTEXT('',#2,'mechanical');
#9225 = PRODUCT_DEFINITION_CONTEXT('part definition',#2,'design');
#9226 = SHAPE_REPRESENTATION('',(#11,#9227),#9231);
#9227 = AXIS2_PLACEMENT_3D('',#9228,#9229,#9230);
#9228 = CARTESIAN_POINT('',(0.,0.,0.));
#9229 = DIRECTION('',(0.,0.,1.));
#9230 = DIRECTION('',(1.,0.,-0.));
#9231 = ( GEOMETRIC_REPRESENTATION_CONTEXT(3) 
GLOBAL_UNCERTAINTY_ASSIGNED_CONTEXT((#9235)) 
GLOBAL_UNIT_ASSIGNED_CONTEXT((#9232,#9233,#9234)) REPRESENTATION_CONTEXT
('Context #1','3D Context with UNIT and UNCERTAINTY') );
#9232 = ( LENGTH_UNIT() NAMED_UNIT(*) SI_UNIT(.MILLI.,.METRE.) );
#9233 = ( NAMED_UNIT(*) PLANE_ANGLE_UNIT() SI_UNIT($,.RADIAN.) );
#9234 = ( NAMED_UNIT(*) SI_UNIT($,.STERADIAN.) SOLID_ANGLE_UNIT() );
#9235 = UNCERTAINTY_MEASURE_WITH_UNIT(LENGTH_MEASURE(1.E-07),#9232,
  'distance_accuracy_value','confusion accuracy');
#9236 = CONTEXT_DEPENDENT_SHAPE_REPRESENTATION(#9237,#9239);
#9237 = ( REPRESENTATION_RELATIONSHIP('','',#9226,#10) 
REPRESENTATION_RELATIONSHIP_WITH_TRANSFORMATION(#9238) 
SHAPE_REPRESENTATION_RELATIONSHIP() );
#9238 = ITEM_DEFINED_TRANSFORMATION('','',#11,#51);
#9239 = PRODUCT_DEFINITION_SHAPE('Placement','Placement of an item',
  #9240);
#9240 = NEXT_ASSEMBLY_USAGE_OCCURRENCE('19','J2','',#5,#9221,$);
#9241 = PRODUCT_RELATED_PRODUCT_CATEGORY('part',$,(#9223));
#9242 = SHAPE_DEFINITION_REPRESENTATION(#9243,#9249);
#9243 = PRODUCT_DEFINITION_SHAPE('','',#9244);
#9244 = PRODUCT_DEFINITION('design','',#9245,#9248);
#9245 = PRODUCT_DEFINITION_FORMATION('','',#9246);
#9246 = PRODUCT('JST_B2B_PH_K','JST_B2B_PH_K','',(#9247));
#9247 = PRODUCT_CONTEXT('',#2,'mechanical');
#9248 = PRODUCT_DEFINITION_CONTEXT('part definition',#2,'design');
#9249 = ADVANCED_BREP_SHAPE_REPRESENTATION('',(#11,#9250),#12142);
#9250 = MANIFOLD_SOLID_BREP('',#9251);
#9251 = CLOSED_SHELL('',(#9252,#9292,#9356,#9444,#9484,#9695,#9735,#9759
    ,#9784,#9808,#9857,#9879,#9912,#9936,#9967,#9984,#10017,#10034,
    #10077,#10094,#10140,#10157,#10220,#10244,#10291,#10315,#10339,
    #10356,#10373,#10397,#10421,#10438,#10469,#10493,#10517,#10534,
    #10569,#10609,#10633,#10674,#10723,#10769,#10786,#10798,#10829,
    #10885,#10909,#10958,#10970,#11073,#11097,#11121,#11138,#11169,
    #11225,#11249,#11298,#11315,#11362,#11388,#11405,#11431,#11464,
    #11476,#11507,#11531,#11555,#11572,#11603,#11627,#11651,#11668,
    #11685,#11732,#11758,#11775,#11801,#11834,#11851,#11868,#11880,
    #11911,#11935,#11959,#11976,#12007,#12031,#12055,#12072,#12089,
    #12106,#12118,#12130));
#9252 = ADVANCED_FACE('',(#9253),#9287,.F.);
#9253 = FACE_BOUND('',#9254,.F.);
#9254 = EDGE_LOOP('',(#9255,#9265,#9273,#9281));
#9255 = ORIENTED_EDGE('',*,*,#9256,.T.);
#9256 = EDGE_CURVE('',#9257,#9259,#9261,.T.);
#9257 = VERTEX_POINT('',#9258);
#9258 = CARTESIAN_POINT('',(3.95,-2.8,0.));
#9259 = VERTEX_POINT('',#9260);
#9260 = CARTESIAN_POINT('',(3.95,1.7,0.));
#9261 = LINE('',#9262,#9263);
#9262 = CARTESIAN_POINT('',(3.95,-2.8,0.));
#9263 = VECTOR('',#9264,1.);
#9264 = DIRECTION('',(1.224646799147E-16,1.,0.));
#9265 = ORIENTED_EDGE('',*,*,#9266,.T.);
#9266 = EDGE_CURVE('',#9259,#9267,#9269,.T.);
#9267 = VERTEX_POINT('',#9268);
#9268 = CARTESIAN_POINT('',(2.75,1.7,0.));
#9269 = LINE('',#9270,#9271);
#9270 = CARTESIAN_POINT('',(3.95,1.7,0.));
#9271 = VECTOR('',#9272,1.);
#9272 = DIRECTION('',(-1.,1.224646799147E-16,0.));
#9273 = ORIENTED_EDGE('',*,*,#9274,.F.);
#9274 = EDGE_CURVE('',#9275,#9267,#9277,.T.);
#9275 = VERTEX_POINT('',#9276);
#9276 = CARTESIAN_POINT('',(2.75,-2.8,0.));
#9277 = LINE('',#9278,#9279);
#9278 = CARTESIAN_POINT('',(2.75,-2.8,0.));
#9279 = VECTOR('',#9280,1.);
#9280 = DIRECTION('',(1.224646799147E-16,1.,0.));
#9281 = ORIENTED_EDGE('',*,*,#9282,.T.);
#9282 = EDGE_CURVE('',#9275,#9257,#9283,.T.);
#9283 = LINE('',#9284,#9285);
#9284 = CARTESIAN_POINT('',(-1.95,-2.8,0.));
#9285 = VECTOR('',#9286,1.);
#9286 = DIRECTION('',(1.,-1.224646799147E-16,0.));
#9287 = PLANE('',#9288);
#9288 = AXIS2_PLACEMENT_3D('',#9289,#9290,#9291);
#9289 = CARTESIAN_POINT('',(1.,-0.55,0.));
#9290 = DIRECTION('',(0.,0.,1.));
#9291 = DIRECTION('',(-1.,1.224646799147E-16,0.));
#9292 = ADVANCED_FACE('',(#9293),#9351,.F.);
#9293 = FACE_BOUND('',#9294,.F.);
#9294 = EDGE_LOOP('',(#9295,#9296,#9304,#9312,#9320,#9329,#9337,#9345));
#9295 = ORIENTED_EDGE('',*,*,#9256,.F.);
#9296 = ORIENTED_EDGE('',*,*,#9297,.T.);
#9297 = EDGE_CURVE('',#9257,#9298,#9300,.T.);
#9298 = VERTEX_POINT('',#9299);
#9299 = CARTESIAN_POINT('',(3.95,-2.8,6.));
#9300 = LINE('',#9301,#9302);
#9301 = CARTESIAN_POINT('',(3.95,-2.8,0.));
#9302 = VECTOR('',#9303,1.);
#9303 = DIRECTION('',(0.,0.,1.));
#9304 = ORIENTED_EDGE('',*,*,#9305,.T.);
#9305 = EDGE_CURVE('',#9298,#9306,#9308,.T.);
#9306 = VERTEX_POINT('',#9307);
#9307 = CARTESIAN_POINT('',(3.95,-0.6,6.));
#9308 = LINE('',#9309,#9310);
#9309 = CARTESIAN_POINT('',(3.95,-2.8,6.));
#9310 = VECTOR('',#9311,1.);
#9311 = DIRECTION('',(1.224646799147E-16,1.,0.));
#9312 = ORIENTED_EDGE('',*,*,#9313,.F.);
#9313 = EDGE_CURVE('',#9314,#9306,#9316,.T.);
#9314 = VERTEX_POINT('',#9315);
#9315 = CARTESIAN_POINT('',(3.95,-0.6,4.4));
#9316 = LINE('',#9317,#9318);
#9317 = CARTESIAN_POINT('',(3.95,-0.6,4.4));
#9318 = VECTOR('',#9319,1.);
#9319 = DIRECTION('',(0.,0.,1.));
#9320 = ORIENTED_EDGE('',*,*,#9321,.F.);
#9321 = EDGE_CURVE('',#9322,#9314,#9324,.T.);
#9322 = VERTEX_POINT('',#9323);
#9323 = CARTESIAN_POINT('',(3.95,0.2,4.4));
#9324 = CIRCLE('',#9325,0.4);
#9325 = AXIS2_PLACEMENT_3D('',#9326,#9327,#9328);
#9326 = CARTESIAN_POINT('',(3.95,-0.2,4.4));
#9327 = DIRECTION('',(-1.,1.224646799147E-16,0.));
#9328 = DIRECTION('',(1.224646799147E-16,1.,0.));
#9329 = ORIENTED_EDGE('',*,*,#9330,.F.);
#9330 = EDGE_CURVE('',#9331,#9322,#9333,.T.);
#9331 = VERTEX_POINT('',#9332);
#9332 = CARTESIAN_POINT('',(3.95,0.2,6.));
#9333 = LINE('',#9334,#9335);
#9334 = CARTESIAN_POINT('',(3.95,0.2,6.));
#9335 = VECTOR('',#9336,1.);
#9336 = DIRECTION('',(-0.,0.,-1.));
#9337 = ORIENTED_EDGE('',*,*,#9338,.T.);
#9338 = EDGE_CURVE('',#9331,#9339,#9341,.T.);
#9339 = VERTEX_POINT('',#9340);
#9340 = CARTESIAN_POINT('',(3.95,1.7,6.));
#9341 = LINE('',#9342,#9343);
#9342 = CARTESIAN_POINT('',(3.95,-2.8,6.));
#9343 = VECTOR('',#9344,1.);
#9344 = DIRECTION('',(1.224646799147E-16,1.,0.));
#9345 = ORIENTED_EDGE('',*,*,#9346,.F.);
#9346 = EDGE_CURVE('',#9259,#9339,#9347,.T.);
#9347 = LINE('',#9348,#9349);
#9348 = CARTESIAN_POINT('',(3.95,1.7,0.));
#9349 = VECTOR('',#9350,1.);
#9350 = DIRECTION('',(0.,0.,1.));
#9351 = PLANE('',#9352);
#9352 = AXIS2_PLACEMENT_3D('',#9353,#9354,#9355);
#9353 = CARTESIAN_POINT('',(3.95,-2.8,0.));
#9354 = DIRECTION('',(-1.,1.224646799147E-16,0.));
#9355 = DIRECTION('',(1.224646799147E-16,1.,0.));
#9356 = ADVANCED_FACE('',(#9357),#9439,.F.);
#9357 = FACE_BOUND('',#9358,.F.);
#9358 = EDGE_LOOP('',(#9359,#9369,#9377,#9383,#9384,#9385,#9393,#9401,
    #9409,#9417,#9425,#9433));
#9359 = ORIENTED_EDGE('',*,*,#9360,.F.);
#9360 = EDGE_CURVE('',#9361,#9363,#9365,.T.);
#9361 = VERTEX_POINT('',#9362);
#9362 = CARTESIAN_POINT('',(-1.95,-2.8,0.));
#9363 = VERTEX_POINT('',#9364);
#9364 = CARTESIAN_POINT('',(-0.75,-2.8,0.));
#9365 = LINE('',#9366,#9367);
#9366 = CARTESIAN_POINT('',(-1.95,-2.8,0.));
#9367 = VECTOR('',#9368,1.);
#9368 = DIRECTION('',(1.,-1.224646799147E-16,0.));
#9369 = ORIENTED_EDGE('',*,*,#9370,.T.);
#9370 = EDGE_CURVE('',#9361,#9371,#9373,.T.);
#9371 = VERTEX_POINT('',#9372);
#9372 = CARTESIAN_POINT('',(-1.95,-2.8,6.));
#9373 = LINE('',#9374,#9375);
#9374 = CARTESIAN_POINT('',(-1.95,-2.8,0.));
#9375 = VECTOR('',#9376,1.);
#9376 = DIRECTION('',(0.,0.,1.));
#9377 = ORIENTED_EDGE('',*,*,#9378,.T.);
#9378 = EDGE_CURVE('',#9371,#9298,#9379,.T.);
#9379 = LINE('',#9380,#9381);
#9380 = CARTESIAN_POINT('',(-1.95,-2.8,6.));
#9381 = VECTOR('',#9382,1.);
#9382 = DIRECTION('',(1.,-1.224646799147E-16,0.));
#9383 = ORIENTED_EDGE('',*,*,#9297,.F.);
#9384 = ORIENTED_EDGE('',*,*,#9282,.F.);
#9385 = ORIENTED_EDGE('',*,*,#9386,.F.);
#9386 = EDGE_CURVE('',#9387,#9275,#9389,.T.);
#9387 = VERTEX_POINT('',#9388);
#9388 = CARTESIAN_POINT('',(2.75,-2.8,0.2));
#9389 = LINE('',#9390,#9391);
#9390 = CARTESIAN_POINT('',(2.75,-2.8,0.2));
#9391 = VECTOR('',#9392,1.);
#9392 = DIRECTION('',(-0.,0.,-1.));
#9393 = ORIENTED_EDGE('',*,*,#9394,.T.);
#9394 = EDGE_CURVE('',#9387,#9395,#9397,.T.);
#9395 = VERTEX_POINT('',#9396);
#9396 = CARTESIAN_POINT('',(1.25,-2.8,0.2));
#9397 = LINE('',#9398,#9399);
#9398 = CARTESIAN_POINT('',(2.75,-2.8,0.2));
#9399 = VECTOR('',#9400,1.);
#9400 = DIRECTION('',(-1.,1.224646799147E-16,0.));
#9401 = ORIENTED_EDGE('',*,*,#9402,.T.);
#9402 = EDGE_CURVE('',#9395,#9403,#9405,.T.);
#9403 = VERTEX_POINT('',#9404);
#9404 = CARTESIAN_POINT('',(1.25,-2.8,0.));
#9405 = LINE('',#9406,#9407);
#9406 = CARTESIAN_POINT('',(1.25,-2.8,0.2));
#9407 = VECTOR('',#9408,1.);
#9408 = DIRECTION('',(-0.,0.,-1.));
#9409 = ORIENTED_EDGE('',*,*,#9410,.F.);
#9410 = EDGE_CURVE('',#9411,#9403,#9413,.T.);
#9411 = VERTEX_POINT('',#9412);
#9412 = CARTESIAN_POINT('',(0.75,-2.8,0.));
#9413 = LINE('',#9414,#9415);
#9414 = CARTESIAN_POINT('',(-1.95,-2.8,0.));
#9415 = VECTOR('',#9416,1.);
#9416 = DIRECTION('',(1.,-1.224646799147E-16,0.));
#9417 = ORIENTED_EDGE('',*,*,#9418,.F.);
#9418 = EDGE_CURVE('',#9419,#9411,#9421,.T.);
#9419 = VERTEX_POINT('',#9420);
#9420 = CARTESIAN_POINT('',(0.75,-2.8,0.2));
#9421 = LINE('',#9422,#9423);
#9422 = CARTESIAN_POINT('',(0.75,-2.8,0.2));
#9423 = VECTOR('',#9424,1.);
#9424 = DIRECTION('',(-0.,0.,-1.));
#9425 = ORIENTED_EDGE('',*,*,#9426,.T.);
#9426 = EDGE_CURVE('',#9419,#9427,#9429,.T.);
#9427 = VERTEX_POINT('',#9428);
#9428 = CARTESIAN_POINT('',(-0.75,-2.8,0.2));
#9429 = LINE('',#9430,#9431);
#9430 = CARTESIAN_POINT('',(0.75,-2.8,0.2));
#9431 = VECTOR('',#9432,1.);
#9432 = DIRECTION('',(-1.,1.224646799147E-16,0.));
#9433 = ORIENTED_EDGE('',*,*,#9434,.T.);
#9434 = EDGE_CURVE('',#9427,#9363,#9435,.T.);
#9435 = LINE('',#9436,#9437);
#9436 = CARTESIAN_POINT('',(-0.75,-2.8,0.2));
#9437 = VECTOR('',#9438,1.);
#9438 = DIRECTION('',(-0.,0.,-1.));
#9439 = PLANE('',#9440);
#9440 = AXIS2_PLACEMENT_3D('',#9441,#9442,#9443);
#9441 = CARTESIAN_POINT('',(-1.95,-2.8,0.));
#9442 = DIRECTION('',(1.224646799147E-16,1.,0.));
#9443 = DIRECTION('',(1.,-1.224646799147E-16,0.));
#9444 = ADVANCED_FACE('',(#9445),#9479,.F.);
#9445 = FACE_BOUND('',#9446,.F.);
#9446 = EDGE_LOOP('',(#9447,#9455,#9463,#9471,#9477,#9478));
#9447 = ORIENTED_EDGE('',*,*,#9448,.T.);
#9448 = EDGE_CURVE('',#9267,#9449,#9451,.T.);
#9449 = VERTEX_POINT('',#9450);
#9450 = CARTESIAN_POINT('',(2.75,1.7,0.2));
#9451 = LINE('',#9452,#9453);
#9452 = CARTESIAN_POINT('',(2.75,1.7,0.));
#9453 = VECTOR('',#9454,1.);
#9454 = DIRECTION('',(0.,0.,1.));
#9455 = ORIENTED_EDGE('',*,*,#9456,.T.);
#9456 = EDGE_CURVE('',#9449,#9457,#9459,.T.);
#9457 = VERTEX_POINT('',#9458);
#9458 = CARTESIAN_POINT('',(2.75,0.5,0.1));
#9459 = LINE('',#9460,#9461);
#9460 = CARTESIAN_POINT('',(2.75,1.7,0.2));
#9461 = VECTOR('',#9462,1.);
#9462 = DIRECTION('',(-1.220416573038E-16,-0.996545758245,
    -8.304547985373E-02));
#9463 = ORIENTED_EDGE('',*,*,#9464,.T.);
#9464 = EDGE_CURVE('',#9457,#9465,#9467,.T.);
#9465 = VERTEX_POINT('',#9466);
#9466 = CARTESIAN_POINT('',(2.75,-0.5,0.1));
#9467 = LINE('',#9468,#9469);
#9468 = CARTESIAN_POINT('',(2.75,0.5,0.1));
#9469 = VECTOR('',#9470,1.);
#9470 = DIRECTION('',(-1.224646799147E-16,-1.,0.));
#9471 = ORIENTED_EDGE('',*,*,#9472,.T.);
#9472 = EDGE_CURVE('',#9465,#9387,#9473,.T.);
#9473 = LINE('',#9474,#9475);
#9474 = CARTESIAN_POINT('',(2.75,-0.5,0.1));
#9475 = VECTOR('',#9476,1.);
#9476 = DIRECTION('',(-1.223490926498E-16,-0.999056158355,
    4.343722427631E-02));
#9477 = ORIENTED_EDGE('',*,*,#9386,.T.);
#9478 = ORIENTED_EDGE('',*,*,#9274,.T.);
#9479 = PLANE('',#9480);
#9480 = AXIS2_PLACEMENT_3D('',#9481,#9482,#9483);
#9481 = CARTESIAN_POINT('',(2.75,-0.549524476701,7.07980355453E-02));
#9482 = DIRECTION('',(1.,-1.224646799147E-16,-0.));
#9483 = DIRECTION('',(-0.,0.,-1.));
#9484 = ADVANCED_FACE('',(#9485,#9656),#9690,.F.);
#9485 = FACE_BOUND('',#9486,.F.);
#9486 = EDGE_LOOP('',(#9487,#9488,#9489,#9497,#9505,#9513,#9521,#9529,
    #9537,#9545,#9553,#9561,#9569,#9577,#9585,#9593,#9601,#9609,#9617,
    #9625,#9633,#9641,#9649,#9655));
#9487 = ORIENTED_EDGE('',*,*,#9266,.F.);
#9488 = ORIENTED_EDGE('',*,*,#9346,.T.);
#9489 = ORIENTED_EDGE('',*,*,#9490,.T.);
#9490 = EDGE_CURVE('',#9339,#9491,#9493,.T.);
#9491 = VERTEX_POINT('',#9492);
#9492 = CARTESIAN_POINT('',(1.45,1.7,6.));
#9493 = LINE('',#9494,#9495);
#9494 = CARTESIAN_POINT('',(3.95,1.7,6.));
#9495 = VECTOR('',#9496,1.);
#9496 = DIRECTION('',(-1.,1.224646799147E-16,0.));
#9497 = ORIENTED_EDGE('',*,*,#9498,.T.);
#9498 = EDGE_CURVE('',#9491,#9499,#9501,.T.);
#9499 = VERTEX_POINT('',#9500);
#9500 = CARTESIAN_POINT('',(1.45,1.7,2.1));
#9501 = LINE('',#9502,#9503);
#9502 = CARTESIAN_POINT('',(1.45,1.7,6.));
#9503 = VECTOR('',#9504,1.);
#9504 = DIRECTION('',(-0.,0.,-1.));
#9505 = ORIENTED_EDGE('',*,*,#9506,.T.);
#9506 = EDGE_CURVE('',#9499,#9507,#9509,.T.);
#9507 = VERTEX_POINT('',#9508);
#9508 = CARTESIAN_POINT('',(0.55,1.7,2.1));
#9509 = LINE('',#9510,#9511);
#9510 = CARTESIAN_POINT('',(1.45,1.7,2.1));
#9511 = VECTOR('',#9512,1.);
#9512 = DIRECTION('',(-1.,1.224646799147E-16,0.));
#9513 = ORIENTED_EDGE('',*,*,#9514,.T.);
#9514 = EDGE_CURVE('',#9507,#9515,#9517,.T.);
#9515 = VERTEX_POINT('',#9516);
#9516 = CARTESIAN_POINT('',(0.55,1.7,6.));
#9517 = LINE('',#9518,#9519);
#9518 = CARTESIAN_POINT('',(0.55,1.7,2.1));
#9519 = VECTOR('',#9520,1.);
#9520 = DIRECTION('',(0.,0.,1.));
#9521 = ORIENTED_EDGE('',*,*,#9522,.T.);
#9522 = EDGE_CURVE('',#9515,#9523,#9525,.T.);
#9523 = VERTEX_POINT('',#9524);
#9524 = CARTESIAN_POINT('',(-0.45,1.7,6.));
#9525 = LINE('',#9526,#9527);
#9526 = CARTESIAN_POINT('',(3.95,1.7,6.));
#9527 = VECTOR('',#9528,1.);
#9528 = DIRECTION('',(-1.,1.224646799147E-16,0.));
#9529 = ORIENTED_EDGE('',*,*,#9530,.F.);
#9530 = EDGE_CURVE('',#9531,#9523,#9533,.T.);
#9531 = VERTEX_POINT('',#9532);
#9532 = CARTESIAN_POINT('',(-0.45,1.7,4.2));
#9533 = LINE('',#9534,#9535);
#9534 = CARTESIAN_POINT('',(-0.45,1.7,4.2));
#9535 = VECTOR('',#9536,1.);
#9536 = DIRECTION('',(0.,0.,1.));
#9537 = ORIENTED_EDGE('',*,*,#9538,.F.);
#9538 = EDGE_CURVE('',#9539,#9531,#9541,.T.);
#9539 = VERTEX_POINT('',#9540);
#9540 = CARTESIAN_POINT('',(-0.4,1.7,4.2));
#9541 = LINE('',#9542,#9543);
#9542 = CARTESIAN_POINT('',(-0.4,1.7,4.2));
#9543 = VECTOR('',#9544,1.);
#9544 = DIRECTION('',(-1.,1.224646799147E-16,0.));
#9545 = ORIENTED_EDGE('',*,*,#9546,.F.);
#9546 = EDGE_CURVE('',#9547,#9539,#9549,.T.);
#9547 = VERTEX_POINT('',#9548);
#9548 = CARTESIAN_POINT('',(-0.4,1.7,2.4));
#9549 = LINE('',#9550,#9551);
#9550 = CARTESIAN_POINT('',(-0.4,1.7,2.4));
#9551 = VECTOR('',#9552,1.);
#9552 = DIRECTION('',(0.,0.,1.));
#9553 = ORIENTED_EDGE('',*,*,#9554,.F.);
#9554 = EDGE_CURVE('',#9555,#9547,#9557,.T.);
#9555 = VERTEX_POINT('',#9556);
#9556 = CARTESIAN_POINT('',(-1.4,1.7,2.4));
#9557 = LINE('',#9558,#9559);
#9558 = CARTESIAN_POINT('',(-1.4,1.7,2.4));
#9559 = VECTOR('',#9560,1.);
#9560 = DIRECTION('',(1.,-1.224646799147E-16,0.));
#9561 = ORIENTED_EDGE('',*,*,#9562,.F.);
#9562 = EDGE_CURVE('',#9563,#9555,#9565,.T.);
#9563 = VERTEX_POINT('',#9564);
#9564 = CARTESIAN_POINT('',(-1.4,1.7,4.2));
#9565 = LINE('',#9566,#9567);
#9566 = CARTESIAN_POINT('',(-1.4,1.7,4.2));
#9567 = VECTOR('',#9568,1.);
#9568 = DIRECTION('',(-0.,0.,-1.));
#9569 = ORIENTED_EDGE('',*,*,#9570,.F.);
#9570 = EDGE_CURVE('',#9571,#9563,#9573,.T.);
#9571 = VERTEX_POINT('',#9572);
#9572 = CARTESIAN_POINT('',(-0.95,1.7,4.2));
#9573 = LINE('',#9574,#9575);
#9574 = CARTESIAN_POINT('',(-0.4,1.7,4.2));
#9575 = VECTOR('',#9576,1.);
#9576 = DIRECTION('',(-1.,1.224646799147E-16,0.));
#9577 = ORIENTED_EDGE('',*,*,#9578,.T.);
#9578 = EDGE_CURVE('',#9571,#9579,#9581,.T.);
#9579 = VERTEX_POINT('',#9580);
#9580 = CARTESIAN_POINT('',(-0.95,1.7,6.));
#9581 = LINE('',#9582,#9583);
#9582 = CARTESIAN_POINT('',(-0.95,1.7,4.2));
#9583 = VECTOR('',#9584,1.);
#9584 = DIRECTION('',(0.,0.,1.));
#9585 = ORIENTED_EDGE('',*,*,#9586,.T.);
#9586 = EDGE_CURVE('',#9579,#9587,#9589,.T.);
#9587 = VERTEX_POINT('',#9588);
#9588 = CARTESIAN_POINT('',(-1.95,1.7,6.));
#9589 = LINE('',#9590,#9591);
#9590 = CARTESIAN_POINT('',(3.95,1.7,6.));
#9591 = VECTOR('',#9592,1.);
#9592 = DIRECTION('',(-1.,1.224646799147E-16,0.));
#9593 = ORIENTED_EDGE('',*,*,#9594,.F.);
#9594 = EDGE_CURVE('',#9595,#9587,#9597,.T.);
#9595 = VERTEX_POINT('',#9596);
#9596 = CARTESIAN_POINT('',(-1.95,1.7,0.));
#9597 = LINE('',#9598,#9599);
#9598 = CARTESIAN_POINT('',(-1.95,1.7,0.));
#9599 = VECTOR('',#9600,1.);
#9600 = DIRECTION('',(0.,0.,1.));
#9601 = ORIENTED_EDGE('',*,*,#9602,.F.);
#9602 = EDGE_CURVE('',#9603,#9595,#9605,.T.);
#9603 = VERTEX_POINT('',#9604);
#9604 = CARTESIAN_POINT('',(-0.75,1.7,0.));
#9605 = LINE('',#9606,#9607);
#9606 = CARTESIAN_POINT('',(3.95,1.7,0.));
#9607 = VECTOR('',#9608,1.);
#9608 = DIRECTION('',(-1.,1.224646799147E-16,0.));
#9609 = ORIENTED_EDGE('',*,*,#9610,.T.);
#9610 = EDGE_CURVE('',#9603,#9611,#9613,.T.);
#9611 = VERTEX_POINT('',#9612);
#9612 = CARTESIAN_POINT('',(-0.75,1.7,0.2));
#9613 = LINE('',#9614,#9615);
#9614 = CARTESIAN_POINT('',(-0.75,1.7,0.));
#9615 = VECTOR('',#9616,1.);
#9616 = DIRECTION('',(0.,0.,1.));
#9617 = ORIENTED_EDGE('',*,*,#9618,.F.);
#9618 = EDGE_CURVE('',#9619,#9611,#9621,.T.);
#9619 = VERTEX_POINT('',#9620);
#9620 = CARTESIAN_POINT('',(0.75,1.7,0.2));
#9621 = LINE('',#9622,#9623);
#9622 = CARTESIAN_POINT('',(0.75,1.7,0.2));
#9623 = VECTOR('',#9624,1.);
#9624 = DIRECTION('',(-1.,1.224646799147E-16,0.));
#9625 = ORIENTED_EDGE('',*,*,#9626,.F.);
#9626 = EDGE_CURVE('',#9627,#9619,#9629,.T.);
#9627 = VERTEX_POINT('',#9628);
#9628 = CARTESIAN_POINT('',(0.75,1.7,0.));
#9629 = LINE('',#9630,#9631);
#9630 = CARTESIAN_POINT('',(0.75,1.7,0.));
#9631 = VECTOR('',#9632,1.);
#9632 = DIRECTION('',(0.,0.,1.));
#9633 = ORIENTED_EDGE('',*,*,#9634,.F.);
#9634 = EDGE_CURVE('',#9635,#9627,#9637,.T.);
#9635 = VERTEX_POINT('',#9636);
#9636 = CARTESIAN_POINT('',(1.25,1.7,0.));
#9637 = LINE('',#9638,#9639);
#9638 = CARTESIAN_POINT('',(3.95,1.7,0.));
#9639 = VECTOR('',#9640,1.);
#9640 = DIRECTION('',(-1.,1.224646799147E-16,0.));
#9641 = ORIENTED_EDGE('',*,*,#9642,.T.);
#9642 = EDGE_CURVE('',#9635,#9643,#9645,.T.);
#9643 = VERTEX_POINT('',#9644);
#9644 = CARTESIAN_POINT('',(1.25,1.7,0.2));
#9645 = LINE('',#9646,#9647);
#9646 = CARTESIAN_POINT('',(1.25,1.7,0.));
#9647 = VECTOR('',#9648,1.);
#9648 = DIRECTION('',(0.,0.,1.));
#9649 = ORIENTED_EDGE('',*,*,#9650,.F.);
#9650 = EDGE_CURVE('',#9449,#9643,#9651,.T.);
#9651 = LINE('',#9652,#9653);
#9652 = CARTESIAN_POINT('',(2.75,1.7,0.2));
#9653 = VECTOR('',#9654,1.);
#9654 = DIRECTION('',(-1.,1.224646799147E-16,0.));
#9655 = ORIENTED_EDGE('',*,*,#9448,.F.);
#9656 = FACE_BOUND('',#9657,.F.);
#9657 = EDGE_LOOP('',(#9658,#9668,#9676,#9684));
#9658 = ORIENTED_EDGE('',*,*,#9659,.T.);
#9659 = EDGE_CURVE('',#9660,#9662,#9664,.T.);
#9660 = VERTEX_POINT('',#9661);
#9661 = CARTESIAN_POINT('',(2.4,1.7,4.2));
#9662 = VERTEX_POINT('',#9663);
#9663 = CARTESIAN_POINT('',(3.4,1.7,4.2));
#9664 = LINE('',#9665,#9666);
#9665 = CARTESIAN_POINT('',(2.4,1.7,4.2));
#9666 = VECTOR('',#9667,1.);
#9667 = DIRECTION('',(1.,-1.224646799147E-16,0.));
#9668 = ORIENTED_EDGE('',*,*,#9669,.T.);
#9669 = EDGE_CURVE('',#9662,#9670,#9672,.T.);
#9670 = VERTEX_POINT('',#9671);
#9671 = CARTESIAN_POINT('',(3.4,1.7,2.4));
#9672 = LINE('',#9673,#9674);
#9673 = CARTESIAN_POINT('',(3.4,1.7,4.2));
#9674 = VECTOR('',#9675,1.);
#9675 = DIRECTION('',(-0.,0.,-1.));
#9676 = ORIENTED_EDGE('',*,*,#9677,.T.);
#9677 = EDGE_CURVE('',#9670,#9678,#9680,.T.);
#9678 = VERTEX_POINT('',#9679);
#9679 = CARTESIAN_POINT('',(2.4,1.7,2.4));
#9680 = LINE('',#9681,#9682);
#9681 = CARTESIAN_POINT('',(3.4,1.7,2.4));
#9682 = VECTOR('',#9683,1.);
#9683 = DIRECTION('',(-1.,1.224646799147E-16,0.));
#9684 = ORIENTED_EDGE('',*,*,#9685,.T.);
#9685 = EDGE_CURVE('',#9678,#9660,#9686,.T.);
#9686 = LINE('',#9687,#9688);
#9687 = CARTESIAN_POINT('',(2.4,1.7,2.4));
#9688 = VECTOR('',#9689,1.);
#9689 = DIRECTION('',(0.,0.,1.));
#9690 = PLANE('',#9691);
#9691 = AXIS2_PLACEMENT_3D('',#9692,#9693,#9694);
#9692 = CARTESIAN_POINT('',(3.95,1.7,0.));
#9693 = DIRECTION('',(-1.224646799147E-16,-1.,0.));
#9694 = DIRECTION('',(-1.,1.224646799147E-16,0.));
#9695 = ADVANCED_FACE('',(#9696),#9730,.T.);
#9696 = FACE_BOUND('',#9697,.T.);
#9697 = EDGE_LOOP('',(#9698,#9706,#9707,#9708,#9716,#9724));
#9698 = ORIENTED_EDGE('',*,*,#9699,.F.);
#9699 = EDGE_CURVE('',#9331,#9700,#9702,.T.);
#9700 = VERTEX_POINT('',#9701);
#9701 = CARTESIAN_POINT('',(3.45,0.2,6.));
#9702 = LINE('',#9703,#9704);
#9703 = CARTESIAN_POINT('',(3.95,0.2,6.));
#9704 = VECTOR('',#9705,1.);
#9705 = DIRECTION('',(-1.,1.224646799147E-16,0.));
#9706 = ORIENTED_EDGE('',*,*,#9338,.T.);
#9707 = ORIENTED_EDGE('',*,*,#9490,.T.);
#9708 = ORIENTED_EDGE('',*,*,#9709,.T.);
#9709 = EDGE_CURVE('',#9491,#9710,#9712,.T.);
#9710 = VERTEX_POINT('',#9711);
#9711 = CARTESIAN_POINT('',(1.45,1.1,6.));
#9712 = LINE('',#9713,#9714);
#9713 = CARTESIAN_POINT('',(1.45,1.7,6.));
#9714 = VECTOR('',#9715,1.);
#9715 = DIRECTION('',(-1.224646799147E-16,-1.,0.));
#9716 = ORIENTED_EDGE('',*,*,#9717,.F.);
#9717 = EDGE_CURVE('',#9718,#9710,#9720,.T.);
#9718 = VERTEX_POINT('',#9719);
#9719 = CARTESIAN_POINT('',(3.45,1.1,6.));
#9720 = LINE('',#9721,#9722);
#9721 = CARTESIAN_POINT('',(3.45,1.1,6.));
#9722 = VECTOR('',#9723,1.);
#9723 = DIRECTION('',(-1.,1.224646799147E-16,0.));
#9724 = ORIENTED_EDGE('',*,*,#9725,.F.);
#9725 = EDGE_CURVE('',#9700,#9718,#9726,.T.);
#9726 = LINE('',#9727,#9728);
#9727 = CARTESIAN_POINT('',(3.45,-2.3,6.));
#9728 = VECTOR('',#9729,1.);
#9729 = DIRECTION('',(1.224646799147E-16,1.,0.));
#9730 = PLANE('',#9731);
#9731 = AXIS2_PLACEMENT_3D('',#9732,#9733,#9734);
#9732 = CARTESIAN_POINT('',(1.,-0.55,6.));
#9733 = DIRECTION('',(0.,0.,1.));
#9734 = DIRECTION('',(-1.,1.224646799147E-16,0.));
#9735 = ADVANCED_FACE('',(#9736),#9754,.T.);
#9736 = FACE_BOUND('',#9737,.T.);
#9737 = EDGE_LOOP('',(#9738,#9739,#9740,#9748));
#9738 = ORIENTED_EDGE('',*,*,#9330,.F.);
#9739 = ORIENTED_EDGE('',*,*,#9699,.T.);
#9740 = ORIENTED_EDGE('',*,*,#9741,.T.);
#9741 = EDGE_CURVE('',#9700,#9742,#9744,.T.);
#9742 = VERTEX_POINT('',#9743);
#9743 = CARTESIAN_POINT('',(3.45,0.2,4.4));
#9744 = LINE('',#9745,#9746);
#9745 = CARTESIAN_POINT('',(3.45,0.2,6.));
#9746 = VECTOR('',#9747,1.);
#9747 = DIRECTION('',(-0.,0.,-1.));
#9748 = ORIENTED_EDGE('',*,*,#9749,.F.);
#9749 = EDGE_CURVE('',#9322,#9742,#9750,.T.);
#9750 = LINE('',#9751,#9752);
#9751 = CARTESIAN_POINT('',(3.95,0.2,4.4));
#9752 = VECTOR('',#9753,1.);
#9753 = DIRECTION('',(-1.,1.224646799147E-16,0.));
#9754 = PLANE('',#9755);
#9755 = AXIS2_PLACEMENT_3D('',#9756,#9757,#9758);
#9756 = CARTESIAN_POINT('',(3.95,0.2,6.));
#9757 = DIRECTION('',(-1.224646799147E-16,-1.,0.));
#9758 = DIRECTION('',(-0.,0.,-1.));
#9759 = ADVANCED_FACE('',(#9760),#9779,.F.);
#9760 = FACE_BOUND('',#9761,.F.);
#9761 = EDGE_LOOP('',(#9762,#9770,#9777,#9778));
#9762 = ORIENTED_EDGE('',*,*,#9763,.T.);
#9763 = EDGE_CURVE('',#9314,#9764,#9766,.T.);
#9764 = VERTEX_POINT('',#9765);
#9765 = CARTESIAN_POINT('',(3.45,-0.6,4.4));
#9766 = LINE('',#9767,#9768);
#9767 = CARTESIAN_POINT('',(3.95,-0.6,4.4));
#9768 = VECTOR('',#9769,1.);
#9769 = DIRECTION('',(-1.,1.224646799147E-16,0.));
#9770 = ORIENTED_EDGE('',*,*,#9771,.T.);
#9771 = EDGE_CURVE('',#9764,#9742,#9772,.T.);
#9772 = CIRCLE('',#9773,0.4);
#9773 = AXIS2_PLACEMENT_3D('',#9774,#9775,#9776);
#9774 = CARTESIAN_POINT('',(3.45,-0.2,4.4));
#9775 = DIRECTION('',(1.,-1.224646799147E-16,0.));
#9776 = DIRECTION('',(1.224646799147E-16,1.,0.));
#9777 = ORIENTED_EDGE('',*,*,#9749,.F.);
#9778 = ORIENTED_EDGE('',*,*,#9321,.T.);
#9779 = CYLINDRICAL_SURFACE('',#9780,0.4);
#9780 = AXIS2_PLACEMENT_3D('',#9781,#9782,#9783);
#9781 = CARTESIAN_POINT('',(3.95,-0.2,4.4));
#9782 = DIRECTION('',(1.,-1.224646799147E-16,-0.));
#9783 = DIRECTION('',(1.224646799147E-16,1.,0.));
#9784 = ADVANCED_FACE('',(#9785),#9803,.T.);
#9785 = FACE_BOUND('',#9786,.T.);
#9786 = EDGE_LOOP('',(#9787,#9788,#9789,#9797));
#9787 = ORIENTED_EDGE('',*,*,#9313,.F.);
#9788 = ORIENTED_EDGE('',*,*,#9763,.T.);
#9789 = ORIENTED_EDGE('',*,*,#9790,.T.);
#9790 = EDGE_CURVE('',#9764,#9791,#9793,.T.);
#9791 = VERTEX_POINT('',#9792);
#9792 = CARTESIAN_POINT('',(3.45,-0.6,6.));
#9793 = LINE('',#9794,#9795);
#9794 = CARTESIAN_POINT('',(3.45,-0.6,5.2));
#9795 = VECTOR('',#9796,1.);
#9796 = DIRECTION('',(0.,0.,1.));
#9797 = ORIENTED_EDGE('',*,*,#9798,.F.);
#9798 = EDGE_CURVE('',#9306,#9791,#9799,.T.);
#9799 = LINE('',#9800,#9801);
#9800 = CARTESIAN_POINT('',(3.95,-0.6,6.));
#9801 = VECTOR('',#9802,1.);
#9802 = DIRECTION('',(-1.,1.224646799147E-16,0.));
#9803 = PLANE('',#9804);
#9804 = AXIS2_PLACEMENT_3D('',#9805,#9806,#9807);
#9805 = CARTESIAN_POINT('',(3.95,-0.6,4.4));
#9806 = DIRECTION('',(1.224646799147E-16,1.,0.));
#9807 = DIRECTION('',(0.,-0.,1.));
#9808 = ADVANCED_FACE('',(#9809),#9852,.T.);
#9809 = FACE_BOUND('',#9810,.T.);
#9810 = EDGE_LOOP('',(#9811,#9812,#9813,#9821,#9829,#9837,#9845,#9851));
#9811 = ORIENTED_EDGE('',*,*,#9305,.T.);
#9812 = ORIENTED_EDGE('',*,*,#9798,.T.);
#9813 = ORIENTED_EDGE('',*,*,#9814,.F.);
#9814 = EDGE_CURVE('',#9815,#9791,#9817,.T.);
#9815 = VERTEX_POINT('',#9816);
#9816 = CARTESIAN_POINT('',(3.45,-2.3,6.));
#9817 = LINE('',#9818,#9819);
#9818 = CARTESIAN_POINT('',(3.45,-2.3,6.));
#9819 = VECTOR('',#9820,1.);
#9820 = DIRECTION('',(1.224646799147E-16,1.,0.));
#9821 = ORIENTED_EDGE('',*,*,#9822,.F.);
#9822 = EDGE_CURVE('',#9823,#9815,#9825,.T.);
#9823 = VERTEX_POINT('',#9824);
#9824 = CARTESIAN_POINT('',(-1.45,-2.3,6.));
#9825 = LINE('',#9826,#9827);
#9826 = CARTESIAN_POINT('',(-1.45,-2.3,6.));
#9827 = VECTOR('',#9828,1.);
#9828 = DIRECTION('',(1.,-1.224646799147E-16,0.));
#9829 = ORIENTED_EDGE('',*,*,#9830,.F.);
#9830 = EDGE_CURVE('',#9831,#9823,#9833,.T.);
#9831 = VERTEX_POINT('',#9832);
#9832 = CARTESIAN_POINT('',(-1.45,-0.6,6.));
#9833 = LINE('',#9834,#9835);
#9834 = CARTESIAN_POINT('',(-1.45,1.1,6.));
#9835 = VECTOR('',#9836,1.);
#9836 = DIRECTION('',(-1.224646799147E-16,-1.,0.));
#9837 = ORIENTED_EDGE('',*,*,#9838,.T.);
#9838 = EDGE_CURVE('',#9831,#9839,#9841,.T.);
#9839 = VERTEX_POINT('',#9840);
#9840 = CARTESIAN_POINT('',(-1.95,-0.6,6.));
#9841 = LINE('',#9842,#9843);
#9842 = CARTESIAN_POINT('',(3.95,-0.6,6.));
#9843 = VECTOR('',#9844,1.);
#9844 = DIRECTION('',(-1.,1.224646799147E-16,0.));
#9845 = ORIENTED_EDGE('',*,*,#9846,.T.);
#9846 = EDGE_CURVE('',#9839,#9371,#9847,.T.);
#9847 = LINE('',#9848,#9849);
#9848 = CARTESIAN_POINT('',(-1.95,1.7,6.));
#9849 = VECTOR('',#9850,1.);
#9850 = DIRECTION('',(-1.224646799147E-16,-1.,0.));
#9851 = ORIENTED_EDGE('',*,*,#9378,.T.);
#9852 = PLANE('',#9853);
#9853 = AXIS2_PLACEMENT_3D('',#9854,#9855,#9856);
#9854 = CARTESIAN_POINT('',(1.,-0.55,6.));
#9855 = DIRECTION('',(0.,0.,1.));
#9856 = DIRECTION('',(-1.,1.224646799147E-16,0.));
#9857 = ADVANCED_FACE('',(#9858),#9874,.F.);
#9858 = FACE_BOUND('',#9859,.F.);
#9859 = EDGE_LOOP('',(#9860,#9861,#9867,#9868));
#9860 = ORIENTED_EDGE('',*,*,#9360,.T.);
#9861 = ORIENTED_EDGE('',*,*,#9862,.T.);
#9862 = EDGE_CURVE('',#9363,#9603,#9863,.T.);
#9863 = LINE('',#9864,#9865);
#9864 = CARTESIAN_POINT('',(-0.75,-2.8,0.));
#9865 = VECTOR('',#9866,1.);
#9866 = DIRECTION('',(1.224646799147E-16,1.,0.));
#9867 = ORIENTED_EDGE('',*,*,#9602,.T.);
#9868 = ORIENTED_EDGE('',*,*,#9869,.T.);
#9869 = EDGE_CURVE('',#9595,#9361,#9870,.T.);
#9870 = LINE('',#9871,#9872);
#9871 = CARTESIAN_POINT('',(-1.95,1.7,0.));
#9872 = VECTOR('',#9873,1.);
#9873 = DIRECTION('',(-1.224646799147E-16,-1.,0.));
#9874 = PLANE('',#9875);
#9875 = AXIS2_PLACEMENT_3D('',#9876,#9877,#9878);
#9876 = CARTESIAN_POINT('',(1.,-0.55,0.));
#9877 = DIRECTION('',(0.,0.,1.));
#9878 = DIRECTION('',(-1.,1.224646799147E-16,0.));
#9879 = ADVANCED_FACE('',(#9880),#9907,.T.);
#9880 = FACE_BOUND('',#9881,.T.);
#9881 = EDGE_LOOP('',(#9882,#9883,#9891,#9899,#9905,#9906));
#9882 = ORIENTED_EDGE('',*,*,#9610,.T.);
#9883 = ORIENTED_EDGE('',*,*,#9884,.T.);
#9884 = EDGE_CURVE('',#9611,#9885,#9887,.T.);
#9885 = VERTEX_POINT('',#9886);
#9886 = CARTESIAN_POINT('',(-0.75,0.5,0.1));
#9887 = LINE('',#9888,#9889);
#9888 = CARTESIAN_POINT('',(-0.75,1.7,0.2));
#9889 = VECTOR('',#9890,1.);
#9890 = DIRECTION('',(-1.220416573038E-16,-0.996545758245,
    -8.304547985373E-02));
#9891 = ORIENTED_EDGE('',*,*,#9892,.T.);
#9892 = EDGE_CURVE('',#9885,#9893,#9895,.T.);
#9893 = VERTEX_POINT('',#9894);
#9894 = CARTESIAN_POINT('',(-0.75,-0.5,0.1));
#9895 = LINE('',#9896,#9897);
#9896 = CARTESIAN_POINT('',(-0.75,0.5,0.1));
#9897 = VECTOR('',#9898,1.);
#9898 = DIRECTION('',(-1.224646799147E-16,-1.,0.));
#9899 = ORIENTED_EDGE('',*,*,#9900,.T.);
#9900 = EDGE_CURVE('',#9893,#9427,#9901,.T.);
#9901 = LINE('',#9902,#9903);
#9902 = CARTESIAN_POINT('',(-0.75,-0.5,0.1));
#9903 = VECTOR('',#9904,1.);
#9904 = DIRECTION('',(-1.223490926498E-16,-0.999056158355,
    4.343722427631E-02));
#9905 = ORIENTED_EDGE('',*,*,#9434,.T.);
#9906 = ORIENTED_EDGE('',*,*,#9862,.T.);
#9907 = PLANE('',#9908);
#9908 = AXIS2_PLACEMENT_3D('',#9909,#9910,#9911);
#9909 = CARTESIAN_POINT('',(-0.75,-0.549524476701,7.07980355453E-02));
#9910 = DIRECTION('',(1.,-1.224646799147E-16,-0.));
#9911 = DIRECTION('',(-0.,0.,-1.));
#9912 = ADVANCED_FACE('',(#9913),#9931,.F.);
#9913 = FACE_BOUND('',#9914,.F.);
#9914 = EDGE_LOOP('',(#9915,#9923,#9924,#9925));
#9915 = ORIENTED_EDGE('',*,*,#9916,.T.);
#9916 = EDGE_CURVE('',#9917,#9893,#9919,.T.);
#9917 = VERTEX_POINT('',#9918);
#9918 = CARTESIAN_POINT('',(0.75,-0.5,0.1));
#9919 = LINE('',#9920,#9921);
#9920 = CARTESIAN_POINT('',(0.75,-0.5,0.1));
#9921 = VECTOR('',#9922,1.);
#9922 = DIRECTION('',(-1.,1.224646799147E-16,0.));
#9923 = ORIENTED_EDGE('',*,*,#9900,.T.);
#9924 = ORIENTED_EDGE('',*,*,#9426,.F.);
#9925 = ORIENTED_EDGE('',*,*,#9926,.F.);
#9926 = EDGE_CURVE('',#9917,#9419,#9927,.T.);
#9927 = LINE('',#9928,#9929);
#9928 = CARTESIAN_POINT('',(0.75,-0.5,0.1));
#9929 = VECTOR('',#9930,1.);
#9930 = DIRECTION('',(-1.223490926498E-16,-0.999056158355,
    4.343722427631E-02));
#9931 = PLANE('',#9932);
#9932 = AXIS2_PLACEMENT_3D('',#9933,#9934,#9935);
#9933 = CARTESIAN_POINT('',(0.75,-0.5,0.1));
#9934 = DIRECTION('',(5.319525767383E-18,4.343722427631E-02,
    0.999056158355));
#9935 = DIRECTION('',(-1.223490926498E-16,-0.999056158355,
    4.343722427631E-02));
#9936 = ADVANCED_FACE('',(#9937),#9962,.F.);
#9937 = FACE_BOUND('',#9938,.F.);
#9938 = EDGE_LOOP('',(#9939,#9940,#9948,#9954,#9955,#9956));
#9939 = ORIENTED_EDGE('',*,*,#9626,.T.);
#9940 = ORIENTED_EDGE('',*,*,#9941,.T.);
#9941 = EDGE_CURVE('',#9619,#9942,#9944,.T.);
#9942 = VERTEX_POINT('',#9943);
#9943 = CARTESIAN_POINT('',(0.75,0.5,0.1));
#9944 = LINE('',#9945,#9946);
#9945 = CARTESIAN_POINT('',(0.75,1.7,0.2));
#9946 = VECTOR('',#9947,1.);
#9947 = DIRECTION('',(-1.220416573038E-16,-0.996545758245,
    -8.304547985373E-02));
#9948 = ORIENTED_EDGE('',*,*,#9949,.T.);
#9949 = EDGE_CURVE('',#9942,#9917,#9950,.T.);
#9950 = LINE('',#9951,#9952);
#9951 = CARTESIAN_POINT('',(0.75,0.5,0.1));
#9952 = VECTOR('',#9953,1.);
#9953 = DIRECTION('',(-1.224646799147E-16,-1.,0.));
#9954 = ORIENTED_EDGE('',*,*,#9926,.T.);
#9955 = ORIENTED_EDGE('',*,*,#9418,.T.);
#9956 = ORIENTED_EDGE('',*,*,#9957,.T.);
#9957 = EDGE_CURVE('',#9411,#9627,#9958,.T.);
#9958 = LINE('',#9959,#9960);
#9959 = CARTESIAN_POINT('',(0.75,-2.8,0.));
#9960 = VECTOR('',#9961,1.);
#9961 = DIRECTION('',(1.224646799147E-16,1.,0.));
#9962 = PLANE('',#9963);
#9963 = AXIS2_PLACEMENT_3D('',#9964,#9965,#9966);
#9964 = CARTESIAN_POINT('',(0.75,-0.549524476701,7.07980355453E-02));
#9965 = DIRECTION('',(1.,-1.224646799147E-16,-0.));
#9966 = DIRECTION('',(-0.,0.,-1.));
#9967 = ADVANCED_FACE('',(#9968),#9979,.F.);
#9968 = FACE_BOUND('',#9969,.F.);
#9969 = EDGE_LOOP('',(#9970,#9971,#9977,#9978));
#9970 = ORIENTED_EDGE('',*,*,#9410,.T.);
#9971 = ORIENTED_EDGE('',*,*,#9972,.T.);
#9972 = EDGE_CURVE('',#9403,#9635,#9973,.T.);
#9973 = LINE('',#9974,#9975);
#9974 = CARTESIAN_POINT('',(1.25,-2.8,0.));
#9975 = VECTOR('',#9976,1.);
#9976 = DIRECTION('',(1.224646799147E-16,1.,0.));
#9977 = ORIENTED_EDGE('',*,*,#9634,.T.);
#9978 = ORIENTED_EDGE('',*,*,#9957,.F.);
#9979 = PLANE('',#9980);
#9980 = AXIS2_PLACEMENT_3D('',#9981,#9982,#9983);
#9981 = CARTESIAN_POINT('',(1.,-0.55,0.));
#9982 = DIRECTION('',(0.,0.,1.));
#9983 = DIRECTION('',(-1.,1.224646799147E-16,0.));
#9984 = ADVANCED_FACE('',(#9985),#10012,.T.);
#9985 = FACE_BOUND('',#9986,.T.);
#9986 = EDGE_LOOP('',(#9987,#9988,#9996,#10004,#10010,#10011));
#9987 = ORIENTED_EDGE('',*,*,#9642,.T.);
#9988 = ORIENTED_EDGE('',*,*,#9989,.T.);
#9989 = EDGE_CURVE('',#9643,#9990,#9992,.T.);
#9990 = VERTEX_POINT('',#9991);
#9991 = CARTESIAN_POINT('',(1.25,0.5,0.1));
#9992 = LINE('',#9993,#9994);
#9993 = CARTESIAN_POINT('',(1.25,1.7,0.2));
#9994 = VECTOR('',#9995,1.);
#9995 = DIRECTION('',(-1.220416573038E-16,-0.996545758245,
    -8.304547985373E-02));
#9996 = ORIENTED_EDGE('',*,*,#9997,.T.);
#9997 = EDGE_CURVE('',#9990,#9998,#10000,.T.);
#9998 = VERTEX_POINT('',#9999);
#9999 = CARTESIAN_POINT('',(1.25,-0.5,0.1));
#10000 = LINE('',#10001,#10002);
#10001 = CARTESIAN_POINT('',(1.25,0.5,0.1));
#10002 = VECTOR('',#10003,1.);
#10003 = DIRECTION('',(-1.224646799147E-16,-1.,0.));
#10004 = ORIENTED_EDGE('',*,*,#10005,.T.);
#10005 = EDGE_CURVE('',#9998,#9395,#10006,.T.);
#10006 = LINE('',#10007,#10008);
#10007 = CARTESIAN_POINT('',(1.25,-0.5,0.1));
#10008 = VECTOR('',#10009,1.);
#10009 = DIRECTION('',(-1.223490926498E-16,-0.999056158355,
    4.343722427631E-02));
#10010 = ORIENTED_EDGE('',*,*,#9402,.T.);
#10011 = ORIENTED_EDGE('',*,*,#9972,.T.);
#10012 = PLANE('',#10013);
#10013 = AXIS2_PLACEMENT_3D('',#10014,#10015,#10016);
#10014 = CARTESIAN_POINT('',(1.25,-0.549524476701,7.07980355453E-02));
#10015 = DIRECTION('',(1.,-1.224646799147E-16,-0.));
#10016 = DIRECTION('',(-0.,0.,-1.));
#10017 = ADVANCED_FACE('',(#10018),#10029,.F.);
#10018 = FACE_BOUND('',#10019,.F.);
#10019 = EDGE_LOOP('',(#10020,#10026,#10027,#10028));
#10020 = ORIENTED_EDGE('',*,*,#10021,.T.);
#10021 = EDGE_CURVE('',#9465,#9998,#10022,.T.);
#10022 = LINE('',#10023,#10024);
#10023 = CARTESIAN_POINT('',(2.75,-0.5,0.1));
#10024 = VECTOR('',#10025,1.);
#10025 = DIRECTION('',(-1.,1.224646799147E-16,0.));
#10026 = ORIENTED_EDGE('',*,*,#10005,.T.);
#10027 = ORIENTED_EDGE('',*,*,#9394,.F.);
#10028 = ORIENTED_EDGE('',*,*,#9472,.F.);
#10029 = PLANE('',#10030);
#10030 = AXIS2_PLACEMENT_3D('',#10031,#10032,#10033);
#10031 = CARTESIAN_POINT('',(2.75,-0.5,0.1));
#10032 = DIRECTION('',(5.319525767383E-18,4.343722427631E-02,
    0.999056158355));
#10033 = DIRECTION('',(-1.223490926498E-16,-0.999056158355,
    4.343722427631E-02));
#10034 = ADVANCED_FACE('',(#10035),#10072,.F.);
#10035 = FACE_BOUND('',#10036,.F.);
#10036 = EDGE_LOOP('',(#10037,#10038,#10039,#10047,#10055,#10064,#10070,
    #10071));
#10037 = ORIENTED_EDGE('',*,*,#9869,.F.);
#10038 = ORIENTED_EDGE('',*,*,#9594,.T.);
#10039 = ORIENTED_EDGE('',*,*,#10040,.T.);
#10040 = EDGE_CURVE('',#9587,#10041,#10043,.T.);
#10041 = VERTEX_POINT('',#10042);
#10042 = CARTESIAN_POINT('',(-1.95,0.2,6.));
#10043 = LINE('',#10044,#10045);
#10044 = CARTESIAN_POINT('',(-1.95,1.7,6.));
#10045 = VECTOR('',#10046,1.);
#10046 = DIRECTION('',(-1.224646799147E-16,-1.,0.));
#10047 = ORIENTED_EDGE('',*,*,#10048,.T.);
#10048 = EDGE_CURVE('',#10041,#10049,#10051,.T.);
#10049 = VERTEX_POINT('',#10050);
#10050 = CARTESIAN_POINT('',(-1.95,0.2,4.4));
#10051 = LINE('',#10052,#10053);
#10052 = CARTESIAN_POINT('',(-1.95,0.2,3.));
#10053 = VECTOR('',#10054,1.);
#10054 = DIRECTION('',(-0.,0.,-1.));
#10055 = ORIENTED_EDGE('',*,*,#10056,.F.);
#10056 = EDGE_CURVE('',#10057,#10049,#10059,.T.);
#10057 = VERTEX_POINT('',#10058);
#10058 = CARTESIAN_POINT('',(-1.95,-0.6,4.4));
#10059 = CIRCLE('',#10060,0.4);
#10060 = AXIS2_PLACEMENT_3D('',#10061,#10062,#10063);
#10061 = CARTESIAN_POINT('',(-1.95,-0.2,4.4));
#10062 = DIRECTION('',(1.,-1.224646799147E-16,0.));
#10063 = DIRECTION('',(1.224646799147E-16,1.,0.));
#10064 = ORIENTED_EDGE('',*,*,#10065,.T.);
#10065 = EDGE_CURVE('',#10057,#9839,#10066,.T.);
#10066 = LINE('',#10067,#10068);
#10067 = CARTESIAN_POINT('',(-1.95,-0.6,2.2));
#10068 = VECTOR('',#10069,1.);
#10069 = DIRECTION('',(0.,0.,1.));
#10070 = ORIENTED_EDGE('',*,*,#9846,.T.);
#10071 = ORIENTED_EDGE('',*,*,#9370,.F.);
#10072 = PLANE('',#10073);
#10073 = AXIS2_PLACEMENT_3D('',#10074,#10075,#10076);
#10074 = CARTESIAN_POINT('',(-1.95,1.7,0.));
#10075 = DIRECTION('',(1.,-1.224646799147E-16,0.));
#10076 = DIRECTION('',(-1.224646799147E-16,-1.,0.));
#10077 = ADVANCED_FACE('',(#10078),#10089,.F.);
#10078 = FACE_BOUND('',#10079,.F.);
#10079 = EDGE_LOOP('',(#10080,#10081,#10082,#10088));
#10080 = ORIENTED_EDGE('',*,*,#9650,.T.);
#10081 = ORIENTED_EDGE('',*,*,#9989,.T.);
#10082 = ORIENTED_EDGE('',*,*,#10083,.F.);
#10083 = EDGE_CURVE('',#9457,#9990,#10084,.T.);
#10084 = LINE('',#10085,#10086);
#10085 = CARTESIAN_POINT('',(2.75,0.5,0.1));
#10086 = VECTOR('',#10087,1.);
#10087 = DIRECTION('',(-1.,1.224646799147E-16,0.));
#10088 = ORIENTED_EDGE('',*,*,#9456,.F.);
#10089 = PLANE('',#10090);
#10090 = AXIS2_PLACEMENT_3D('',#10091,#10092,#10093);
#10091 = CARTESIAN_POINT('',(2.75,1.7,0.2));
#10092 = DIRECTION('',(-1.017013810865E-17,-8.304547985373E-02,
    0.996545758245));
#10093 = DIRECTION('',(-1.220416573038E-16,-0.996545758245,
    -8.304547985373E-02));
#10094 = ADVANCED_FACE('',(#10095,#10101),#10135,.F.);
#10095 = FACE_BOUND('',#10096,.F.);
#10096 = EDGE_LOOP('',(#10097,#10098,#10099,#10100));
#10097 = ORIENTED_EDGE('',*,*,#10083,.T.);
#10098 = ORIENTED_EDGE('',*,*,#9997,.T.);
#10099 = ORIENTED_EDGE('',*,*,#10021,.F.);
#10100 = ORIENTED_EDGE('',*,*,#9464,.F.);
#10101 = FACE_BOUND('',#10102,.F.);
#10102 = EDGE_LOOP('',(#10103,#10113,#10121,#10129));
#10103 = ORIENTED_EDGE('',*,*,#10104,.T.);
#10104 = EDGE_CURVE('',#10105,#10107,#10109,.T.);
#10105 = VERTEX_POINT('',#10106);
#10106 = CARTESIAN_POINT('',(1.75,0.25,0.1));
#10107 = VERTEX_POINT('',#10108);
#10108 = CARTESIAN_POINT('',(2.25,0.25,0.1));
#10109 = LINE('',#10110,#10111);
#10110 = CARTESIAN_POINT('',(2.5,0.25,0.1));
#10111 = VECTOR('',#10112,1.);
#10112 = DIRECTION('',(1.,-1.224646799147E-16,0.));
#10113 = ORIENTED_EDGE('',*,*,#10114,.T.);
#10114 = EDGE_CURVE('',#10107,#10115,#10117,.T.);
#10115 = VERTEX_POINT('',#10116);
#10116 = CARTESIAN_POINT('',(2.25,-0.25,0.1));
#10117 = LINE('',#10118,#10119);
#10118 = CARTESIAN_POINT('',(2.25,0.271633216363,0.1));
#10119 = VECTOR('',#10120,1.);
#10120 = DIRECTION('',(-1.224646799147E-16,-1.,0.));
#10121 = ORIENTED_EDGE('',*,*,#10122,.T.);
#10122 = EDGE_CURVE('',#10115,#10123,#10125,.T.);
#10123 = VERTEX_POINT('',#10124);
#10124 = CARTESIAN_POINT('',(1.75,-0.25,0.1));
#10125 = LINE('',#10126,#10127);
#10126 = CARTESIAN_POINT('',(2.5,-0.25,0.1));
#10127 = VECTOR('',#10128,1.);
#10128 = DIRECTION('',(-1.,1.224646799147E-16,0.));
#10129 = ORIENTED_EDGE('',*,*,#10130,.F.);
#10130 = EDGE_CURVE('',#10105,#10123,#10131,.T.);
#10131 = LINE('',#10132,#10133);
#10132 = CARTESIAN_POINT('',(1.75,0.271633216363,0.1));
#10133 = VECTOR('',#10134,1.);
#10134 = DIRECTION('',(-1.224646799147E-16,-1.,0.));
#10135 = PLANE('',#10136);
#10136 = AXIS2_PLACEMENT_3D('',#10137,#10138,#10139);
#10137 = CARTESIAN_POINT('',(2.75,0.5,0.1));
#10138 = DIRECTION('',(0.,0.,1.));
#10139 = DIRECTION('',(-1.224646799147E-16,-1.,0.));
#10140 = ADVANCED_FACE('',(#10141),#10152,.F.);
#10141 = FACE_BOUND('',#10142,.F.);
#10142 = EDGE_LOOP('',(#10143,#10144,#10145,#10151));
#10143 = ORIENTED_EDGE('',*,*,#9618,.T.);
#10144 = ORIENTED_EDGE('',*,*,#9884,.T.);
#10145 = ORIENTED_EDGE('',*,*,#10146,.F.);
#10146 = EDGE_CURVE('',#9942,#9885,#10147,.T.);
#10147 = LINE('',#10148,#10149);
#10148 = CARTESIAN_POINT('',(0.75,0.5,0.1));
#10149 = VECTOR('',#10150,1.);
#10150 = DIRECTION('',(-1.,1.224646799147E-16,0.));
#10151 = ORIENTED_EDGE('',*,*,#9941,.F.);
#10152 = PLANE('',#10153);
#10153 = AXIS2_PLACEMENT_3D('',#10154,#10155,#10156);
#10154 = CARTESIAN_POINT('',(0.75,1.7,0.2));
#10155 = DIRECTION('',(-1.017013810865E-17,-8.304547985373E-02,
    0.996545758245));
#10156 = DIRECTION('',(-1.220416573038E-16,-0.996545758245,
    -8.304547985373E-02));
#10157 = ADVANCED_FACE('',(#10158),#10215,.T.);
#10158 = FACE_BOUND('',#10159,.T.);
#10159 = EDGE_LOOP('',(#10160,#10168,#10169,#10177,#10185,#10191,#10192,
    #10193,#10201,#10209));
#10160 = ORIENTED_EDGE('',*,*,#10161,.F.);
#10161 = EDGE_CURVE('',#9515,#10162,#10164,.T.);
#10162 = VERTEX_POINT('',#10163);
#10163 = CARTESIAN_POINT('',(0.55,1.1,6.));
#10164 = LINE('',#10165,#10166);
#10165 = CARTESIAN_POINT('',(0.55,1.7,6.));
#10166 = VECTOR('',#10167,1.);
#10167 = DIRECTION('',(-1.224646799147E-16,-1.,0.));
#10168 = ORIENTED_EDGE('',*,*,#9522,.T.);
#10169 = ORIENTED_EDGE('',*,*,#10170,.T.);
#10170 = EDGE_CURVE('',#9523,#10171,#10173,.T.);
#10171 = VERTEX_POINT('',#10172);
#10172 = CARTESIAN_POINT('',(-0.45,1.75,6.));
#10173 = LINE('',#10174,#10175);
#10174 = CARTESIAN_POINT('',(-0.45,1.7,6.));
#10175 = VECTOR('',#10176,1.);
#10176 = DIRECTION('',(1.224646799147E-16,1.,0.));
#10177 = ORIENTED_EDGE('',*,*,#10178,.T.);
#10178 = EDGE_CURVE('',#10171,#10179,#10181,.T.);
#10179 = VERTEX_POINT('',#10180);
#10180 = CARTESIAN_POINT('',(-0.95,1.75,6.));
#10181 = LINE('',#10182,#10183);
#10182 = CARTESIAN_POINT('',(-0.45,1.75,6.));
#10183 = VECTOR('',#10184,1.);
#10184 = DIRECTION('',(-1.,1.224646799147E-16,0.));
#10185 = ORIENTED_EDGE('',*,*,#10186,.T.);
#10186 = EDGE_CURVE('',#10179,#9579,#10187,.T.);
#10187 = LINE('',#10188,#10189);
#10188 = CARTESIAN_POINT('',(-0.95,1.75,6.));
#10189 = VECTOR('',#10190,1.);
#10190 = DIRECTION('',(-1.224646799147E-16,-1.,0.));
#10191 = ORIENTED_EDGE('',*,*,#9586,.T.);
#10192 = ORIENTED_EDGE('',*,*,#10040,.T.);
#10193 = ORIENTED_EDGE('',*,*,#10194,.F.);
#10194 = EDGE_CURVE('',#10195,#10041,#10197,.T.);
#10195 = VERTEX_POINT('',#10196);
#10196 = CARTESIAN_POINT('',(-1.45,0.2,6.));
#10197 = LINE('',#10198,#10199);
#10198 = CARTESIAN_POINT('',(3.95,0.2,6.));
#10199 = VECTOR('',#10200,1.);
#10200 = DIRECTION('',(-1.,1.224646799147E-16,0.));
#10201 = ORIENTED_EDGE('',*,*,#10202,.F.);
#10202 = EDGE_CURVE('',#10203,#10195,#10205,.T.);
#10203 = VERTEX_POINT('',#10204);
#10204 = CARTESIAN_POINT('',(-1.45,1.1,6.));
#10205 = LINE('',#10206,#10207);
#10206 = CARTESIAN_POINT('',(-1.45,1.1,6.));
#10207 = VECTOR('',#10208,1.);
#10208 = DIRECTION('',(-1.224646799147E-16,-1.,0.));
#10209 = ORIENTED_EDGE('',*,*,#10210,.F.);
#10210 = EDGE_CURVE('',#10162,#10203,#10211,.T.);
#10211 = LINE('',#10212,#10213);
#10212 = CARTESIAN_POINT('',(3.45,1.1,6.));
#10213 = VECTOR('',#10214,1.);
#10214 = DIRECTION('',(-1.,1.224646799147E-16,0.));
#10215 = PLANE('',#10216);
#10216 = AXIS2_PLACEMENT_3D('',#10217,#10218,#10219);
#10217 = CARTESIAN_POINT('',(-0.922222222222,1.18487654321,6.));
#10218 = DIRECTION('',(0.,0.,1.));
#10219 = DIRECTION('',(-1.,1.224646799147E-16,0.));
#10220 = ADVANCED_FACE('',(#10221),#10239,.F.);
#10221 = FACE_BOUND('',#10222,.F.);
#10222 = EDGE_LOOP('',(#10223,#10231,#10232,#10233));
#10223 = ORIENTED_EDGE('',*,*,#10224,.T.);
#10224 = EDGE_CURVE('',#10225,#10179,#10227,.T.);
#10225 = VERTEX_POINT('',#10226);
#10226 = CARTESIAN_POINT('',(-0.95,1.75,4.2));
#10227 = LINE('',#10228,#10229);
#10228 = CARTESIAN_POINT('',(-0.95,1.75,4.2));
#10229 = VECTOR('',#10230,1.);
#10230 = DIRECTION('',(0.,0.,1.));
#10231 = ORIENTED_EDGE('',*,*,#10186,.T.);
#10232 = ORIENTED_EDGE('',*,*,#9578,.F.);
#10233 = ORIENTED_EDGE('',*,*,#10234,.F.);
#10234 = EDGE_CURVE('',#10225,#9571,#10235,.T.);
#10235 = LINE('',#10236,#10237);
#10236 = CARTESIAN_POINT('',(-0.95,1.75,4.2));
#10237 = VECTOR('',#10238,1.);
#10238 = DIRECTION('',(-1.224646799147E-16,-1.,0.));
#10239 = PLANE('',#10240);
#10240 = AXIS2_PLACEMENT_3D('',#10241,#10242,#10243);
#10241 = CARTESIAN_POINT('',(-0.95,1.75,4.2));
#10242 = DIRECTION('',(1.,-1.224646799147E-16,0.));
#10243 = DIRECTION('',(-1.224646799147E-16,-1.,0.));
#10244 = ADVANCED_FACE('',(#10245),#10286,.T.);
#10245 = FACE_BOUND('',#10246,.T.);
#10246 = EDGE_LOOP('',(#10247,#10248,#10256,#10264,#10270,#10271,#10272,
    #10280));
#10247 = ORIENTED_EDGE('',*,*,#9538,.F.);
#10248 = ORIENTED_EDGE('',*,*,#10249,.T.);
#10249 = EDGE_CURVE('',#9539,#10250,#10252,.T.);
#10250 = VERTEX_POINT('',#10251);
#10251 = CARTESIAN_POINT('',(-0.4,1.1,4.2));
#10252 = LINE('',#10253,#10254);
#10253 = CARTESIAN_POINT('',(-0.4,1.7,4.2));
#10254 = VECTOR('',#10255,1.);
#10255 = DIRECTION('',(-1.224646799147E-16,-1.,0.));
#10256 = ORIENTED_EDGE('',*,*,#10257,.T.);
#10257 = EDGE_CURVE('',#10250,#10258,#10260,.T.);
#10258 = VERTEX_POINT('',#10259);
#10259 = CARTESIAN_POINT('',(-1.4,1.1,4.2));
#10260 = LINE('',#10261,#10262);
#10261 = CARTESIAN_POINT('',(1.525,1.1,4.2));
#10262 = VECTOR('',#10263,1.);
#10263 = DIRECTION('',(-1.,1.224646799147E-16,0.));
#10264 = ORIENTED_EDGE('',*,*,#10265,.F.);
#10265 = EDGE_CURVE('',#9563,#10258,#10266,.T.);
#10266 = LINE('',#10267,#10268);
#10267 = CARTESIAN_POINT('',(-1.4,1.7,4.2));
#10268 = VECTOR('',#10269,1.);
#10269 = DIRECTION('',(-1.224646799147E-16,-1.,0.));
#10270 = ORIENTED_EDGE('',*,*,#9570,.F.);
#10271 = ORIENTED_EDGE('',*,*,#10234,.F.);
#10272 = ORIENTED_EDGE('',*,*,#10273,.F.);
#10273 = EDGE_CURVE('',#10274,#10225,#10276,.T.);
#10274 = VERTEX_POINT('',#10275);
#10275 = CARTESIAN_POINT('',(-0.45,1.75,4.2));
#10276 = LINE('',#10277,#10278);
#10277 = CARTESIAN_POINT('',(-0.45,1.75,4.2));
#10278 = VECTOR('',#10279,1.);
#10279 = DIRECTION('',(-1.,1.224646799147E-16,0.));
#10280 = ORIENTED_EDGE('',*,*,#10281,.F.);
#10281 = EDGE_CURVE('',#9531,#10274,#10282,.T.);
#10282 = LINE('',#10283,#10284);
#10283 = CARTESIAN_POINT('',(-0.45,1.7,4.2));
#10284 = VECTOR('',#10285,1.);
#10285 = DIRECTION('',(1.224646799147E-16,1.,0.));
#10286 = PLANE('',#10287);
#10287 = AXIS2_PLACEMENT_3D('',#10288,#10289,#10290);
#10288 = CARTESIAN_POINT('',(-0.893939393939,1.417424242424,4.2));
#10289 = DIRECTION('',(-2.590322521168E-30,-2.221330562073E-31,-1.));
#10290 = DIRECTION('',(1.,-1.224646799147E-16,-2.590322521168E-30));
#10291 = ADVANCED_FACE('',(#10292),#10310,.T.);
#10292 = FACE_BOUND('',#10293,.T.);
#10293 = EDGE_LOOP('',(#10294,#10295,#10296,#10304));
#10294 = ORIENTED_EDGE('',*,*,#9562,.F.);
#10295 = ORIENTED_EDGE('',*,*,#10265,.T.);
#10296 = ORIENTED_EDGE('',*,*,#10297,.T.);
#10297 = EDGE_CURVE('',#10258,#10298,#10300,.T.);
#10298 = VERTEX_POINT('',#10299);
#10299 = CARTESIAN_POINT('',(-1.4,1.1,2.4));
#10300 = LINE('',#10301,#10302);
#10301 = CARTESIAN_POINT('',(-1.4,1.1,5.1));
#10302 = VECTOR('',#10303,1.);
#10303 = DIRECTION('',(-0.,0.,-1.));
#10304 = ORIENTED_EDGE('',*,*,#10305,.F.);
#10305 = EDGE_CURVE('',#9555,#10298,#10306,.T.);
#10306 = LINE('',#10307,#10308);
#10307 = CARTESIAN_POINT('',(-1.4,1.7,2.4));
#10308 = VECTOR('',#10309,1.);
#10309 = DIRECTION('',(-1.224646799147E-16,-1.,0.));
#10310 = PLANE('',#10311);
#10311 = AXIS2_PLACEMENT_3D('',#10312,#10313,#10314);
#10312 = CARTESIAN_POINT('',(-1.4,1.7,4.2));
#10313 = DIRECTION('',(1.,-1.224646799147E-16,-0.));
#10314 = DIRECTION('',(-0.,0.,-1.));
#10315 = ADVANCED_FACE('',(#10316),#10334,.T.);
#10316 = FACE_BOUND('',#10317,.T.);
#10317 = EDGE_LOOP('',(#10318,#10319,#10320,#10328));
#10318 = ORIENTED_EDGE('',*,*,#9554,.F.);
#10319 = ORIENTED_EDGE('',*,*,#10305,.T.);
#10320 = ORIENTED_EDGE('',*,*,#10321,.T.);
#10321 = EDGE_CURVE('',#10298,#10322,#10324,.T.);
#10322 = VERTEX_POINT('',#10323);
#10323 = CARTESIAN_POINT('',(-0.4,1.1,2.4));
#10324 = LINE('',#10325,#10326);
#10325 = CARTESIAN_POINT('',(1.025,1.1,2.4));
#10326 = VECTOR('',#10327,1.);
#10327 = DIRECTION('',(1.,-1.224646799147E-16,0.));
#10328 = ORIENTED_EDGE('',*,*,#10329,.F.);
#10329 = EDGE_CURVE('',#9547,#10322,#10330,.T.);
#10330 = LINE('',#10331,#10332);
#10331 = CARTESIAN_POINT('',(-0.4,1.7,2.4));
#10332 = VECTOR('',#10333,1.);
#10333 = DIRECTION('',(-1.224646799147E-16,-1.,0.));
#10334 = PLANE('',#10335);
#10335 = AXIS2_PLACEMENT_3D('',#10336,#10337,#10338);
#10336 = CARTESIAN_POINT('',(-1.4,1.7,2.4));
#10337 = DIRECTION('',(0.,0.,1.));
#10338 = DIRECTION('',(1.,-1.224646799147E-16,0.));
#10339 = ADVANCED_FACE('',(#10340),#10351,.T.);
#10340 = FACE_BOUND('',#10341,.T.);
#10341 = EDGE_LOOP('',(#10342,#10343,#10344,#10350));
#10342 = ORIENTED_EDGE('',*,*,#9546,.F.);
#10343 = ORIENTED_EDGE('',*,*,#10329,.T.);
#10344 = ORIENTED_EDGE('',*,*,#10345,.T.);
#10345 = EDGE_CURVE('',#10322,#10250,#10346,.T.);
#10346 = LINE('',#10347,#10348);
#10347 = CARTESIAN_POINT('',(-0.4,1.1,4.2));
#10348 = VECTOR('',#10349,1.);
#10349 = DIRECTION('',(0.,0.,1.));
#10350 = ORIENTED_EDGE('',*,*,#10249,.F.);
#10351 = PLANE('',#10352);
#10352 = AXIS2_PLACEMENT_3D('',#10353,#10354,#10355);
#10353 = CARTESIAN_POINT('',(-0.4,1.7,2.4));
#10354 = DIRECTION('',(-1.,1.224646799147E-16,0.));
#10355 = DIRECTION('',(0.,0.,1.));
#10356 = ADVANCED_FACE('',(#10357),#10368,.F.);
#10357 = FACE_BOUND('',#10358,.F.);
#10358 = EDGE_LOOP('',(#10359,#10360,#10361,#10367));
#10359 = ORIENTED_EDGE('',*,*,#9530,.T.);
#10360 = ORIENTED_EDGE('',*,*,#10170,.T.);
#10361 = ORIENTED_EDGE('',*,*,#10362,.F.);
#10362 = EDGE_CURVE('',#10274,#10171,#10363,.T.);
#10363 = LINE('',#10364,#10365);
#10364 = CARTESIAN_POINT('',(-0.45,1.75,4.2));
#10365 = VECTOR('',#10366,1.);
#10366 = DIRECTION('',(0.,0.,1.));
#10367 = ORIENTED_EDGE('',*,*,#10281,.F.);
#10368 = PLANE('',#10369);
#10369 = AXIS2_PLACEMENT_3D('',#10370,#10371,#10372);
#10370 = CARTESIAN_POINT('',(-0.45,1.7,4.2));
#10371 = DIRECTION('',(-1.,1.224646799147E-16,0.));
#10372 = DIRECTION('',(1.224646799147E-16,1.,0.));
#10373 = ADVANCED_FACE('',(#10374),#10392,.F.);
#10374 = FACE_BOUND('',#10375,.F.);
#10375 = EDGE_LOOP('',(#10376,#10377,#10385,#10391));
#10376 = ORIENTED_EDGE('',*,*,#9514,.F.);
#10377 = ORIENTED_EDGE('',*,*,#10378,.T.);
#10378 = EDGE_CURVE('',#9507,#10379,#10381,.T.);
#10379 = VERTEX_POINT('',#10380);
#10380 = CARTESIAN_POINT('',(0.55,1.1,2.1));
#10381 = LINE('',#10382,#10383);
#10382 = CARTESIAN_POINT('',(0.55,1.7,2.1));
#10383 = VECTOR('',#10384,1.);
#10384 = DIRECTION('',(-1.224646799147E-16,-1.,0.));
#10385 = ORIENTED_EDGE('',*,*,#10386,.T.);
#10386 = EDGE_CURVE('',#10379,#10162,#10387,.T.);
#10387 = LINE('',#10388,#10389);
#10388 = CARTESIAN_POINT('',(0.55,1.1,4.05));
#10389 = VECTOR('',#10390,1.);
#10390 = DIRECTION('',(0.,0.,1.));
#10391 = ORIENTED_EDGE('',*,*,#10161,.F.);
#10392 = PLANE('',#10393);
#10393 = AXIS2_PLACEMENT_3D('',#10394,#10395,#10396);
#10394 = CARTESIAN_POINT('',(0.55,1.7,2.1));
#10395 = DIRECTION('',(-1.,1.224646799147E-16,0.));
#10396 = DIRECTION('',(0.,0.,1.));
#10397 = ADVANCED_FACE('',(#10398),#10416,.F.);
#10398 = FACE_BOUND('',#10399,.F.);
#10399 = EDGE_LOOP('',(#10400,#10401,#10409,#10415));
#10400 = ORIENTED_EDGE('',*,*,#9506,.F.);
#10401 = ORIENTED_EDGE('',*,*,#10402,.T.);
#10402 = EDGE_CURVE('',#9499,#10403,#10405,.T.);
#10403 = VERTEX_POINT('',#10404);
#10404 = CARTESIAN_POINT('',(1.45,1.1,2.1));
#10405 = LINE('',#10406,#10407);
#10406 = CARTESIAN_POINT('',(1.45,1.7,2.1));
#10407 = VECTOR('',#10408,1.);
#10408 = DIRECTION('',(-1.224646799147E-16,-1.,0.));
#10409 = ORIENTED_EDGE('',*,*,#10410,.T.);
#10410 = EDGE_CURVE('',#10403,#10379,#10411,.T.);
#10411 = LINE('',#10412,#10413);
#10412 = CARTESIAN_POINT('',(2.45,1.1,2.1));
#10413 = VECTOR('',#10414,1.);
#10414 = DIRECTION('',(-1.,1.224646799147E-16,0.));
#10415 = ORIENTED_EDGE('',*,*,#10378,.F.);
#10416 = PLANE('',#10417);
#10417 = AXIS2_PLACEMENT_3D('',#10418,#10419,#10420);
#10418 = CARTESIAN_POINT('',(1.45,1.7,2.1));
#10419 = DIRECTION('',(-0.,0.,-1.));
#10420 = DIRECTION('',(-1.,1.224646799147E-16,0.));
#10421 = ADVANCED_FACE('',(#10422),#10433,.F.);
#10422 = FACE_BOUND('',#10423,.F.);
#10423 = EDGE_LOOP('',(#10424,#10425,#10426,#10432));
#10424 = ORIENTED_EDGE('',*,*,#9498,.F.);
#10425 = ORIENTED_EDGE('',*,*,#9709,.T.);
#10426 = ORIENTED_EDGE('',*,*,#10427,.T.);
#10427 = EDGE_CURVE('',#9710,#10403,#10428,.T.);
#10428 = LINE('',#10429,#10430);
#10429 = CARTESIAN_POINT('',(1.45,1.1,6.));
#10430 = VECTOR('',#10431,1.);
#10431 = DIRECTION('',(-0.,0.,-1.));
#10432 = ORIENTED_EDGE('',*,*,#10402,.F.);
#10433 = PLANE('',#10434);
#10434 = AXIS2_PLACEMENT_3D('',#10435,#10436,#10437);
#10435 = CARTESIAN_POINT('',(1.45,1.7,6.));
#10436 = DIRECTION('',(1.,-1.224646799147E-16,0.));
#10437 = DIRECTION('',(0.,-0.,-1.));
#10438 = ADVANCED_FACE('',(#10439),#10464,.F.);
#10439 = FACE_BOUND('',#10440,.F.);
#10440 = EDGE_LOOP('',(#10441,#10442,#10450,#10458));
#10441 = ORIENTED_EDGE('',*,*,#9659,.F.);
#10442 = ORIENTED_EDGE('',*,*,#10443,.T.);
#10443 = EDGE_CURVE('',#9660,#10444,#10446,.T.);
#10444 = VERTEX_POINT('',#10445);
#10445 = CARTESIAN_POINT('',(2.4,1.1,4.2));
#10446 = LINE('',#10447,#10448);
#10447 = CARTESIAN_POINT('',(2.4,1.7,4.2));
#10448 = VECTOR('',#10449,1.);
#10449 = DIRECTION('',(-1.224646799147E-16,-1.,0.));
#10450 = ORIENTED_EDGE('',*,*,#10451,.T.);
#10451 = EDGE_CURVE('',#10444,#10452,#10454,.T.);
#10452 = VERTEX_POINT('',#10453);
#10453 = CARTESIAN_POINT('',(3.4,1.1,4.2));
#10454 = LINE('',#10455,#10456);
#10455 = CARTESIAN_POINT('',(2.925,1.1,4.2));
#10456 = VECTOR('',#10457,1.);
#10457 = DIRECTION('',(1.,-1.224646799147E-16,0.));
#10458 = ORIENTED_EDGE('',*,*,#10459,.F.);
#10459 = EDGE_CURVE('',#9662,#10452,#10460,.T.);
#10460 = LINE('',#10461,#10462);
#10461 = CARTESIAN_POINT('',(3.4,1.7,4.2));
#10462 = VECTOR('',#10463,1.);
#10463 = DIRECTION('',(-1.224646799147E-16,-1.,0.));
#10464 = PLANE('',#10465);
#10465 = AXIS2_PLACEMENT_3D('',#10466,#10467,#10468);
#10466 = CARTESIAN_POINT('',(2.4,1.7,4.2));
#10467 = DIRECTION('',(0.,0.,1.));
#10468 = DIRECTION('',(1.,-1.224646799147E-16,0.));
#10469 = ADVANCED_FACE('',(#10470),#10488,.F.);
#10470 = FACE_BOUND('',#10471,.F.);
#10471 = EDGE_LOOP('',(#10472,#10473,#10481,#10487));
#10472 = ORIENTED_EDGE('',*,*,#9685,.F.);
#10473 = ORIENTED_EDGE('',*,*,#10474,.T.);
#10474 = EDGE_CURVE('',#9678,#10475,#10477,.T.);
#10475 = VERTEX_POINT('',#10476);
#10476 = CARTESIAN_POINT('',(2.4,1.1,2.4));
#10477 = LINE('',#10478,#10479);
#10478 = CARTESIAN_POINT('',(2.4,1.7,2.4));
#10479 = VECTOR('',#10480,1.);
#10480 = DIRECTION('',(-1.224646799147E-16,-1.,0.));
#10481 = ORIENTED_EDGE('',*,*,#10482,.T.);
#10482 = EDGE_CURVE('',#10475,#10444,#10483,.T.);
#10483 = LINE('',#10484,#10485);
#10484 = CARTESIAN_POINT('',(2.4,1.1,4.2));
#10485 = VECTOR('',#10486,1.);
#10486 = DIRECTION('',(0.,0.,1.));
#10487 = ORIENTED_EDGE('',*,*,#10443,.F.);
#10488 = PLANE('',#10489);
#10489 = AXIS2_PLACEMENT_3D('',#10490,#10491,#10492);
#10490 = CARTESIAN_POINT('',(2.4,1.7,2.4));
#10491 = DIRECTION('',(-1.,1.224646799147E-16,0.));
#10492 = DIRECTION('',(0.,0.,1.));
#10493 = ADVANCED_FACE('',(#10494),#10512,.F.);
#10494 = FACE_BOUND('',#10495,.F.);
#10495 = EDGE_LOOP('',(#10496,#10497,#10498,#10506));
#10496 = ORIENTED_EDGE('',*,*,#9669,.F.);
#10497 = ORIENTED_EDGE('',*,*,#10459,.T.);
#10498 = ORIENTED_EDGE('',*,*,#10499,.T.);
#10499 = EDGE_CURVE('',#10452,#10500,#10502,.T.);
#10500 = VERTEX_POINT('',#10501);
#10501 = CARTESIAN_POINT('',(3.4,1.1,2.4));
#10502 = LINE('',#10503,#10504);
#10503 = CARTESIAN_POINT('',(3.4,1.1,5.1));
#10504 = VECTOR('',#10505,1.);
#10505 = DIRECTION('',(-0.,0.,-1.));
#10506 = ORIENTED_EDGE('',*,*,#10507,.F.);
#10507 = EDGE_CURVE('',#9670,#10500,#10508,.T.);
#10508 = LINE('',#10509,#10510);
#10509 = CARTESIAN_POINT('',(3.4,1.7,2.4));
#10510 = VECTOR('',#10511,1.);
#10511 = DIRECTION('',(-1.224646799147E-16,-1.,0.));
#10512 = PLANE('',#10513);
#10513 = AXIS2_PLACEMENT_3D('',#10514,#10515,#10516);
#10514 = CARTESIAN_POINT('',(3.4,1.7,4.2));
#10515 = DIRECTION('',(1.,-1.224646799147E-16,-0.));
#10516 = DIRECTION('',(-0.,0.,-1.));
#10517 = ADVANCED_FACE('',(#10518),#10529,.F.);
#10518 = FACE_BOUND('',#10519,.F.);
#10519 = EDGE_LOOP('',(#10520,#10521,#10522,#10528));
#10520 = ORIENTED_EDGE('',*,*,#9677,.F.);
#10521 = ORIENTED_EDGE('',*,*,#10507,.T.);
#10522 = ORIENTED_EDGE('',*,*,#10523,.T.);
#10523 = EDGE_CURVE('',#10500,#10475,#10524,.T.);
#10524 = LINE('',#10525,#10526);
#10525 = CARTESIAN_POINT('',(3.425,1.1,2.4));
#10526 = VECTOR('',#10527,1.);
#10527 = DIRECTION('',(-1.,1.224646799147E-16,0.));
#10528 = ORIENTED_EDGE('',*,*,#10474,.F.);
#10529 = PLANE('',#10530);
#10530 = AXIS2_PLACEMENT_3D('',#10531,#10532,#10533);
#10531 = CARTESIAN_POINT('',(3.4,1.7,2.4));
#10532 = DIRECTION('',(-0.,0.,-1.));
#10533 = DIRECTION('',(-1.,1.224646799147E-16,0.));
#10534 = ADVANCED_FACE('',(#10535),#10564,.F.);
#10535 = FACE_BOUND('',#10536,.F.);
#10536 = EDGE_LOOP('',(#10537,#10538,#10546,#10554,#10560,#10561,#10562,
    #10563));
#10537 = ORIENTED_EDGE('',*,*,#9814,.F.);
#10538 = ORIENTED_EDGE('',*,*,#10539,.T.);
#10539 = EDGE_CURVE('',#9815,#10540,#10542,.T.);
#10540 = VERTEX_POINT('',#10541);
#10541 = CARTESIAN_POINT('',(3.45,-2.3,1.8));
#10542 = LINE('',#10543,#10544);
#10543 = CARTESIAN_POINT('',(3.45,-2.3,6.));
#10544 = VECTOR('',#10545,1.);
#10545 = DIRECTION('',(0.,0.,-1.));
#10546 = ORIENTED_EDGE('',*,*,#10547,.T.);
#10547 = EDGE_CURVE('',#10540,#10548,#10550,.T.);
#10548 = VERTEX_POINT('',#10549);
#10549 = CARTESIAN_POINT('',(3.45,1.1,1.8));
#10550 = LINE('',#10551,#10552);
#10551 = CARTESIAN_POINT('',(3.45,-2.3,1.8));
#10552 = VECTOR('',#10553,1.);
#10553 = DIRECTION('',(1.224646799147E-16,1.,0.));
#10554 = ORIENTED_EDGE('',*,*,#10555,.F.);
#10555 = EDGE_CURVE('',#9718,#10548,#10556,.T.);
#10556 = LINE('',#10557,#10558);
#10557 = CARTESIAN_POINT('',(3.45,1.1,6.));
#10558 = VECTOR('',#10559,1.);
#10559 = DIRECTION('',(0.,0.,-1.));
#10560 = ORIENTED_EDGE('',*,*,#9725,.F.);
#10561 = ORIENTED_EDGE('',*,*,#9741,.T.);
#10562 = ORIENTED_EDGE('',*,*,#9771,.F.);
#10563 = ORIENTED_EDGE('',*,*,#9790,.T.);
#10564 = PLANE('',#10565);
#10565 = AXIS2_PLACEMENT_3D('',#10566,#10567,#10568);
#10566 = CARTESIAN_POINT('',(3.45,-2.3,6.));
#10567 = DIRECTION('',(1.,-1.224646799147E-16,0.));
#10568 = DIRECTION('',(1.224646799147E-16,1.,0.));
#10569 = ADVANCED_FACE('',(#10570,#10592,#10598),#10604,.F.);
#10570 = FACE_BOUND('',#10571,.F.);
#10571 = EDGE_LOOP('',(#10572,#10573,#10574,#10582,#10588,#10589,#10590,
    #10591));
#10572 = ORIENTED_EDGE('',*,*,#9717,.F.);
#10573 = ORIENTED_EDGE('',*,*,#10555,.T.);
#10574 = ORIENTED_EDGE('',*,*,#10575,.T.);
#10575 = EDGE_CURVE('',#10548,#10576,#10578,.T.);
#10576 = VERTEX_POINT('',#10577);
#10577 = CARTESIAN_POINT('',(-1.45,1.1,1.8));
#10578 = LINE('',#10579,#10580);
#10579 = CARTESIAN_POINT('',(3.45,1.1,1.8));
#10580 = VECTOR('',#10581,1.);
#10581 = DIRECTION('',(-1.,1.224646799147E-16,0.));
#10582 = ORIENTED_EDGE('',*,*,#10583,.F.);
#10583 = EDGE_CURVE('',#10203,#10576,#10584,.T.);
#10584 = LINE('',#10585,#10586);
#10585 = CARTESIAN_POINT('',(-1.45,1.1,6.));
#10586 = VECTOR('',#10587,1.);
#10587 = DIRECTION('',(0.,0.,-1.));
#10588 = ORIENTED_EDGE('',*,*,#10210,.F.);
#10589 = ORIENTED_EDGE('',*,*,#10386,.F.);
#10590 = ORIENTED_EDGE('',*,*,#10410,.F.);
#10591 = ORIENTED_EDGE('',*,*,#10427,.F.);
#10592 = FACE_BOUND('',#10593,.F.);
#10593 = EDGE_LOOP('',(#10594,#10595,#10596,#10597));
#10594 = ORIENTED_EDGE('',*,*,#10257,.T.);
#10595 = ORIENTED_EDGE('',*,*,#10297,.T.);
#10596 = ORIENTED_EDGE('',*,*,#10321,.T.);
#10597 = ORIENTED_EDGE('',*,*,#10345,.T.);
#10598 = FACE_BOUND('',#10599,.F.);
#10599 = EDGE_LOOP('',(#10600,#10601,#10602,#10603));
#10600 = ORIENTED_EDGE('',*,*,#10523,.F.);
#10601 = ORIENTED_EDGE('',*,*,#10499,.F.);
#10602 = ORIENTED_EDGE('',*,*,#10451,.F.);
#10603 = ORIENTED_EDGE('',*,*,#10482,.F.);
#10604 = PLANE('',#10605);
#10605 = AXIS2_PLACEMENT_3D('',#10606,#10607,#10608);
#10606 = CARTESIAN_POINT('',(3.45,1.1,6.));
#10607 = DIRECTION('',(1.224646799147E-16,1.,0.));
#10608 = DIRECTION('',(-1.,1.224646799147E-16,0.));
#10609 = ADVANCED_FACE('',(#10610),#10628,.T.);
#10610 = FACE_BOUND('',#10611,.T.);
#10611 = EDGE_LOOP('',(#10612,#10620,#10626,#10627));
#10612 = ORIENTED_EDGE('',*,*,#10613,.T.);
#10613 = EDGE_CURVE('',#9831,#10614,#10616,.T.);
#10614 = VERTEX_POINT('',#10615);
#10615 = CARTESIAN_POINT('',(-1.45,-0.6,4.4));
#10616 = LINE('',#10617,#10618);
#10617 = CARTESIAN_POINT('',(-1.45,-0.6,5.2));
#10618 = VECTOR('',#10619,1.);
#10619 = DIRECTION('',(-0.,0.,-1.));
#10620 = ORIENTED_EDGE('',*,*,#10621,.T.);
#10621 = EDGE_CURVE('',#10614,#10057,#10622,.T.);
#10622 = LINE('',#10623,#10624);
#10623 = CARTESIAN_POINT('',(3.95,-0.6,4.4));
#10624 = VECTOR('',#10625,1.);
#10625 = DIRECTION('',(-1.,1.224646799147E-16,0.));
#10626 = ORIENTED_EDGE('',*,*,#10065,.T.);
#10627 = ORIENTED_EDGE('',*,*,#9838,.F.);
#10628 = PLANE('',#10629);
#10629 = AXIS2_PLACEMENT_3D('',#10630,#10631,#10632);
#10630 = CARTESIAN_POINT('',(3.95,-0.6,4.4));
#10631 = DIRECTION('',(1.224646799147E-16,1.,0.));
#10632 = DIRECTION('',(0.,-0.,1.));
#10633 = ADVANCED_FACE('',(#10634),#10669,.F.);
#10634 = FACE_BOUND('',#10635,.F.);
#10635 = EDGE_LOOP('',(#10636,#10637,#10638,#10646,#10652,#10653,#10654,
    #10663));
#10636 = ORIENTED_EDGE('',*,*,#10202,.F.);
#10637 = ORIENTED_EDGE('',*,*,#10583,.T.);
#10638 = ORIENTED_EDGE('',*,*,#10639,.T.);
#10639 = EDGE_CURVE('',#10576,#10640,#10642,.T.);
#10640 = VERTEX_POINT('',#10641);
#10641 = CARTESIAN_POINT('',(-1.45,-2.3,1.8));
#10642 = LINE('',#10643,#10644);
#10643 = CARTESIAN_POINT('',(-1.45,1.1,1.8));
#10644 = VECTOR('',#10645,1.);
#10645 = DIRECTION('',(-1.224646799147E-16,-1.,0.));
#10646 = ORIENTED_EDGE('',*,*,#10647,.F.);
#10647 = EDGE_CURVE('',#9823,#10640,#10648,.T.);
#10648 = LINE('',#10649,#10650);
#10649 = CARTESIAN_POINT('',(-1.45,-2.3,6.));
#10650 = VECTOR('',#10651,1.);
#10651 = DIRECTION('',(0.,0.,-1.));
#10652 = ORIENTED_EDGE('',*,*,#9830,.F.);
#10653 = ORIENTED_EDGE('',*,*,#10613,.T.);
#10654 = ORIENTED_EDGE('',*,*,#10655,.T.);
#10655 = EDGE_CURVE('',#10614,#10656,#10658,.T.);
#10656 = VERTEX_POINT('',#10657);
#10657 = CARTESIAN_POINT('',(-1.45,0.2,4.4));
#10658 = CIRCLE('',#10659,0.4);
#10659 = AXIS2_PLACEMENT_3D('',#10660,#10661,#10662);
#10660 = CARTESIAN_POINT('',(-1.45,-0.2,4.4));
#10661 = DIRECTION('',(1.,-1.224646799147E-16,0.));
#10662 = DIRECTION('',(1.224646799147E-16,1.,0.));
#10663 = ORIENTED_EDGE('',*,*,#10664,.T.);
#10664 = EDGE_CURVE('',#10656,#10195,#10665,.T.);
#10665 = LINE('',#10666,#10667);
#10666 = CARTESIAN_POINT('',(-1.45,0.2,6.));
#10667 = VECTOR('',#10668,1.);
#10668 = DIRECTION('',(0.,0.,1.));
#10669 = PLANE('',#10670);
#10670 = AXIS2_PLACEMENT_3D('',#10671,#10672,#10673);
#10671 = CARTESIAN_POINT('',(-1.45,1.1,6.));
#10672 = DIRECTION('',(-1.,1.224646799147E-16,0.));
#10673 = DIRECTION('',(-1.224646799147E-16,-1.,0.));
#10674 = ADVANCED_FACE('',(#10675),#10718,.F.);
#10675 = FACE_BOUND('',#10676,.F.);
#10676 = EDGE_LOOP('',(#10677,#10678,#10679,#10687,#10695,#10703,#10711,
    #10717));
#10677 = ORIENTED_EDGE('',*,*,#9822,.F.);
#10678 = ORIENTED_EDGE('',*,*,#10647,.T.);
#10679 = ORIENTED_EDGE('',*,*,#10680,.T.);
#10680 = EDGE_CURVE('',#10640,#10681,#10683,.T.);
#10681 = VERTEX_POINT('',#10682);
#10682 = CARTESIAN_POINT('',(0.8,-2.3,1.8));
#10683 = LINE('',#10684,#10685);
#10684 = CARTESIAN_POINT('',(-1.45,-2.3,1.8));
#10685 = VECTOR('',#10686,1.);
#10686 = DIRECTION('',(1.,-1.224646799147E-16,0.));
#10687 = ORIENTED_EDGE('',*,*,#10688,.T.);
#10688 = EDGE_CURVE('',#10681,#10689,#10691,.T.);
#10689 = VERTEX_POINT('',#10690);
#10690 = CARTESIAN_POINT('',(0.8,-2.3,3.7));
#10691 = LINE('',#10692,#10693);
#10692 = CARTESIAN_POINT('',(0.8,-2.3,1.8));
#10693 = VECTOR('',#10694,1.);
#10694 = DIRECTION('',(0.,0.,1.));
#10695 = ORIENTED_EDGE('',*,*,#10696,.T.);
#10696 = EDGE_CURVE('',#10689,#10697,#10699,.T.);
#10697 = VERTEX_POINT('',#10698);
#10698 = CARTESIAN_POINT('',(1.2,-2.3,3.7));
#10699 = LINE('',#10700,#10701);
#10700 = CARTESIAN_POINT('',(0.8,-2.3,3.7));
#10701 = VECTOR('',#10702,1.);
#10702 = DIRECTION('',(1.,-1.224646799147E-16,0.));
#10703 = ORIENTED_EDGE('',*,*,#10704,.F.);
#10704 = EDGE_CURVE('',#10705,#10697,#10707,.T.);
#10705 = VERTEX_POINT('',#10706);
#10706 = CARTESIAN_POINT('',(1.2,-2.3,1.8));
#10707 = LINE('',#10708,#10709);
#10708 = CARTESIAN_POINT('',(1.2,-2.3,1.8));
#10709 = VECTOR('',#10710,1.);
#10710 = DIRECTION('',(0.,0.,1.));
#10711 = ORIENTED_EDGE('',*,*,#10712,.T.);
#10712 = EDGE_CURVE('',#10705,#10540,#10713,.T.);
#10713 = LINE('',#10714,#10715);
#10714 = CARTESIAN_POINT('',(-1.45,-2.3,1.8));
#10715 = VECTOR('',#10716,1.);
#10716 = DIRECTION('',(1.,-1.224646799147E-16,0.));
#10717 = ORIENTED_EDGE('',*,*,#10539,.F.);
#10718 = PLANE('',#10719);
#10719 = AXIS2_PLACEMENT_3D('',#10720,#10721,#10722);
#10720 = CARTESIAN_POINT('',(-1.45,-2.3,6.));
#10721 = DIRECTION('',(-1.224646799147E-16,-1.,0.));
#10722 = DIRECTION('',(1.,-1.224646799147E-16,0.));
#10723 = ADVANCED_FACE('',(#10724,#10730),#10764,.F.);
#10724 = FACE_BOUND('',#10725,.F.);
#10725 = EDGE_LOOP('',(#10726,#10727,#10728,#10729));
#10726 = ORIENTED_EDGE('',*,*,#10146,.T.);
#10727 = ORIENTED_EDGE('',*,*,#9892,.T.);
#10728 = ORIENTED_EDGE('',*,*,#9916,.F.);
#10729 = ORIENTED_EDGE('',*,*,#9949,.F.);
#10730 = FACE_BOUND('',#10731,.F.);
#10731 = EDGE_LOOP('',(#10732,#10742,#10750,#10758));
#10732 = ORIENTED_EDGE('',*,*,#10733,.T.);
#10733 = EDGE_CURVE('',#10734,#10736,#10738,.T.);
#10734 = VERTEX_POINT('',#10735);
#10735 = CARTESIAN_POINT('',(-0.25,0.25,0.1));
#10736 = VERTEX_POINT('',#10737);
#10737 = CARTESIAN_POINT('',(0.25,0.25,0.1));
#10738 = LINE('',#10739,#10740);
#10739 = CARTESIAN_POINT('',(0.5,0.25,0.1));
#10740 = VECTOR('',#10741,1.);
#10741 = DIRECTION('',(1.,-1.224646799147E-16,0.));
#10742 = ORIENTED_EDGE('',*,*,#10743,.T.);
#10743 = EDGE_CURVE('',#10736,#10744,#10746,.T.);
#10744 = VERTEX_POINT('',#10745);
#10745 = CARTESIAN_POINT('',(0.25,-0.25,0.1));
#10746 = LINE('',#10747,#10748);
#10747 = CARTESIAN_POINT('',(0.25,0.271633216363,0.1));
#10748 = VECTOR('',#10749,1.);
#10749 = DIRECTION('',(-1.224646799147E-16,-1.,0.));
#10750 = ORIENTED_EDGE('',*,*,#10751,.T.);
#10751 = EDGE_CURVE('',#10744,#10752,#10754,.T.);
#10752 = VERTEX_POINT('',#10753);
#10753 = CARTESIAN_POINT('',(-0.25,-0.25,0.1));
#10754 = LINE('',#10755,#10756);
#10755 = CARTESIAN_POINT('',(0.5,-0.25,0.1));
#10756 = VECTOR('',#10757,1.);
#10757 = DIRECTION('',(-1.,1.224646799147E-16,0.));
#10758 = ORIENTED_EDGE('',*,*,#10759,.F.);
#10759 = EDGE_CURVE('',#10734,#10752,#10760,.T.);
#10760 = LINE('',#10761,#10762);
#10761 = CARTESIAN_POINT('',(-0.25,0.271633216363,0.1));
#10762 = VECTOR('',#10763,1.);
#10763 = DIRECTION('',(-1.224646799147E-16,-1.,0.));
#10764 = PLANE('',#10765);
#10765 = AXIS2_PLACEMENT_3D('',#10766,#10767,#10768);
#10766 = CARTESIAN_POINT('',(0.75,0.5,0.1));
#10767 = DIRECTION('',(0.,0.,1.));
#10768 = DIRECTION('',(-1.224646799147E-16,-1.,0.));
#10769 = ADVANCED_FACE('',(#10770),#10781,.F.);
#10770 = FACE_BOUND('',#10771,.F.);
#10771 = EDGE_LOOP('',(#10772,#10773,#10774,#10780));
#10772 = ORIENTED_EDGE('',*,*,#10621,.T.);
#10773 = ORIENTED_EDGE('',*,*,#10056,.T.);
#10774 = ORIENTED_EDGE('',*,*,#10775,.F.);
#10775 = EDGE_CURVE('',#10656,#10049,#10776,.T.);
#10776 = LINE('',#10777,#10778);
#10777 = CARTESIAN_POINT('',(3.95,0.2,4.4));
#10778 = VECTOR('',#10779,1.);
#10779 = DIRECTION('',(-1.,1.224646799147E-16,0.));
#10780 = ORIENTED_EDGE('',*,*,#10655,.F.);
#10781 = CYLINDRICAL_SURFACE('',#10782,0.4);
#10782 = AXIS2_PLACEMENT_3D('',#10783,#10784,#10785);
#10783 = CARTESIAN_POINT('',(3.95,-0.2,4.4));
#10784 = DIRECTION('',(1.,-1.224646799147E-16,-0.));
#10785 = DIRECTION('',(1.224646799147E-16,1.,0.));
#10786 = ADVANCED_FACE('',(#10787),#10793,.T.);
#10787 = FACE_BOUND('',#10788,.T.);
#10788 = EDGE_LOOP('',(#10789,#10790,#10791,#10792));
#10789 = ORIENTED_EDGE('',*,*,#10664,.T.);
#10790 = ORIENTED_EDGE('',*,*,#10194,.T.);
#10791 = ORIENTED_EDGE('',*,*,#10048,.T.);
#10792 = ORIENTED_EDGE('',*,*,#10775,.F.);
#10793 = PLANE('',#10794);
#10794 = AXIS2_PLACEMENT_3D('',#10795,#10796,#10797);
#10795 = CARTESIAN_POINT('',(3.95,0.2,6.));
#10796 = DIRECTION('',(-1.224646799147E-16,-1.,0.));
#10797 = DIRECTION('',(-0.,0.,-1.));
#10798 = ADVANCED_FACE('',(#10799),#10824,.F.);
#10799 = FACE_BOUND('',#10800,.F.);
#10800 = EDGE_LOOP('',(#10801,#10809,#10810,#10818));
#10801 = ORIENTED_EDGE('',*,*,#10802,.F.);
#10802 = EDGE_CURVE('',#10107,#10803,#10805,.T.);
#10803 = VERTEX_POINT('',#10804);
#10804 = CARTESIAN_POINT('',(2.25,0.25,-0.9));
#10805 = LINE('',#10806,#10807);
#10806 = CARTESIAN_POINT('',(2.25,0.25,5.));
#10807 = VECTOR('',#10808,1.);
#10808 = DIRECTION('',(-0.,0.,-1.));
#10809 = ORIENTED_EDGE('',*,*,#10104,.F.);
#10810 = ORIENTED_EDGE('',*,*,#10811,.T.);
#10811 = EDGE_CURVE('',#10105,#10812,#10814,.T.);
#10812 = VERTEX_POINT('',#10813);
#10813 = CARTESIAN_POINT('',(1.75,0.25,-0.9));
#10814 = LINE('',#10815,#10816);
#10815 = CARTESIAN_POINT('',(1.75,0.25,5.));
#10816 = VECTOR('',#10817,1.);
#10817 = DIRECTION('',(-0.,0.,-1.));
#10818 = ORIENTED_EDGE('',*,*,#10819,.F.);
#10819 = EDGE_CURVE('',#10803,#10812,#10820,.T.);
#10820 = LINE('',#10821,#10822);
#10821 = CARTESIAN_POINT('',(2.25,0.25,-0.9));
#10822 = VECTOR('',#10823,1.);
#10823 = DIRECTION('',(-1.,1.224646799147E-16,0.));
#10824 = PLANE('',#10825);
#10825 = AXIS2_PLACEMENT_3D('',#10826,#10827,#10828);
#10826 = CARTESIAN_POINT('',(2.25,0.25,5.));
#10827 = DIRECTION('',(-1.224646799147E-16,-1.,0.));
#10828 = DIRECTION('',(-0.,0.,-1.));
#10829 = ADVANCED_FACE('',(#10830),#10880,.T.);
#10830 = FACE_BOUND('',#10831,.T.);
#10831 = EDGE_LOOP('',(#10832,#10842,#10850,#10858,#10864,#10865,#10866,
    #10874));
#10832 = ORIENTED_EDGE('',*,*,#10833,.T.);
#10833 = EDGE_CURVE('',#10834,#10836,#10838,.T.);
#10834 = VERTEX_POINT('',#10835);
#10835 = CARTESIAN_POINT('',(1.75,0.281578947368,-3.2));
#10836 = VERTEX_POINT('',#10837);
#10837 = CARTESIAN_POINT('',(1.75,-0.218421052632,-3.2));
#10838 = LINE('',#10839,#10840);
#10839 = CARTESIAN_POINT('',(1.75,0.25,-3.2));
#10840 = VECTOR('',#10841,1.);
#10841 = DIRECTION('',(-1.224646799147E-16,-1.,0.));
#10842 = ORIENTED_EDGE('',*,*,#10843,.T.);
#10843 = EDGE_CURVE('',#10836,#10844,#10846,.T.);
#10844 = VERTEX_POINT('',#10845);
#10845 = CARTESIAN_POINT('',(1.75,5.E-02,-1.5));
#10846 = LINE('',#10847,#10848);
#10847 = CARTESIAN_POINT('',(1.75,-0.25,-3.4));
#10848 = VECTOR('',#10849,1.);
#10849 = DIRECTION('',(1.909990663905E-17,0.155962573473,0.987762965329)
  );
#10850 = ORIENTED_EDGE('',*,*,#10851,.T.);
#10851 = EDGE_CURVE('',#10844,#10852,#10854,.T.);
#10852 = VERTEX_POINT('',#10853);
#10853 = CARTESIAN_POINT('',(1.75,-0.25,-0.9));
#10854 = LINE('',#10855,#10856);
#10855 = CARTESIAN_POINT('',(1.75,5.E-02,-1.5));
#10856 = VECTOR('',#10857,1.);
#10857 = DIRECTION('',(-5.476786982641E-17,-0.4472135955,0.894427191));
#10858 = ORIENTED_EDGE('',*,*,#10859,.T.);
#10859 = EDGE_CURVE('',#10852,#10123,#10860,.T.);
#10860 = LINE('',#10861,#10862);
#10861 = CARTESIAN_POINT('',(1.75,-0.25,-0.9));
#10862 = VECTOR('',#10863,1.);
#10863 = DIRECTION('',(0.,0.,1.));
#10864 = ORIENTED_EDGE('',*,*,#10130,.F.);
#10865 = ORIENTED_EDGE('',*,*,#10811,.T.);
#10866 = ORIENTED_EDGE('',*,*,#10867,.T.);
#10867 = EDGE_CURVE('',#10812,#10868,#10870,.T.);
#10868 = VERTEX_POINT('',#10869);
#10869 = CARTESIAN_POINT('',(1.75,0.55,-1.5));
#10870 = LINE('',#10871,#10872);
#10871 = CARTESIAN_POINT('',(1.75,0.25,-0.9));
#10872 = VECTOR('',#10873,1.);
#10873 = DIRECTION('',(5.476786982641E-17,0.4472135955,-0.894427191));
#10874 = ORIENTED_EDGE('',*,*,#10875,.T.);
#10875 = EDGE_CURVE('',#10868,#10834,#10876,.T.);
#10876 = LINE('',#10877,#10878);
#10877 = CARTESIAN_POINT('',(1.75,0.55,-1.5));
#10878 = VECTOR('',#10879,1.);
#10879 = DIRECTION('',(-1.909990663905E-17,-0.155962573473,
    -0.987762965329));
#10880 = PLANE('',#10881);
#10881 = AXIS2_PLACEMENT_3D('',#10882,#10883,#10884);
#10882 = CARTESIAN_POINT('',(1.75,4.326643272645E-02,0.775746953017));
#10883 = DIRECTION('',(-1.,1.224646799147E-16,0.));
#10884 = DIRECTION('',(0.,0.,1.));
#10885 = ADVANCED_FACE('',(#10886),#10904,.F.);
#10886 = FACE_BOUND('',#10887,.F.);
#10887 = EDGE_LOOP('',(#10888,#10896,#10902,#10903));
#10888 = ORIENTED_EDGE('',*,*,#10889,.F.);
#10889 = EDGE_CURVE('',#10890,#10115,#10892,.T.);
#10890 = VERTEX_POINT('',#10891);
#10891 = CARTESIAN_POINT('',(2.25,-0.25,-0.9));
#10892 = LINE('',#10893,#10894);
#10893 = CARTESIAN_POINT('',(2.25,-0.25,-0.9));
#10894 = VECTOR('',#10895,1.);
#10895 = DIRECTION('',(0.,0.,1.));
#10896 = ORIENTED_EDGE('',*,*,#10897,.T.);
#10897 = EDGE_CURVE('',#10890,#10852,#10898,.T.);
#10898 = LINE('',#10899,#10900);
#10899 = CARTESIAN_POINT('',(2.25,-0.25,-0.9));
#10900 = VECTOR('',#10901,1.);
#10901 = DIRECTION('',(-1.,1.224646799147E-16,0.));
#10902 = ORIENTED_EDGE('',*,*,#10859,.T.);
#10903 = ORIENTED_EDGE('',*,*,#10122,.F.);
#10904 = PLANE('',#10905);
#10905 = AXIS2_PLACEMENT_3D('',#10906,#10907,#10908);
#10906 = CARTESIAN_POINT('',(2.25,-0.25,-0.9));
#10907 = DIRECTION('',(1.224646799147E-16,1.,0.));
#10908 = DIRECTION('',(0.,-0.,1.));
#10909 = ADVANCED_FACE('',(#10910),#10953,.F.);
#10910 = FACE_BOUND('',#10911,.F.);
#10911 = EDGE_LOOP('',(#10912,#10922,#10930,#10936,#10937,#10938,#10939,
    #10947));
#10912 = ORIENTED_EDGE('',*,*,#10913,.T.);
#10913 = EDGE_CURVE('',#10914,#10916,#10918,.T.);
#10914 = VERTEX_POINT('',#10915);
#10915 = CARTESIAN_POINT('',(2.25,0.281578947368,-3.2));
#10916 = VERTEX_POINT('',#10917);
#10917 = CARTESIAN_POINT('',(2.25,-0.218421052632,-3.2));
#10918 = LINE('',#10919,#10920);
#10919 = CARTESIAN_POINT('',(2.25,0.25,-3.2));
#10920 = VECTOR('',#10921,1.);
#10921 = DIRECTION('',(-1.224646799147E-16,-1.,0.));
#10922 = ORIENTED_EDGE('',*,*,#10923,.T.);
#10923 = EDGE_CURVE('',#10916,#10924,#10926,.T.);
#10924 = VERTEX_POINT('',#10925);
#10925 = CARTESIAN_POINT('',(2.25,5.E-02,-1.5));
#10926 = LINE('',#10927,#10928);
#10927 = CARTESIAN_POINT('',(2.25,-0.25,-3.4));
#10928 = VECTOR('',#10929,1.);
#10929 = DIRECTION('',(1.909990663905E-17,0.155962573473,0.987762965329)
  );
#10930 = ORIENTED_EDGE('',*,*,#10931,.T.);
#10931 = EDGE_CURVE('',#10924,#10890,#10932,.T.);
#10932 = LINE('',#10933,#10934);
#10933 = CARTESIAN_POINT('',(2.25,5.E-02,-1.5));
#10934 = VECTOR('',#10935,1.);
#10935 = DIRECTION('',(-5.476786982641E-17,-0.4472135955,0.894427191));
#10936 = ORIENTED_EDGE('',*,*,#10889,.T.);
#10937 = ORIENTED_EDGE('',*,*,#10114,.F.);
#10938 = ORIENTED_EDGE('',*,*,#10802,.T.);
#10939 = ORIENTED_EDGE('',*,*,#10940,.T.);
#10940 = EDGE_CURVE('',#10803,#10941,#10943,.T.);
#10941 = VERTEX_POINT('',#10942);
#10942 = CARTESIAN_POINT('',(2.25,0.55,-1.5));
#10943 = LINE('',#10944,#10945);
#10944 = CARTESIAN_POINT('',(2.25,0.25,-0.9));
#10945 = VECTOR('',#10946,1.);
#10946 = DIRECTION('',(5.476786982641E-17,0.4472135955,-0.894427191));
#10947 = ORIENTED_EDGE('',*,*,#10948,.T.);
#10948 = EDGE_CURVE('',#10941,#10914,#10949,.T.);
#10949 = LINE('',#10950,#10951);
#10950 = CARTESIAN_POINT('',(2.25,0.55,-1.5));
#10951 = VECTOR('',#10952,1.);
#10952 = DIRECTION('',(-1.909990663905E-17,-0.155962573473,
    -0.987762965329));
#10953 = PLANE('',#10954);
#10954 = AXIS2_PLACEMENT_3D('',#10955,#10956,#10957);
#10955 = CARTESIAN_POINT('',(2.25,4.326643272645E-02,0.775746953017));
#10956 = DIRECTION('',(-1.,1.224646799147E-16,0.));
#10957 = DIRECTION('',(0.,0.,1.));
#10958 = ADVANCED_FACE('',(#10959),#10965,.F.);
#10959 = FACE_BOUND('',#10960,.F.);
#10960 = EDGE_LOOP('',(#10961,#10962,#10963,#10964));
#10961 = ORIENTED_EDGE('',*,*,#10362,.T.);
#10962 = ORIENTED_EDGE('',*,*,#10178,.T.);
#10963 = ORIENTED_EDGE('',*,*,#10224,.F.);
#10964 = ORIENTED_EDGE('',*,*,#10273,.F.);
#10965 = PLANE('',#10966);
#10966 = AXIS2_PLACEMENT_3D('',#10967,#10968,#10969);
#10967 = CARTESIAN_POINT('',(-0.45,1.75,4.2));
#10968 = DIRECTION('',(-1.224646799147E-16,-1.,0.));
#10969 = DIRECTION('',(-1.,1.224646799147E-16,0.));
#10970 = ADVANCED_FACE('',(#10971,#11000,#11034),#11068,.T.);
#10971 = FACE_BOUND('',#10972,.T.);
#10972 = EDGE_LOOP('',(#10973,#10974,#10975,#10976,#10977,#10985,#10993,
    #10999));
#10973 = ORIENTED_EDGE('',*,*,#10547,.T.);
#10974 = ORIENTED_EDGE('',*,*,#10575,.T.);
#10975 = ORIENTED_EDGE('',*,*,#10639,.T.);
#10976 = ORIENTED_EDGE('',*,*,#10680,.T.);
#10977 = ORIENTED_EDGE('',*,*,#10978,.F.);
#10978 = EDGE_CURVE('',#10979,#10681,#10981,.T.);
#10979 = VERTEX_POINT('',#10980);
#10980 = CARTESIAN_POINT('',(0.8,-2.,1.8));
#10981 = LINE('',#10982,#10983);
#10982 = CARTESIAN_POINT('',(0.8,-2.,1.8));
#10983 = VECTOR('',#10984,1.);
#10984 = DIRECTION('',(-1.224646799147E-16,-1.,0.));
#10985 = ORIENTED_EDGE('',*,*,#10986,.F.);
#10986 = EDGE_CURVE('',#10987,#10979,#10989,.T.);
#10987 = VERTEX_POINT('',#10988);
#10988 = CARTESIAN_POINT('',(1.2,-2.,1.8));
#10989 = LINE('',#10990,#10991);
#10990 = CARTESIAN_POINT('',(1.2,-2.,1.8));
#10991 = VECTOR('',#10992,1.);
#10992 = DIRECTION('',(-1.,1.224646799147E-16,0.));
#10993 = ORIENTED_EDGE('',*,*,#10994,.F.);
#10994 = EDGE_CURVE('',#10705,#10987,#10995,.T.);
#10995 = LINE('',#10996,#10997);
#10996 = CARTESIAN_POINT('',(1.2,-2.3,1.8));
#10997 = VECTOR('',#10998,1.);
#10998 = DIRECTION('',(1.224646799147E-16,1.,0.));
#10999 = ORIENTED_EDGE('',*,*,#10712,.T.);
#11000 = FACE_BOUND('',#11001,.T.);
#11001 = EDGE_LOOP('',(#11002,#11012,#11020,#11028));
#11002 = ORIENTED_EDGE('',*,*,#11003,.T.);
#11003 = EDGE_CURVE('',#11004,#11006,#11008,.T.);
#11004 = VERTEX_POINT('',#11005);
#11005 = CARTESIAN_POINT('',(1.75,0.25,1.8));
#11006 = VERTEX_POINT('',#11007);
#11007 = CARTESIAN_POINT('',(2.25,0.25,1.8));
#11008 = LINE('',#11009,#11010);
#11009 = CARTESIAN_POINT('',(1.625,0.25,1.8));
#11010 = VECTOR('',#11011,1.);
#11011 = DIRECTION('',(1.,-1.224646799147E-16,0.));
#11012 = ORIENTED_EDGE('',*,*,#11013,.T.);
#11013 = EDGE_CURVE('',#11006,#11014,#11016,.T.);
#11014 = VERTEX_POINT('',#11015);
#11015 = CARTESIAN_POINT('',(2.25,-0.25,1.8));
#11016 = LINE('',#11017,#11018);
#11017 = CARTESIAN_POINT('',(2.25,-0.278366783637,1.8));
#11018 = VECTOR('',#11019,1.);
#11019 = DIRECTION('',(-1.224646799147E-16,-1.,0.));
#11020 = ORIENTED_EDGE('',*,*,#11021,.T.);
#11021 = EDGE_CURVE('',#11014,#11022,#11024,.T.);
#11022 = VERTEX_POINT('',#11023);
#11023 = CARTESIAN_POINT('',(1.75,-0.25,1.8));
#11024 = LINE('',#11025,#11026);
#11025 = CARTESIAN_POINT('',(1.625,-0.25,1.8));
#11026 = VECTOR('',#11027,1.);
#11027 = DIRECTION('',(-1.,1.224646799147E-16,0.));
#11028 = ORIENTED_EDGE('',*,*,#11029,.F.);
#11029 = EDGE_CURVE('',#11004,#11022,#11030,.T.);
#11030 = LINE('',#11031,#11032);
#11031 = CARTESIAN_POINT('',(1.75,-0.278366783637,1.8));
#11032 = VECTOR('',#11033,1.);
#11033 = DIRECTION('',(-1.224646799147E-16,-1.,0.));
#11034 = FACE_BOUND('',#11035,.T.);
#11035 = EDGE_LOOP('',(#11036,#11046,#11054,#11062));
#11036 = ORIENTED_EDGE('',*,*,#11037,.T.);
#11037 = EDGE_CURVE('',#11038,#11040,#11042,.T.);
#11038 = VERTEX_POINT('',#11039);
#11039 = CARTESIAN_POINT('',(-0.25,0.25,1.8));
#11040 = VERTEX_POINT('',#11041);
#11041 = CARTESIAN_POINT('',(0.25,0.25,1.8));
#11042 = LINE('',#11043,#11044);
#11043 = CARTESIAN_POINT('',(0.625,0.25,1.8));
#11044 = VECTOR('',#11045,1.);
#11045 = DIRECTION('',(1.,-1.224646799147E-16,0.));
#11046 = ORIENTED_EDGE('',*,*,#11047,.T.);
#11047 = EDGE_CURVE('',#11040,#11048,#11050,.T.);
#11048 = VERTEX_POINT('',#11049);
#11049 = CARTESIAN_POINT('',(0.25,-0.25,1.8));
#11050 = LINE('',#11051,#11052);
#11051 = CARTESIAN_POINT('',(0.25,-0.278366783637,1.8));
#11052 = VECTOR('',#11053,1.);
#11053 = DIRECTION('',(-1.224646799147E-16,-1.,0.));
#11054 = ORIENTED_EDGE('',*,*,#11055,.T.);
#11055 = EDGE_CURVE('',#11048,#11056,#11058,.T.);
#11056 = VERTEX_POINT('',#11057);
#11057 = CARTESIAN_POINT('',(-0.25,-0.25,1.8));
#11058 = LINE('',#11059,#11060);
#11059 = CARTESIAN_POINT('',(0.625,-0.25,1.8));
#11060 = VECTOR('',#11061,1.);
#11061 = DIRECTION('',(-1.,1.224646799147E-16,0.));
#11062 = ORIENTED_EDGE('',*,*,#11063,.F.);
#11063 = EDGE_CURVE('',#11038,#11056,#11064,.T.);
#11064 = LINE('',#11065,#11066);
#11065 = CARTESIAN_POINT('',(-0.25,-0.278366783637,1.8));
#11066 = VECTOR('',#11067,1.);
#11067 = DIRECTION('',(-1.224646799147E-16,-1.,0.));
#11068 = PLANE('',#11069);
#11069 = AXIS2_PLACEMENT_3D('',#11070,#11071,#11072);
#11070 = CARTESIAN_POINT('',(1.,-0.6,1.8));
#11071 = DIRECTION('',(0.,0.,1.));
#11072 = DIRECTION('',(-1.,1.224646799147E-16,0.));
#11073 = ADVANCED_FACE('',(#11074),#11092,.F.);
#11074 = FACE_BOUND('',#11075,.F.);
#11075 = EDGE_LOOP('',(#11076,#11077,#11085,#11091));
#11076 = ORIENTED_EDGE('',*,*,#10704,.T.);
#11077 = ORIENTED_EDGE('',*,*,#11078,.T.);
#11078 = EDGE_CURVE('',#10697,#11079,#11081,.T.);
#11079 = VERTEX_POINT('',#11080);
#11080 = CARTESIAN_POINT('',(1.2,-2.,3.7));
#11081 = LINE('',#11082,#11083);
#11082 = CARTESIAN_POINT('',(1.2,-2.3,3.7));
#11083 = VECTOR('',#11084,1.);
#11084 = DIRECTION('',(1.224646799147E-16,1.,0.));
#11085 = ORIENTED_EDGE('',*,*,#11086,.F.);
#11086 = EDGE_CURVE('',#10987,#11079,#11087,.T.);
#11087 = LINE('',#11088,#11089);
#11088 = CARTESIAN_POINT('',(1.2,-2.,1.8));
#11089 = VECTOR('',#11090,1.);
#11090 = DIRECTION('',(0.,0.,1.));
#11091 = ORIENTED_EDGE('',*,*,#10994,.F.);
#11092 = PLANE('',#11093);
#11093 = AXIS2_PLACEMENT_3D('',#11094,#11095,#11096);
#11094 = CARTESIAN_POINT('',(1.2,-2.3,1.8));
#11095 = DIRECTION('',(-1.,1.224646799147E-16,0.));
#11096 = DIRECTION('',(1.224646799147E-16,1.,0.));
#11097 = ADVANCED_FACE('',(#11098),#11116,.T.);
#11098 = FACE_BOUND('',#11099,.T.);
#11099 = EDGE_LOOP('',(#11100,#11108,#11114,#11115));
#11100 = ORIENTED_EDGE('',*,*,#11101,.T.);
#11101 = EDGE_CURVE('',#11079,#11102,#11104,.T.);
#11102 = VERTEX_POINT('',#11103);
#11103 = CARTESIAN_POINT('',(0.8,-2.,3.7));
#11104 = LINE('',#11105,#11106);
#11105 = CARTESIAN_POINT('',(1.2,-2.,3.7));
#11106 = VECTOR('',#11107,1.);
#11107 = DIRECTION('',(-1.,1.224646799147E-16,0.));
#11108 = ORIENTED_EDGE('',*,*,#11109,.T.);
#11109 = EDGE_CURVE('',#11102,#10689,#11110,.T.);
#11110 = LINE('',#11111,#11112);
#11111 = CARTESIAN_POINT('',(0.8,-2.,3.7));
#11112 = VECTOR('',#11113,1.);
#11113 = DIRECTION('',(-1.224646799147E-16,-1.,0.));
#11114 = ORIENTED_EDGE('',*,*,#10696,.T.);
#11115 = ORIENTED_EDGE('',*,*,#11078,.T.);
#11116 = PLANE('',#11117);
#11117 = AXIS2_PLACEMENT_3D('',#11118,#11119,#11120);
#11118 = CARTESIAN_POINT('',(1.,-2.15,3.7));
#11119 = DIRECTION('',(0.,0.,1.));
#11120 = DIRECTION('',(-1.,1.224646799147E-16,0.));
#11121 = ADVANCED_FACE('',(#11122),#11133,.F.);
#11122 = FACE_BOUND('',#11123,.F.);
#11123 = EDGE_LOOP('',(#11124,#11130,#11131,#11132));
#11124 = ORIENTED_EDGE('',*,*,#11125,.T.);
#11125 = EDGE_CURVE('',#10979,#11102,#11126,.T.);
#11126 = LINE('',#11127,#11128);
#11127 = CARTESIAN_POINT('',(0.8,-2.,1.8));
#11128 = VECTOR('',#11129,1.);
#11129 = DIRECTION('',(0.,0.,1.));
#11130 = ORIENTED_EDGE('',*,*,#11109,.T.);
#11131 = ORIENTED_EDGE('',*,*,#10688,.F.);
#11132 = ORIENTED_EDGE('',*,*,#10978,.F.);
#11133 = PLANE('',#11134);
#11134 = AXIS2_PLACEMENT_3D('',#11135,#11136,#11137);
#11135 = CARTESIAN_POINT('',(0.8,-2.,1.8));
#11136 = DIRECTION('',(1.,-1.224646799147E-16,0.));
#11137 = DIRECTION('',(-1.224646799147E-16,-1.,0.));
#11138 = ADVANCED_FACE('',(#11139),#11164,.F.);
#11139 = FACE_BOUND('',#11140,.F.);
#11140 = EDGE_LOOP('',(#11141,#11149,#11150,#11158));
#11141 = ORIENTED_EDGE('',*,*,#11142,.F.);
#11142 = EDGE_CURVE('',#10736,#11143,#11145,.T.);
#11143 = VERTEX_POINT('',#11144);
#11144 = CARTESIAN_POINT('',(0.25,0.25,-0.9));
#11145 = LINE('',#11146,#11147);
#11146 = CARTESIAN_POINT('',(0.25,0.25,5.));
#11147 = VECTOR('',#11148,1.);
#11148 = DIRECTION('',(-0.,0.,-1.));
#11149 = ORIENTED_EDGE('',*,*,#10733,.F.);
#11150 = ORIENTED_EDGE('',*,*,#11151,.T.);
#11151 = EDGE_CURVE('',#10734,#11152,#11154,.T.);
#11152 = VERTEX_POINT('',#11153);
#11153 = CARTESIAN_POINT('',(-0.25,0.25,-0.9));
#11154 = LINE('',#11155,#11156);
#11155 = CARTESIAN_POINT('',(-0.25,0.25,5.));
#11156 = VECTOR('',#11157,1.);
#11157 = DIRECTION('',(-0.,0.,-1.));
#11158 = ORIENTED_EDGE('',*,*,#11159,.F.);
#11159 = EDGE_CURVE('',#11143,#11152,#11160,.T.);
#11160 = LINE('',#11161,#11162);
#11161 = CARTESIAN_POINT('',(0.25,0.25,-0.9));
#11162 = VECTOR('',#11163,1.);
#11163 = DIRECTION('',(-1.,1.224646799147E-16,0.));
#11164 = PLANE('',#11165);
#11165 = AXIS2_PLACEMENT_3D('',#11166,#11167,#11168);
#11166 = CARTESIAN_POINT('',(0.25,0.25,5.));
#11167 = DIRECTION('',(-1.224646799147E-16,-1.,0.));
#11168 = DIRECTION('',(-0.,0.,-1.));
#11169 = ADVANCED_FACE('',(#11170),#11220,.T.);
#11170 = FACE_BOUND('',#11171,.T.);
#11171 = EDGE_LOOP('',(#11172,#11182,#11190,#11198,#11204,#11205,#11206,
    #11214));
#11172 = ORIENTED_EDGE('',*,*,#11173,.T.);
#11173 = EDGE_CURVE('',#11174,#11176,#11178,.T.);
#11174 = VERTEX_POINT('',#11175);
#11175 = CARTESIAN_POINT('',(-0.25,0.281578947368,-3.2));
#11176 = VERTEX_POINT('',#11177);
#11177 = CARTESIAN_POINT('',(-0.25,-0.218421052632,-3.2));
#11178 = LINE('',#11179,#11180);
#11179 = CARTESIAN_POINT('',(-0.25,0.25,-3.2));
#11180 = VECTOR('',#11181,1.);
#11181 = DIRECTION('',(-1.224646799147E-16,-1.,0.));
#11182 = ORIENTED_EDGE('',*,*,#11183,.T.);
#11183 = EDGE_CURVE('',#11176,#11184,#11186,.T.);
#11184 = VERTEX_POINT('',#11185);
#11185 = CARTESIAN_POINT('',(-0.25,5.E-02,-1.5));
#11186 = LINE('',#11187,#11188);
#11187 = CARTESIAN_POINT('',(-0.25,-0.25,-3.4));
#11188 = VECTOR('',#11189,1.);
#11189 = DIRECTION('',(1.909990663905E-17,0.155962573473,0.987762965329)
  );
#11190 = ORIENTED_EDGE('',*,*,#11191,.T.);
#11191 = EDGE_CURVE('',#11184,#11192,#11194,.T.);
#11192 = VERTEX_POINT('',#11193);
#11193 = CARTESIAN_POINT('',(-0.25,-0.25,-0.9));
#11194 = LINE('',#11195,#11196);
#11195 = CARTESIAN_POINT('',(-0.25,5.E-02,-1.5));
#11196 = VECTOR('',#11197,1.);
#11197 = DIRECTION('',(-5.476786982641E-17,-0.4472135955,0.894427191));
#11198 = ORIENTED_EDGE('',*,*,#11199,.T.);
#11199 = EDGE_CURVE('',#11192,#10752,#11200,.T.);
#11200 = LINE('',#11201,#11202);
#11201 = CARTESIAN_POINT('',(-0.25,-0.25,-0.9));
#11202 = VECTOR('',#11203,1.);
#11203 = DIRECTION('',(0.,0.,1.));
#11204 = ORIENTED_EDGE('',*,*,#10759,.F.);
#11205 = ORIENTED_EDGE('',*,*,#11151,.T.);
#11206 = ORIENTED_EDGE('',*,*,#11207,.T.);
#11207 = EDGE_CURVE('',#11152,#11208,#11210,.T.);
#11208 = VERTEX_POINT('',#11209);
#11209 = CARTESIAN_POINT('',(-0.25,0.55,-1.5));
#11210 = LINE('',#11211,#11212);
#11211 = CARTESIAN_POINT('',(-0.25,0.25,-0.9));
#11212 = VECTOR('',#11213,1.);
#11213 = DIRECTION('',(5.476786982641E-17,0.4472135955,-0.894427191));
#11214 = ORIENTED_EDGE('',*,*,#11215,.T.);
#11215 = EDGE_CURVE('',#11208,#11174,#11216,.T.);
#11216 = LINE('',#11217,#11218);
#11217 = CARTESIAN_POINT('',(-0.25,0.55,-1.5));
#11218 = VECTOR('',#11219,1.);
#11219 = DIRECTION('',(-1.909990663905E-17,-0.155962573473,
    -0.987762965329));
#11220 = PLANE('',#11221);
#11221 = AXIS2_PLACEMENT_3D('',#11222,#11223,#11224);
#11222 = CARTESIAN_POINT('',(-0.25,4.326643272645E-02,0.775746953017));
#11223 = DIRECTION('',(-1.,1.224646799147E-16,0.));
#11224 = DIRECTION('',(0.,0.,1.));
#11225 = ADVANCED_FACE('',(#11226),#11244,.F.);
#11226 = FACE_BOUND('',#11227,.F.);
#11227 = EDGE_LOOP('',(#11228,#11236,#11242,#11243));
#11228 = ORIENTED_EDGE('',*,*,#11229,.F.);
#11229 = EDGE_CURVE('',#11230,#10744,#11232,.T.);
#11230 = VERTEX_POINT('',#11231);
#11231 = CARTESIAN_POINT('',(0.25,-0.25,-0.9));
#11232 = LINE('',#11233,#11234);
#11233 = CARTESIAN_POINT('',(0.25,-0.25,-0.9));
#11234 = VECTOR('',#11235,1.);
#11235 = DIRECTION('',(0.,0.,1.));
#11236 = ORIENTED_EDGE('',*,*,#11237,.T.);
#11237 = EDGE_CURVE('',#11230,#11192,#11238,.T.);
#11238 = LINE('',#11239,#11240);
#11239 = CARTESIAN_POINT('',(0.25,-0.25,-0.9));
#11240 = VECTOR('',#11241,1.);
#11241 = DIRECTION('',(-1.,1.224646799147E-16,0.));
#11242 = ORIENTED_EDGE('',*,*,#11199,.T.);
#11243 = ORIENTED_EDGE('',*,*,#10751,.F.);
#11244 = PLANE('',#11245);
#11245 = AXIS2_PLACEMENT_3D('',#11246,#11247,#11248);
#11246 = CARTESIAN_POINT('',(0.25,-0.25,-0.9));
#11247 = DIRECTION('',(1.224646799147E-16,1.,0.));
#11248 = DIRECTION('',(0.,-0.,1.));
#11249 = ADVANCED_FACE('',(#11250),#11293,.F.);
#11250 = FACE_BOUND('',#11251,.F.);
#11251 = EDGE_LOOP('',(#11252,#11262,#11270,#11276,#11277,#11278,#11279,
    #11287));
#11252 = ORIENTED_EDGE('',*,*,#11253,.T.);
#11253 = EDGE_CURVE('',#11254,#11256,#11258,.T.);
#11254 = VERTEX_POINT('',#11255);
#11255 = CARTESIAN_POINT('',(0.25,0.281578947368,-3.2));
#11256 = VERTEX_POINT('',#11257);
#11257 = CARTESIAN_POINT('',(0.25,-0.218421052632,-3.2));
#11258 = LINE('',#11259,#11260);
#11259 = CARTESIAN_POINT('',(0.25,0.25,-3.2));
#11260 = VECTOR('',#11261,1.);
#11261 = DIRECTION('',(-1.224646799147E-16,-1.,0.));
#11262 = ORIENTED_EDGE('',*,*,#11263,.T.);
#11263 = EDGE_CURVE('',#11256,#11264,#11266,.T.);
#11264 = VERTEX_POINT('',#11265);
#11265 = CARTESIAN_POINT('',(0.25,5.E-02,-1.5));
#11266 = LINE('',#11267,#11268);
#11267 = CARTESIAN_POINT('',(0.25,-0.25,-3.4));
#11268 = VECTOR('',#11269,1.);
#11269 = DIRECTION('',(1.909990663905E-17,0.155962573473,0.987762965329)
  );
#11270 = ORIENTED_EDGE('',*,*,#11271,.T.);
#11271 = EDGE_CURVE('',#11264,#11230,#11272,.T.);
#11272 = LINE('',#11273,#11274);
#11273 = CARTESIAN_POINT('',(0.25,5.E-02,-1.5));
#11274 = VECTOR('',#11275,1.);
#11275 = DIRECTION('',(-5.476786982641E-17,-0.4472135955,0.894427191));
#11276 = ORIENTED_EDGE('',*,*,#11229,.T.);
#11277 = ORIENTED_EDGE('',*,*,#10743,.F.);
#11278 = ORIENTED_EDGE('',*,*,#11142,.T.);
#11279 = ORIENTED_EDGE('',*,*,#11280,.T.);
#11280 = EDGE_CURVE('',#11143,#11281,#11283,.T.);
#11281 = VERTEX_POINT('',#11282);
#11282 = CARTESIAN_POINT('',(0.25,0.55,-1.5));
#11283 = LINE('',#11284,#11285);
#11284 = CARTESIAN_POINT('',(0.25,0.25,-0.9));
#11285 = VECTOR('',#11286,1.);
#11286 = DIRECTION('',(5.476786982641E-17,0.4472135955,-0.894427191));
#11287 = ORIENTED_EDGE('',*,*,#11288,.T.);
#11288 = EDGE_CURVE('',#11281,#11254,#11289,.T.);
#11289 = LINE('',#11290,#11291);
#11290 = CARTESIAN_POINT('',(0.25,0.55,-1.5));
#11291 = VECTOR('',#11292,1.);
#11292 = DIRECTION('',(-1.909990663905E-17,-0.155962573473,
    -0.987762965329));
#11293 = PLANE('',#11294);
#11294 = AXIS2_PLACEMENT_3D('',#11295,#11296,#11297);
#11295 = CARTESIAN_POINT('',(0.25,4.326643272645E-02,0.775746953017));
#11296 = DIRECTION('',(-1.,1.224646799147E-16,0.));
#11297 = DIRECTION('',(0.,0.,1.));
#11298 = ADVANCED_FACE('',(#11299),#11310,.F.);
#11299 = FACE_BOUND('',#11300,.F.);
#11300 = EDGE_LOOP('',(#11301,#11302,#11303,#11309));
#11301 = ORIENTED_EDGE('',*,*,#10819,.T.);
#11302 = ORIENTED_EDGE('',*,*,#10867,.T.);
#11303 = ORIENTED_EDGE('',*,*,#11304,.F.);
#11304 = EDGE_CURVE('',#10941,#10868,#11305,.T.);
#11305 = LINE('',#11306,#11307);
#11306 = CARTESIAN_POINT('',(2.25,0.55,-1.5));
#11307 = VECTOR('',#11308,1.);
#11308 = DIRECTION('',(-1.,1.224646799147E-16,0.));
#11309 = ORIENTED_EDGE('',*,*,#10940,.F.);
#11310 = PLANE('',#11311);
#11311 = AXIS2_PLACEMENT_3D('',#11312,#11313,#11314);
#11312 = CARTESIAN_POINT('',(2.25,0.25,-0.9));
#11313 = DIRECTION('',(-1.095357396528E-16,-0.894427191,-0.4472135955));
#11314 = DIRECTION('',(5.476786982641E-17,0.4472135955,-0.894427191));
#11315 = ADVANCED_FACE('',(#11316),#11357,.F.);
#11316 = FACE_BOUND('',#11317,.T.);
#11317 = EDGE_LOOP('',(#11318,#11328,#11334,#11335,#11343,#11351));
#11318 = ORIENTED_EDGE('',*,*,#11319,.T.);
#11319 = EDGE_CURVE('',#11320,#11322,#11324,.T.);
#11320 = VERTEX_POINT('',#11321);
#11321 = CARTESIAN_POINT('',(1.95,-5.E-02,-3.4));
#11322 = VERTEX_POINT('',#11323);
#11323 = CARTESIAN_POINT('',(1.752447406934,-0.218807485305,
    -3.202447406934));
#11324 = LINE('',#11325,#11326);
#11325 = CARTESIAN_POINT('',(1.983963101414,-2.097873708559E-02,
    -3.433963101414));
#11326 = VECTOR('',#11327,1.);
#11327 = DIRECTION('',(-0.605209817607,-0.517148096144,0.605209817607));
#11328 = ORIENTED_EDGE('',*,*,#11329,.T.);
#11329 = EDGE_CURVE('',#11322,#10836,#11330,.T.);
#11330 = LINE('',#11331,#11332);
#11331 = CARTESIAN_POINT('',(1.955198358413,-0.250820793434,
    -3.405198358413));
#11332 = VECTOR('',#11333,1.);
#11333 = DIRECTION('',(-0.702740385383,0.110959008218,0.702740385383));
#11334 = ORIENTED_EDGE('',*,*,#10833,.F.);
#11335 = ORIENTED_EDGE('',*,*,#11336,.F.);
#11336 = EDGE_CURVE('',#11337,#10834,#11339,.T.);
#11337 = VERTEX_POINT('',#11338);
#11338 = CARTESIAN_POINT('',(1.752447406934,0.281192514695,
    -3.202447406934));
#11339 = LINE('',#11340,#11341);
#11340 = CARTESIAN_POINT('',(1.493844049248,0.322024623803,
    -2.943844049248));
#11341 = VECTOR('',#11342,1.);
#11342 = DIRECTION('',(-0.702740385383,0.110959008218,0.702740385383));
#11343 = ORIENTED_EDGE('',*,*,#11344,.F.);
#11344 = EDGE_CURVE('',#11345,#11337,#11347,.T.);
#11345 = VERTEX_POINT('',#11346);
#11346 = CARTESIAN_POINT('',(1.95,5.E-02,-3.4));
#11347 = LINE('',#11348,#11349);
#11348 = CARTESIAN_POINT('',(1.895376695718,0.113924744707,
    -3.345376695718));
#11349 = VECTOR('',#11350,1.);
#11350 = DIRECTION('',(-0.544770019249,0.63753529491,0.544770019249));
#11351 = ORIENTED_EDGE('',*,*,#11352,.T.);
#11352 = EDGE_CURVE('',#11345,#11320,#11353,.T.);
#11353 = LINE('',#11354,#11355);
#11354 = CARTESIAN_POINT('',(1.95,0.25,-3.4));
#11355 = VECTOR('',#11356,1.);
#11356 = DIRECTION('',(-1.224646799147E-16,-1.,0.));
#11357 = PLANE('',#11358);
#11358 = AXIS2_PLACEMENT_3D('',#11359,#11360,#11361);
#11359 = CARTESIAN_POINT('',(1.85,0.25,-3.3));
#11360 = DIRECTION('',(0.707106781187,-8.833102285013E-17,0.707106781187
    ));
#11361 = DIRECTION('',(1.236918052038E-16,1.,1.227125289097E-18));
#11362 = ADVANCED_FACE('',(#11363),#11383,.F.);
#11363 = FACE_BOUND('',#11364,.F.);
#11364 = EDGE_LOOP('',(#11365,#11366,#11367,#11368,#11369,#11377));
#11365 = ORIENTED_EDGE('',*,*,#10948,.F.);
#11366 = ORIENTED_EDGE('',*,*,#11304,.T.);
#11367 = ORIENTED_EDGE('',*,*,#10875,.T.);
#11368 = ORIENTED_EDGE('',*,*,#11336,.F.);
#11369 = ORIENTED_EDGE('',*,*,#11370,.F.);
#11370 = EDGE_CURVE('',#11371,#11337,#11373,.T.);
#11371 = VERTEX_POINT('',#11372);
#11372 = CARTESIAN_POINT('',(2.247552593066,0.281192514695,
    -3.202447406934));
#11373 = LINE('',#11374,#11375);
#11374 = CARTESIAN_POINT('',(2.25,0.281192514695,-3.202447406934));
#11375 = VECTOR('',#11376,1.);
#11376 = DIRECTION('',(-1.,1.224646799147E-16,0.));
#11377 = ORIENTED_EDGE('',*,*,#11378,.T.);
#11378 = EDGE_CURVE('',#11371,#10914,#11379,.T.);
#11379 = LINE('',#11380,#11381);
#11380 = CARTESIAN_POINT('',(2.629616963064,0.341518467852,
    -2.820383036936));
#11381 = VECTOR('',#11382,1.);
#11382 = DIRECTION('',(0.702740385383,0.110959008218,0.702740385383));
#11383 = PLANE('',#11384);
#11384 = AXIS2_PLACEMENT_3D('',#11385,#11386,#11387);
#11385 = CARTESIAN_POINT('',(2.25,0.55,-1.5));
#11386 = DIRECTION('',(-1.209660753807E-16,-0.987762965329,
    0.155962573473));
#11387 = DIRECTION('',(-1.909990663905E-17,-0.155962573473,
    -0.987762965329));
#11388 = ADVANCED_FACE('',(#11389),#11400,.F.);
#11389 = FACE_BOUND('',#11390,.F.);
#11390 = EDGE_LOOP('',(#11391,#11397,#11398,#11399));
#11391 = ORIENTED_EDGE('',*,*,#11392,.T.);
#11392 = EDGE_CURVE('',#10924,#10844,#11393,.T.);
#11393 = LINE('',#11394,#11395);
#11394 = CARTESIAN_POINT('',(2.25,5.E-02,-1.5));
#11395 = VECTOR('',#11396,1.);
#11396 = DIRECTION('',(-1.,1.224646799147E-16,0.));
#11397 = ORIENTED_EDGE('',*,*,#10851,.T.);
#11398 = ORIENTED_EDGE('',*,*,#10897,.F.);
#11399 = ORIENTED_EDGE('',*,*,#10931,.F.);
#11400 = PLANE('',#11401);
#11401 = AXIS2_PLACEMENT_3D('',#11402,#11403,#11404);
#11402 = CARTESIAN_POINT('',(2.25,5.E-02,-1.5));
#11403 = DIRECTION('',(1.095357396528E-16,0.894427191,0.4472135955));
#11404 = DIRECTION('',(-5.476786982641E-17,-0.4472135955,0.894427191));
#11405 = ADVANCED_FACE('',(#11406),#11426,.F.);
#11406 = FACE_BOUND('',#11407,.F.);
#11407 = EDGE_LOOP('',(#11408,#11409,#11417,#11423,#11424,#11425));
#11408 = ORIENTED_EDGE('',*,*,#10923,.F.);
#11409 = ORIENTED_EDGE('',*,*,#11410,.F.);
#11410 = EDGE_CURVE('',#11411,#10916,#11413,.T.);
#11411 = VERTEX_POINT('',#11412);
#11412 = CARTESIAN_POINT('',(2.247552593066,-0.218807485305,
    -3.202447406934));
#11413 = LINE('',#11414,#11415);
#11414 = CARTESIAN_POINT('',(2.168262653899,-0.231326949384,
    -3.281737346101));
#11415 = VECTOR('',#11416,1.);
#11416 = DIRECTION('',(0.702740385383,0.110959008218,0.702740385383));
#11417 = ORIENTED_EDGE('',*,*,#11418,.T.);
#11418 = EDGE_CURVE('',#11411,#11322,#11419,.T.);
#11419 = LINE('',#11420,#11421);
#11420 = CARTESIAN_POINT('',(2.25,-0.218807485305,-3.202447406934));
#11421 = VECTOR('',#11422,1.);
#11422 = DIRECTION('',(-1.,1.224646799147E-16,0.));
#11423 = ORIENTED_EDGE('',*,*,#11329,.T.);
#11424 = ORIENTED_EDGE('',*,*,#10843,.T.);
#11425 = ORIENTED_EDGE('',*,*,#11392,.F.);
#11426 = PLANE('',#11427);
#11427 = AXIS2_PLACEMENT_3D('',#11428,#11429,#11430);
#11428 = CARTESIAN_POINT('',(2.25,-0.25,-3.4));
#11429 = DIRECTION('',(1.209660753807E-16,0.987762965329,-0.155962573473
    ));
#11430 = DIRECTION('',(1.909990663905E-17,0.155962573473,0.987762965329)
  );
#11431 = ADVANCED_FACE('',(#11432),#11459,.T.);
#11432 = FACE_BOUND('',#11433,.F.);
#11433 = EDGE_LOOP('',(#11434,#11442,#11443,#11444,#11445,#11453));
#11434 = ORIENTED_EDGE('',*,*,#11435,.T.);
#11435 = EDGE_CURVE('',#11436,#11411,#11438,.T.);
#11436 = VERTEX_POINT('',#11437);
#11437 = CARTESIAN_POINT('',(2.05,-5.E-02,-3.4));
#11438 = LINE('',#11439,#11440);
#11439 = CARTESIAN_POINT('',(2.107606629418,-9.922451332131E-02,
    -3.342393370582));
#11440 = VECTOR('',#11441,1.);
#11441 = DIRECTION('',(0.605209817607,-0.517148096144,0.605209817607));
#11442 = ORIENTED_EDGE('',*,*,#11410,.T.);
#11443 = ORIENTED_EDGE('',*,*,#10913,.F.);
#11444 = ORIENTED_EDGE('',*,*,#11378,.F.);
#11445 = ORIENTED_EDGE('',*,*,#11446,.F.);
#11446 = EDGE_CURVE('',#11447,#11371,#11449,.T.);
#11447 = VERTEX_POINT('',#11448);
#11448 = CARTESIAN_POINT('',(2.05,5.E-02,-3.4));
#11449 = LINE('',#11450,#11451);
#11450 = CARTESIAN_POINT('',(2.17881689775,0.200752273427,-3.27118310225
    ));
#11451 = VECTOR('',#11452,1.);
#11452 = DIRECTION('',(0.544770019249,0.63753529491,0.544770019249));
#11453 = ORIENTED_EDGE('',*,*,#11454,.T.);
#11454 = EDGE_CURVE('',#11447,#11436,#11455,.T.);
#11455 = LINE('',#11456,#11457);
#11456 = CARTESIAN_POINT('',(2.05,0.25,-3.4));
#11457 = VECTOR('',#11458,1.);
#11458 = DIRECTION('',(-1.224646799147E-16,-1.,0.));
#11459 = PLANE('',#11460);
#11460 = AXIS2_PLACEMENT_3D('',#11461,#11462,#11463);
#11461 = CARTESIAN_POINT('',(2.15,0.25,-3.3));
#11462 = DIRECTION('',(0.707106781187,-8.486018839685E-17,
    -0.707106781187));
#11463 = DIRECTION('',(1.212375546256E-16,1.,1.227125289196E-18));
#11464 = ADVANCED_FACE('',(#11465),#11471,.F.);
#11465 = FACE_BOUND('',#11466,.F.);
#11466 = EDGE_LOOP('',(#11467,#11468,#11469,#11470));
#11467 = ORIENTED_EDGE('',*,*,#11086,.T.);
#11468 = ORIENTED_EDGE('',*,*,#11101,.T.);
#11469 = ORIENTED_EDGE('',*,*,#11125,.F.);
#11470 = ORIENTED_EDGE('',*,*,#10986,.F.);
#11471 = PLANE('',#11472);
#11472 = AXIS2_PLACEMENT_3D('',#11473,#11474,#11475);
#11473 = CARTESIAN_POINT('',(1.2,-2.,1.8));
#11474 = DIRECTION('',(-1.224646799147E-16,-1.,0.));
#11475 = DIRECTION('',(-1.,1.224646799147E-16,0.));
#11476 = ADVANCED_FACE('',(#11477),#11502,.F.);
#11477 = FACE_BOUND('',#11478,.F.);
#11478 = EDGE_LOOP('',(#11479,#11487,#11495,#11501));
#11479 = ORIENTED_EDGE('',*,*,#11480,.F.);
#11480 = EDGE_CURVE('',#11481,#11006,#11483,.T.);
#11481 = VERTEX_POINT('',#11482);
#11482 = CARTESIAN_POINT('',(2.25,0.25,4.8));
#11483 = LINE('',#11484,#11485);
#11484 = CARTESIAN_POINT('',(2.25,0.25,5.));
#11485 = VECTOR('',#11486,1.);
#11486 = DIRECTION('',(-0.,0.,-1.));
#11487 = ORIENTED_EDGE('',*,*,#11488,.T.);
#11488 = EDGE_CURVE('',#11481,#11489,#11491,.T.);
#11489 = VERTEX_POINT('',#11490);
#11490 = CARTESIAN_POINT('',(1.75,0.25,4.8));
#11491 = LINE('',#11492,#11493);
#11492 = CARTESIAN_POINT('',(2.25,0.25,4.8));
#11493 = VECTOR('',#11494,1.);
#11494 = DIRECTION('',(-1.,1.224646799147E-16,0.));
#11495 = ORIENTED_EDGE('',*,*,#11496,.T.);
#11496 = EDGE_CURVE('',#11489,#11004,#11497,.T.);
#11497 = LINE('',#11498,#11499);
#11498 = CARTESIAN_POINT('',(1.75,0.25,5.));
#11499 = VECTOR('',#11500,1.);
#11500 = DIRECTION('',(-0.,0.,-1.));
#11501 = ORIENTED_EDGE('',*,*,#11003,.T.);
#11502 = PLANE('',#11503);
#11503 = AXIS2_PLACEMENT_3D('',#11504,#11505,#11506);
#11504 = CARTESIAN_POINT('',(2.25,0.25,5.));
#11505 = DIRECTION('',(-1.224646799147E-16,-1.,0.));
#11506 = DIRECTION('',(-0.,0.,-1.));
#11507 = ADVANCED_FACE('',(#11508),#11526,.T.);
#11508 = FACE_BOUND('',#11509,.T.);
#11509 = EDGE_LOOP('',(#11510,#11511,#11519,#11525));
#11510 = ORIENTED_EDGE('',*,*,#11029,.T.);
#11511 = ORIENTED_EDGE('',*,*,#11512,.T.);
#11512 = EDGE_CURVE('',#11022,#11513,#11515,.T.);
#11513 = VERTEX_POINT('',#11514);
#11514 = CARTESIAN_POINT('',(1.75,-0.25,4.8));
#11515 = LINE('',#11516,#11517);
#11516 = CARTESIAN_POINT('',(1.75,-0.25,-0.9));
#11517 = VECTOR('',#11518,1.);
#11518 = DIRECTION('',(0.,0.,1.));
#11519 = ORIENTED_EDGE('',*,*,#11520,.T.);
#11520 = EDGE_CURVE('',#11513,#11489,#11521,.T.);
#11521 = LINE('',#11522,#11523);
#11522 = CARTESIAN_POINT('',(1.75,-0.25,4.8));
#11523 = VECTOR('',#11524,1.);
#11524 = DIRECTION('',(1.224646799147E-16,1.,0.));
#11525 = ORIENTED_EDGE('',*,*,#11496,.T.);
#11526 = PLANE('',#11527);
#11527 = AXIS2_PLACEMENT_3D('',#11528,#11529,#11530);
#11528 = CARTESIAN_POINT('',(1.75,4.326643272645E-02,0.775746953017));
#11529 = DIRECTION('',(-1.,1.224646799147E-16,0.));
#11530 = DIRECTION('',(0.,0.,1.));
#11531 = ADVANCED_FACE('',(#11532),#11550,.F.);
#11532 = FACE_BOUND('',#11533,.F.);
#11533 = EDGE_LOOP('',(#11534,#11542,#11543,#11544));
#11534 = ORIENTED_EDGE('',*,*,#11535,.F.);
#11535 = EDGE_CURVE('',#11014,#11536,#11538,.T.);
#11536 = VERTEX_POINT('',#11537);
#11537 = CARTESIAN_POINT('',(2.25,-0.25,4.8));
#11538 = LINE('',#11539,#11540);
#11539 = CARTESIAN_POINT('',(2.25,-0.25,-0.9));
#11540 = VECTOR('',#11541,1.);
#11541 = DIRECTION('',(0.,0.,1.));
#11542 = ORIENTED_EDGE('',*,*,#11021,.T.);
#11543 = ORIENTED_EDGE('',*,*,#11512,.T.);
#11544 = ORIENTED_EDGE('',*,*,#11545,.F.);
#11545 = EDGE_CURVE('',#11536,#11513,#11546,.T.);
#11546 = LINE('',#11547,#11548);
#11547 = CARTESIAN_POINT('',(2.25,-0.25,4.8));
#11548 = VECTOR('',#11549,1.);
#11549 = DIRECTION('',(-1.,1.224646799147E-16,0.));
#11550 = PLANE('',#11551);
#11551 = AXIS2_PLACEMENT_3D('',#11552,#11553,#11554);
#11552 = CARTESIAN_POINT('',(2.25,-0.25,-0.9));
#11553 = DIRECTION('',(1.224646799147E-16,1.,0.));
#11554 = DIRECTION('',(0.,-0.,1.));
#11555 = ADVANCED_FACE('',(#11556),#11567,.F.);
#11556 = FACE_BOUND('',#11557,.F.);
#11557 = EDGE_LOOP('',(#11558,#11559,#11560,#11566));
#11558 = ORIENTED_EDGE('',*,*,#11013,.T.);
#11559 = ORIENTED_EDGE('',*,*,#11535,.T.);
#11560 = ORIENTED_EDGE('',*,*,#11561,.T.);
#11561 = EDGE_CURVE('',#11536,#11481,#11562,.T.);
#11562 = LINE('',#11563,#11564);
#11563 = CARTESIAN_POINT('',(2.25,-0.25,4.8));
#11564 = VECTOR('',#11565,1.);
#11565 = DIRECTION('',(1.224646799147E-16,1.,0.));
#11566 = ORIENTED_EDGE('',*,*,#11480,.T.);
#11567 = PLANE('',#11568);
#11568 = AXIS2_PLACEMENT_3D('',#11569,#11570,#11571);
#11569 = CARTESIAN_POINT('',(2.25,4.326643272645E-02,0.775746953017));
#11570 = DIRECTION('',(-1.,1.224646799147E-16,0.));
#11571 = DIRECTION('',(0.,0.,1.));
#11572 = ADVANCED_FACE('',(#11573),#11598,.F.);
#11573 = FACE_BOUND('',#11574,.F.);
#11574 = EDGE_LOOP('',(#11575,#11583,#11591,#11597));
#11575 = ORIENTED_EDGE('',*,*,#11576,.F.);
#11576 = EDGE_CURVE('',#11577,#11040,#11579,.T.);
#11577 = VERTEX_POINT('',#11578);
#11578 = CARTESIAN_POINT('',(0.25,0.25,4.8));
#11579 = LINE('',#11580,#11581);
#11580 = CARTESIAN_POINT('',(0.25,0.25,5.));
#11581 = VECTOR('',#11582,1.);
#11582 = DIRECTION('',(-0.,0.,-1.));
#11583 = ORIENTED_EDGE('',*,*,#11584,.T.);
#11584 = EDGE_CURVE('',#11577,#11585,#11587,.T.);
#11585 = VERTEX_POINT('',#11586);
#11586 = CARTESIAN_POINT('',(-0.25,0.25,4.8));
#11587 = LINE('',#11588,#11589);
#11588 = CARTESIAN_POINT('',(0.25,0.25,4.8));
#11589 = VECTOR('',#11590,1.);
#11590 = DIRECTION('',(-1.,1.224646799147E-16,0.));
#11591 = ORIENTED_EDGE('',*,*,#11592,.T.);
#11592 = EDGE_CURVE('',#11585,#11038,#11593,.T.);
#11593 = LINE('',#11594,#11595);
#11594 = CARTESIAN_POINT('',(-0.25,0.25,5.));
#11595 = VECTOR('',#11596,1.);
#11596 = DIRECTION('',(-0.,0.,-1.));
#11597 = ORIENTED_EDGE('',*,*,#11037,.T.);
#11598 = PLANE('',#11599);
#11599 = AXIS2_PLACEMENT_3D('',#11600,#11601,#11602);
#11600 = CARTESIAN_POINT('',(0.25,0.25,5.));
#11601 = DIRECTION('',(-1.224646799147E-16,-1.,0.));
#11602 = DIRECTION('',(-0.,0.,-1.));
#11603 = ADVANCED_FACE('',(#11604),#11622,.T.);
#11604 = FACE_BOUND('',#11605,.T.);
#11605 = EDGE_LOOP('',(#11606,#11607,#11615,#11621));
#11606 = ORIENTED_EDGE('',*,*,#11063,.T.);
#11607 = ORIENTED_EDGE('',*,*,#11608,.T.);
#11608 = EDGE_CURVE('',#11056,#11609,#11611,.T.);
#11609 = VERTEX_POINT('',#11610);
#11610 = CARTESIAN_POINT('',(-0.25,-0.25,4.8));
#11611 = LINE('',#11612,#11613);
#11612 = CARTESIAN_POINT('',(-0.25,-0.25,-0.9));
#11613 = VECTOR('',#11614,1.);
#11614 = DIRECTION('',(0.,0.,1.));
#11615 = ORIENTED_EDGE('',*,*,#11616,.T.);
#11616 = EDGE_CURVE('',#11609,#11585,#11617,.T.);
#11617 = LINE('',#11618,#11619);
#11618 = CARTESIAN_POINT('',(-0.25,-0.25,4.8));
#11619 = VECTOR('',#11620,1.);
#11620 = DIRECTION('',(1.224646799147E-16,1.,0.));
#11621 = ORIENTED_EDGE('',*,*,#11592,.T.);
#11622 = PLANE('',#11623);
#11623 = AXIS2_PLACEMENT_3D('',#11624,#11625,#11626);
#11624 = CARTESIAN_POINT('',(-0.25,4.326643272645E-02,0.775746953017));
#11625 = DIRECTION('',(-1.,1.224646799147E-16,0.));
#11626 = DIRECTION('',(0.,0.,1.));
#11627 = ADVANCED_FACE('',(#11628),#11646,.F.);
#11628 = FACE_BOUND('',#11629,.F.);
#11629 = EDGE_LOOP('',(#11630,#11638,#11639,#11640));
#11630 = ORIENTED_EDGE('',*,*,#11631,.F.);
#11631 = EDGE_CURVE('',#11048,#11632,#11634,.T.);
#11632 = VERTEX_POINT('',#11633);
#11633 = CARTESIAN_POINT('',(0.25,-0.25,4.8));
#11634 = LINE('',#11635,#11636);
#11635 = CARTESIAN_POINT('',(0.25,-0.25,-0.9));
#11636 = VECTOR('',#11637,1.);
#11637 = DIRECTION('',(0.,0.,1.));
#11638 = ORIENTED_EDGE('',*,*,#11055,.T.);
#11639 = ORIENTED_EDGE('',*,*,#11608,.T.);
#11640 = ORIENTED_EDGE('',*,*,#11641,.F.);
#11641 = EDGE_CURVE('',#11632,#11609,#11642,.T.);
#11642 = LINE('',#11643,#11644);
#11643 = CARTESIAN_POINT('',(0.25,-0.25,4.8));
#11644 = VECTOR('',#11645,1.);
#11645 = DIRECTION('',(-1.,1.224646799147E-16,0.));
#11646 = PLANE('',#11647);
#11647 = AXIS2_PLACEMENT_3D('',#11648,#11649,#11650);
#11648 = CARTESIAN_POINT('',(0.25,-0.25,-0.9));
#11649 = DIRECTION('',(1.224646799147E-16,1.,0.));
#11650 = DIRECTION('',(0.,-0.,1.));
#11651 = ADVANCED_FACE('',(#11652),#11663,.F.);
#11652 = FACE_BOUND('',#11653,.F.);
#11653 = EDGE_LOOP('',(#11654,#11655,#11656,#11662));
#11654 = ORIENTED_EDGE('',*,*,#11047,.T.);
#11655 = ORIENTED_EDGE('',*,*,#11631,.T.);
#11656 = ORIENTED_EDGE('',*,*,#11657,.T.);
#11657 = EDGE_CURVE('',#11632,#11577,#11658,.T.);
#11658 = LINE('',#11659,#11660);
#11659 = CARTESIAN_POINT('',(0.25,-0.25,4.8));
#11660 = VECTOR('',#11661,1.);
#11661 = DIRECTION('',(1.224646799147E-16,1.,0.));
#11662 = ORIENTED_EDGE('',*,*,#11576,.T.);
#11663 = PLANE('',#11664);
#11664 = AXIS2_PLACEMENT_3D('',#11665,#11666,#11667);
#11665 = CARTESIAN_POINT('',(0.25,4.326643272645E-02,0.775746953017));
#11666 = DIRECTION('',(-1.,1.224646799147E-16,0.));
#11667 = DIRECTION('',(0.,0.,1.));
#11668 = ADVANCED_FACE('',(#11669),#11680,.F.);
#11669 = FACE_BOUND('',#11670,.F.);
#11670 = EDGE_LOOP('',(#11671,#11672,#11673,#11679));
#11671 = ORIENTED_EDGE('',*,*,#11159,.T.);
#11672 = ORIENTED_EDGE('',*,*,#11207,.T.);
#11673 = ORIENTED_EDGE('',*,*,#11674,.F.);
#11674 = EDGE_CURVE('',#11281,#11208,#11675,.T.);
#11675 = LINE('',#11676,#11677);
#11676 = CARTESIAN_POINT('',(0.25,0.55,-1.5));
#11677 = VECTOR('',#11678,1.);
#11678 = DIRECTION('',(-1.,1.224646799147E-16,0.));
#11679 = ORIENTED_EDGE('',*,*,#11280,.F.);
#11680 = PLANE('',#11681);
#11681 = AXIS2_PLACEMENT_3D('',#11682,#11683,#11684);
#11682 = CARTESIAN_POINT('',(0.25,0.25,-0.9));
#11683 = DIRECTION('',(-1.095357396528E-16,-0.894427191,-0.4472135955));
#11684 = DIRECTION('',(5.476786982641E-17,0.4472135955,-0.894427191));
#11685 = ADVANCED_FACE('',(#11686),#11727,.F.);
#11686 = FACE_BOUND('',#11687,.T.);
#11687 = EDGE_LOOP('',(#11688,#11698,#11704,#11705,#11713,#11721));
#11688 = ORIENTED_EDGE('',*,*,#11689,.T.);
#11689 = EDGE_CURVE('',#11690,#11692,#11694,.T.);
#11690 = VERTEX_POINT('',#11691);
#11691 = CARTESIAN_POINT('',(-5.E-02,-5.E-02,-3.4));
#11692 = VERTEX_POINT('',#11693);
#11693 = CARTESIAN_POINT('',(-0.247552593066,-0.218807485305,
    -3.202447406934));
#11694 = LINE('',#11695,#11696);
#11695 = CARTESIAN_POINT('',(-1.603689858649E-02,-2.097873708559E-02,
    -3.433963101414));
#11696 = VECTOR('',#11697,1.);
#11697 = DIRECTION('',(-0.605209817607,-0.517148096144,0.605209817607));
#11698 = ORIENTED_EDGE('',*,*,#11699,.T.);
#11699 = EDGE_CURVE('',#11692,#11176,#11700,.T.);
#11700 = LINE('',#11701,#11702);
#11701 = CARTESIAN_POINT('',(-4.480164158687E-02,-0.250820793434,
    -3.405198358413));
#11702 = VECTOR('',#11703,1.);
#11703 = DIRECTION('',(-0.702740385383,0.110959008218,0.702740385383));
#11704 = ORIENTED_EDGE('',*,*,#11173,.F.);
#11705 = ORIENTED_EDGE('',*,*,#11706,.F.);
#11706 = EDGE_CURVE('',#11707,#11174,#11709,.T.);
#11707 = VERTEX_POINT('',#11708);
#11708 = CARTESIAN_POINT('',(-0.247552593066,0.281192514695,
    -3.202447406934));
#11709 = LINE('',#11710,#11711);
#11710 = CARTESIAN_POINT('',(-0.506155950752,0.322024623803,
    -2.943844049248));
#11711 = VECTOR('',#11712,1.);
#11712 = DIRECTION('',(-0.702740385383,0.110959008218,0.702740385383));
#11713 = ORIENTED_EDGE('',*,*,#11714,.F.);
#11714 = EDGE_CURVE('',#11715,#11707,#11717,.T.);
#11715 = VERTEX_POINT('',#11716);
#11716 = CARTESIAN_POINT('',(-5.E-02,5.E-02,-3.4));
#11717 = LINE('',#11718,#11719);
#11718 = CARTESIAN_POINT('',(-0.104623304282,0.113924744707,
    -3.345376695718));
#11719 = VECTOR('',#11720,1.);
#11720 = DIRECTION('',(-0.544770019249,0.63753529491,0.544770019249));
#11721 = ORIENTED_EDGE('',*,*,#11722,.T.);
#11722 = EDGE_CURVE('',#11715,#11690,#11723,.T.);
#11723 = LINE('',#11724,#11725);
#11724 = CARTESIAN_POINT('',(-5.E-02,0.25,-3.4));
#11725 = VECTOR('',#11726,1.);
#11726 = DIRECTION('',(-1.224646799147E-16,-1.,0.));
#11727 = PLANE('',#11728);
#11728 = AXIS2_PLACEMENT_3D('',#11729,#11730,#11731);
#11729 = CARTESIAN_POINT('',(-0.15,0.25,-3.3));
#11730 = DIRECTION('',(0.707106781187,-8.833102285013E-17,0.707106781187
    ));
#11731 = DIRECTION('',(1.236918052038E-16,1.,1.227125289097E-18));
#11732 = ADVANCED_FACE('',(#11733),#11753,.F.);
#11733 = FACE_BOUND('',#11734,.F.);
#11734 = EDGE_LOOP('',(#11735,#11736,#11737,#11738,#11739,#11747));
#11735 = ORIENTED_EDGE('',*,*,#11288,.F.);
#11736 = ORIENTED_EDGE('',*,*,#11674,.T.);
#11737 = ORIENTED_EDGE('',*,*,#11215,.T.);
#11738 = ORIENTED_EDGE('',*,*,#11706,.F.);
#11739 = ORIENTED_EDGE('',*,*,#11740,.F.);
#11740 = EDGE_CURVE('',#11741,#11707,#11743,.T.);
#11741 = VERTEX_POINT('',#11742);
#11742 = CARTESIAN_POINT('',(0.247552593066,0.281192514695,
    -3.202447406934));
#11743 = LINE('',#11744,#11745);
#11744 = CARTESIAN_POINT('',(0.25,0.281192514695,-3.202447406934));
#11745 = VECTOR('',#11746,1.);
#11746 = DIRECTION('',(-1.,1.224646799147E-16,0.));
#11747 = ORIENTED_EDGE('',*,*,#11748,.T.);
#11748 = EDGE_CURVE('',#11741,#11254,#11749,.T.);
#11749 = LINE('',#11750,#11751);
#11750 = CARTESIAN_POINT('',(0.629616963064,0.341518467852,
    -2.820383036936));
#11751 = VECTOR('',#11752,1.);
#11752 = DIRECTION('',(0.702740385383,0.110959008218,0.702740385383));
#11753 = PLANE('',#11754);
#11754 = AXIS2_PLACEMENT_3D('',#11755,#11756,#11757);
#11755 = CARTESIAN_POINT('',(0.25,0.55,-1.5));
#11756 = DIRECTION('',(-1.209660753807E-16,-0.987762965329,
    0.155962573473));
#11757 = DIRECTION('',(-1.909990663905E-17,-0.155962573473,
    -0.987762965329));
#11758 = ADVANCED_FACE('',(#11759),#11770,.F.);
#11759 = FACE_BOUND('',#11760,.F.);
#11760 = EDGE_LOOP('',(#11761,#11767,#11768,#11769));
#11761 = ORIENTED_EDGE('',*,*,#11762,.T.);
#11762 = EDGE_CURVE('',#11264,#11184,#11763,.T.);
#11763 = LINE('',#11764,#11765);
#11764 = CARTESIAN_POINT('',(0.25,5.E-02,-1.5));
#11765 = VECTOR('',#11766,1.);
#11766 = DIRECTION('',(-1.,1.224646799147E-16,0.));
#11767 = ORIENTED_EDGE('',*,*,#11191,.T.);
#11768 = ORIENTED_EDGE('',*,*,#11237,.F.);
#11769 = ORIENTED_EDGE('',*,*,#11271,.F.);
#11770 = PLANE('',#11771);
#11771 = AXIS2_PLACEMENT_3D('',#11772,#11773,#11774);
#11772 = CARTESIAN_POINT('',(0.25,5.E-02,-1.5));
#11773 = DIRECTION('',(1.095357396528E-16,0.894427191,0.4472135955));
#11774 = DIRECTION('',(-5.476786982641E-17,-0.4472135955,0.894427191));
#11775 = ADVANCED_FACE('',(#11776),#11796,.F.);
#11776 = FACE_BOUND('',#11777,.F.);
#11777 = EDGE_LOOP('',(#11778,#11779,#11787,#11793,#11794,#11795));
#11778 = ORIENTED_EDGE('',*,*,#11263,.F.);
#11779 = ORIENTED_EDGE('',*,*,#11780,.F.);
#11780 = EDGE_CURVE('',#11781,#11256,#11783,.T.);
#11781 = VERTEX_POINT('',#11782);
#11782 = CARTESIAN_POINT('',(0.247552593066,-0.218807485305,
    -3.202447406934));
#11783 = LINE('',#11784,#11785);
#11784 = CARTESIAN_POINT('',(0.168262653899,-0.231326949384,
    -3.281737346101));
#11785 = VECTOR('',#11786,1.);
#11786 = DIRECTION('',(0.702740385383,0.110959008218,0.702740385383));
#11787 = ORIENTED_EDGE('',*,*,#11788,.T.);
#11788 = EDGE_CURVE('',#11781,#11692,#11789,.T.);
#11789 = LINE('',#11790,#11791);
#11790 = CARTESIAN_POINT('',(0.25,-0.218807485305,-3.202447406934));
#11791 = VECTOR('',#11792,1.);
#11792 = DIRECTION('',(-1.,1.224646799147E-16,0.));
#11793 = ORIENTED_EDGE('',*,*,#11699,.T.);
#11794 = ORIENTED_EDGE('',*,*,#11183,.T.);
#11795 = ORIENTED_EDGE('',*,*,#11762,.F.);
#11796 = PLANE('',#11797);
#11797 = AXIS2_PLACEMENT_3D('',#11798,#11799,#11800);
#11798 = CARTESIAN_POINT('',(0.25,-0.25,-3.4));
#11799 = DIRECTION('',(1.209660753807E-16,0.987762965329,-0.155962573473
    ));
#11800 = DIRECTION('',(1.909990663905E-17,0.155962573473,0.987762965329)
  );
#11801 = ADVANCED_FACE('',(#11802),#11829,.T.);
#11802 = FACE_BOUND('',#11803,.F.);
#11803 = EDGE_LOOP('',(#11804,#11812,#11813,#11814,#11815,#11823));
#11804 = ORIENTED_EDGE('',*,*,#11805,.T.);
#11805 = EDGE_CURVE('',#11806,#11781,#11808,.T.);
#11806 = VERTEX_POINT('',#11807);
#11807 = CARTESIAN_POINT('',(5.E-02,-5.E-02,-3.4));
#11808 = LINE('',#11809,#11810);
#11809 = CARTESIAN_POINT('',(0.107606629418,-9.922451332131E-02,
    -3.342393370582));
#11810 = VECTOR('',#11811,1.);
#11811 = DIRECTION('',(0.605209817607,-0.517148096144,0.605209817607));
#11812 = ORIENTED_EDGE('',*,*,#11780,.T.);
#11813 = ORIENTED_EDGE('',*,*,#11253,.F.);
#11814 = ORIENTED_EDGE('',*,*,#11748,.F.);
#11815 = ORIENTED_EDGE('',*,*,#11816,.F.);
#11816 = EDGE_CURVE('',#11817,#11741,#11819,.T.);
#11817 = VERTEX_POINT('',#11818);
#11818 = CARTESIAN_POINT('',(5.E-02,5.E-02,-3.4));
#11819 = LINE('',#11820,#11821);
#11820 = CARTESIAN_POINT('',(0.17881689775,0.200752273427,-3.27118310225
    ));
#11821 = VECTOR('',#11822,1.);
#11822 = DIRECTION('',(0.544770019249,0.63753529491,0.544770019249));
#11823 = ORIENTED_EDGE('',*,*,#11824,.T.);
#11824 = EDGE_CURVE('',#11817,#11806,#11825,.T.);
#11825 = LINE('',#11826,#11827);
#11826 = CARTESIAN_POINT('',(5.E-02,0.25,-3.4));
#11827 = VECTOR('',#11828,1.);
#11828 = DIRECTION('',(-1.224646799147E-16,-1.,0.));
#11829 = PLANE('',#11830);
#11830 = AXIS2_PLACEMENT_3D('',#11831,#11832,#11833);
#11831 = CARTESIAN_POINT('',(0.15,0.25,-3.3));
#11832 = DIRECTION('',(0.707106781187,-8.486018839685E-17,
    -0.707106781187));
#11833 = DIRECTION('',(1.212375546256E-16,1.,1.227125289196E-18));
#11834 = ADVANCED_FACE('',(#11835),#11846,.T.);
#11835 = FACE_BOUND('',#11836,.F.);
#11836 = EDGE_LOOP('',(#11837,#11838,#11844,#11845));
#11837 = ORIENTED_EDGE('',*,*,#11435,.F.);
#11838 = ORIENTED_EDGE('',*,*,#11839,.T.);
#11839 = EDGE_CURVE('',#11436,#11320,#11840,.T.);
#11840 = LINE('',#11841,#11842);
#11841 = CARTESIAN_POINT('',(2.25,-5.E-02,-3.4));
#11842 = VECTOR('',#11843,1.);
#11843 = DIRECTION('',(-1.,1.224646799147E-16,0.));
#11844 = ORIENTED_EDGE('',*,*,#11319,.T.);
#11845 = ORIENTED_EDGE('',*,*,#11418,.F.);
#11846 = PLANE('',#11847);
#11847 = AXIS2_PLACEMENT_3D('',#11848,#11849,#11850);
#11848 = CARTESIAN_POINT('',(2.25,-0.134403742653,-3.301223703467));
#11849 = DIRECTION('',(-9.136856246232E-17,-0.760250805153,
    -0.64962967394));
#11850 = DIRECTION('',(1.,-1.211454098155E-16,1.127308249542E-18));
#11851 = ADVANCED_FACE('',(#11852),#11863,.F.);
#11852 = FACE_BOUND('',#11853,.F.);
#11853 = EDGE_LOOP('',(#11854,#11855,#11856,#11862));
#11854 = ORIENTED_EDGE('',*,*,#11839,.F.);
#11855 = ORIENTED_EDGE('',*,*,#11454,.F.);
#11856 = ORIENTED_EDGE('',*,*,#11857,.T.);
#11857 = EDGE_CURVE('',#11447,#11345,#11858,.T.);
#11858 = LINE('',#11859,#11860);
#11859 = CARTESIAN_POINT('',(2.25,5.E-02,-3.4));
#11860 = VECTOR('',#11861,1.);
#11861 = DIRECTION('',(-1.,1.224646799147E-16,0.));
#11862 = ORIENTED_EDGE('',*,*,#11352,.T.);
#11863 = PLANE('',#11864);
#11864 = AXIS2_PLACEMENT_3D('',#11865,#11866,#11867);
#11865 = CARTESIAN_POINT('',(2.25,0.25,-3.4));
#11866 = DIRECTION('',(0.,0.,1.));
#11867 = DIRECTION('',(-1.224646799147E-16,-1.,0.));
#11868 = ADVANCED_FACE('',(#11869),#11875,.T.);
#11869 = FACE_BOUND('',#11870,.T.);
#11870 = EDGE_LOOP('',(#11871,#11872,#11873,#11874));
#11871 = ORIENTED_EDGE('',*,*,#11446,.F.);
#11872 = ORIENTED_EDGE('',*,*,#11857,.T.);
#11873 = ORIENTED_EDGE('',*,*,#11344,.T.);
#11874 = ORIENTED_EDGE('',*,*,#11370,.F.);
#11875 = PLANE('',#11876);
#11876 = AXIS2_PLACEMENT_3D('',#11877,#11878,#11879);
#11877 = CARTESIAN_POINT('',(2.25,0.165596257347,-3.301223703467));
#11878 = DIRECTION('',(8.302774088379E-17,0.64962967394,-0.760250805153)
  );
#11879 = DIRECTION('',(-1.,1.247195775152E-16,-2.638869166629E-18));
#11880 = ADVANCED_FACE('',(#11881),#11906,.T.);
#11881 = FACE_BOUND('',#11882,.F.);
#11882 = EDGE_LOOP('',(#11883,#11891,#11899,#11905));
#11883 = ORIENTED_EDGE('',*,*,#11884,.F.);
#11884 = EDGE_CURVE('',#11885,#11481,#11887,.T.);
#11885 = VERTEX_POINT('',#11886);
#11886 = CARTESIAN_POINT('',(2.05,5.E-02,5.));
#11887 = LINE('',#11888,#11889);
#11888 = CARTESIAN_POINT('',(2.1,0.1,4.95));
#11889 = VECTOR('',#11890,1.);
#11890 = DIRECTION('',(0.57735026919,0.57735026919,-0.57735026919));
#11891 = ORIENTED_EDGE('',*,*,#11892,.T.);
#11892 = EDGE_CURVE('',#11885,#11893,#11895,.T.);
#11893 = VERTEX_POINT('',#11894);
#11894 = CARTESIAN_POINT('',(1.95,5.E-02,5.));
#11895 = LINE('',#11896,#11897);
#11896 = CARTESIAN_POINT('',(2.25,5.E-02,5.));
#11897 = VECTOR('',#11898,1.);
#11898 = DIRECTION('',(-1.,1.224646799147E-16,0.));
#11899 = ORIENTED_EDGE('',*,*,#11900,.T.);
#11900 = EDGE_CURVE('',#11893,#11489,#11901,.T.);
#11901 = LINE('',#11902,#11903);
#11902 = CARTESIAN_POINT('',(1.983333333333,1.666666666667E-02,
    5.033333333333));
#11903 = VECTOR('',#11904,1.);
#11904 = DIRECTION('',(-0.57735026919,0.57735026919,-0.57735026919));
#11905 = ORIENTED_EDGE('',*,*,#11488,.F.);
#11906 = PLANE('',#11907);
#11907 = AXIS2_PLACEMENT_3D('',#11908,#11909,#11910);
#11908 = CARTESIAN_POINT('',(2.25,0.15,4.9));
#11909 = DIRECTION('',(8.833102285013E-17,0.707106781187,0.707106781187)
  );
#11910 = DIRECTION('',(1.,-1.236918052038E-16,-1.227125289097E-18));
#11911 = ADVANCED_FACE('',(#11912),#11930,.F.);
#11912 = FACE_BOUND('',#11913,.T.);
#11913 = EDGE_LOOP('',(#11914,#11922,#11928,#11929));
#11914 = ORIENTED_EDGE('',*,*,#11915,.F.);
#11915 = EDGE_CURVE('',#11916,#11513,#11918,.T.);
#11916 = VERTEX_POINT('',#11917);
#11917 = CARTESIAN_POINT('',(1.95,-5.E-02,5.));
#11918 = LINE('',#11919,#11920);
#11919 = CARTESIAN_POINT('',(1.9,-0.1,4.95));
#11920 = VECTOR('',#11921,1.);
#11921 = DIRECTION('',(-0.57735026919,-0.57735026919,-0.57735026919));
#11922 = ORIENTED_EDGE('',*,*,#11923,.T.);
#11923 = EDGE_CURVE('',#11916,#11893,#11924,.T.);
#11924 = LINE('',#11925,#11926);
#11925 = CARTESIAN_POINT('',(1.95,-0.25,5.));
#11926 = VECTOR('',#11927,1.);
#11927 = DIRECTION('',(1.224646799147E-16,1.,0.));
#11928 = ORIENTED_EDGE('',*,*,#11900,.T.);
#11929 = ORIENTED_EDGE('',*,*,#11520,.F.);
#11930 = PLANE('',#11931);
#11931 = AXIS2_PLACEMENT_3D('',#11932,#11933,#11934);
#11932 = CARTESIAN_POINT('',(1.85,-0.25,4.9));
#11933 = DIRECTION('',(0.707106781187,-8.486018839685E-17,
    -0.707106781187));
#11934 = DIRECTION('',(-1.212375546256E-16,-1.,-1.227125289196E-18));
#11935 = ADVANCED_FACE('',(#11936),#11954,.T.);
#11936 = FACE_BOUND('',#11937,.F.);
#11937 = EDGE_LOOP('',(#11938,#11946,#11947,#11948));
#11938 = ORIENTED_EDGE('',*,*,#11939,.F.);
#11939 = EDGE_CURVE('',#11536,#11940,#11942,.T.);
#11940 = VERTEX_POINT('',#11941);
#11941 = CARTESIAN_POINT('',(2.05,-5.E-02,5.));
#11942 = LINE('',#11943,#11944);
#11943 = CARTESIAN_POINT('',(2.183333333333,-0.183333333333,
    4.866666666667));
#11944 = VECTOR('',#11945,1.);
#11945 = DIRECTION('',(-0.57735026919,0.57735026919,0.57735026919));
#11946 = ORIENTED_EDGE('',*,*,#11545,.T.);
#11947 = ORIENTED_EDGE('',*,*,#11915,.F.);
#11948 = ORIENTED_EDGE('',*,*,#11949,.F.);
#11949 = EDGE_CURVE('',#11940,#11916,#11950,.T.);
#11950 = LINE('',#11951,#11952);
#11951 = CARTESIAN_POINT('',(2.25,-5.E-02,5.));
#11952 = VECTOR('',#11953,1.);
#11953 = DIRECTION('',(-1.,1.224646799147E-16,0.));
#11954 = PLANE('',#11955);
#11955 = AXIS2_PLACEMENT_3D('',#11956,#11957,#11958);
#11956 = CARTESIAN_POINT('',(2.25,-0.15,4.9));
#11957 = DIRECTION('',(-8.833102285013E-17,-0.707106781187,
    0.707106781187));
#11958 = DIRECTION('',(1.,-1.236918052038E-16,1.227125289097E-18));
#11959 = ADVANCED_FACE('',(#11960),#11971,.T.);
#11960 = FACE_BOUND('',#11961,.F.);
#11961 = EDGE_LOOP('',(#11962,#11963,#11969,#11970));
#11962 = ORIENTED_EDGE('',*,*,#11939,.T.);
#11963 = ORIENTED_EDGE('',*,*,#11964,.T.);
#11964 = EDGE_CURVE('',#11940,#11885,#11965,.T.);
#11965 = LINE('',#11966,#11967);
#11966 = CARTESIAN_POINT('',(2.05,-0.25,5.));
#11967 = VECTOR('',#11968,1.);
#11968 = DIRECTION('',(1.224646799147E-16,1.,0.));
#11969 = ORIENTED_EDGE('',*,*,#11884,.T.);
#11970 = ORIENTED_EDGE('',*,*,#11561,.F.);
#11971 = PLANE('',#11972);
#11972 = AXIS2_PLACEMENT_3D('',#11973,#11974,#11975);
#11973 = CARTESIAN_POINT('',(2.15,-0.25,4.9));
#11974 = DIRECTION('',(0.707106781187,-8.833102285013E-17,0.707106781187
    ));
#11975 = DIRECTION('',(-1.236918052038E-16,-1.,-1.227125289097E-18));
#11976 = ADVANCED_FACE('',(#11977),#12002,.T.);
#11977 = FACE_BOUND('',#11978,.F.);
#11978 = EDGE_LOOP('',(#11979,#11987,#11995,#12001));
#11979 = ORIENTED_EDGE('',*,*,#11980,.F.);
#11980 = EDGE_CURVE('',#11981,#11577,#11983,.T.);
#11981 = VERTEX_POINT('',#11982);
#11982 = CARTESIAN_POINT('',(5.E-02,5.E-02,5.));
#11983 = LINE('',#11984,#11985);
#11984 = CARTESIAN_POINT('',(0.1,0.1,4.95));
#11985 = VECTOR('',#11986,1.);
#11986 = DIRECTION('',(0.57735026919,0.57735026919,-0.57735026919));
#11987 = ORIENTED_EDGE('',*,*,#11988,.T.);
#11988 = EDGE_CURVE('',#11981,#11989,#11991,.T.);
#11989 = VERTEX_POINT('',#11990);
#11990 = CARTESIAN_POINT('',(-5.E-02,5.E-02,5.));
#11991 = LINE('',#11992,#11993);
#11992 = CARTESIAN_POINT('',(0.25,5.E-02,5.));
#11993 = VECTOR('',#11994,1.);
#11994 = DIRECTION('',(-1.,1.224646799147E-16,0.));
#11995 = ORIENTED_EDGE('',*,*,#11996,.T.);
#11996 = EDGE_CURVE('',#11989,#11585,#11997,.T.);
#11997 = LINE('',#11998,#11999);
#11998 = CARTESIAN_POINT('',(-1.666666666667E-02,1.666666666667E-02,
    5.033333333333));
#11999 = VECTOR('',#12000,1.);
#12000 = DIRECTION('',(-0.57735026919,0.57735026919,-0.57735026919));
#12001 = ORIENTED_EDGE('',*,*,#11584,.F.);
#12002 = PLANE('',#12003);
#12003 = AXIS2_PLACEMENT_3D('',#12004,#12005,#12006);
#12004 = CARTESIAN_POINT('',(0.25,0.15,4.9));
#12005 = DIRECTION('',(8.833102285013E-17,0.707106781187,0.707106781187)
  );
#12006 = DIRECTION('',(1.,-1.236918052038E-16,-1.227125289097E-18));
#12007 = ADVANCED_FACE('',(#12008),#12026,.F.);
#12008 = FACE_BOUND('',#12009,.T.);
#12009 = EDGE_LOOP('',(#12010,#12018,#12024,#12025));
#12010 = ORIENTED_EDGE('',*,*,#12011,.F.);
#12011 = EDGE_CURVE('',#12012,#11609,#12014,.T.);
#12012 = VERTEX_POINT('',#12013);
#12013 = CARTESIAN_POINT('',(-5.E-02,-5.E-02,5.));
#12014 = LINE('',#12015,#12016);
#12015 = CARTESIAN_POINT('',(-0.1,-0.1,4.95));
#12016 = VECTOR('',#12017,1.);
#12017 = DIRECTION('',(-0.57735026919,-0.57735026919,-0.57735026919));
#12018 = ORIENTED_EDGE('',*,*,#12019,.T.);
#12019 = EDGE_CURVE('',#12012,#11989,#12020,.T.);
#12020 = LINE('',#12021,#12022);
#12021 = CARTESIAN_POINT('',(-5.E-02,-0.25,5.));
#12022 = VECTOR('',#12023,1.);
#12023 = DIRECTION('',(1.224646799147E-16,1.,0.));
#12024 = ORIENTED_EDGE('',*,*,#11996,.T.);
#12025 = ORIENTED_EDGE('',*,*,#11616,.F.);
#12026 = PLANE('',#12027);
#12027 = AXIS2_PLACEMENT_3D('',#12028,#12029,#12030);
#12028 = CARTESIAN_POINT('',(-0.15,-0.25,4.9));
#12029 = DIRECTION('',(0.707106781187,-8.486018839685E-17,
    -0.707106781187));
#12030 = DIRECTION('',(-1.212375546256E-16,-1.,-1.227125289196E-18));
#12031 = ADVANCED_FACE('',(#12032),#12050,.T.);
#12032 = FACE_BOUND('',#12033,.F.);
#12033 = EDGE_LOOP('',(#12034,#12042,#12043,#12044));
#12034 = ORIENTED_EDGE('',*,*,#12035,.F.);
#12035 = EDGE_CURVE('',#11632,#12036,#12038,.T.);
#12036 = VERTEX_POINT('',#12037);
#12037 = CARTESIAN_POINT('',(5.E-02,-5.E-02,5.));
#12038 = LINE('',#12039,#12040);
#12039 = CARTESIAN_POINT('',(0.183333333333,-0.183333333333,
    4.866666666667));
#12040 = VECTOR('',#12041,1.);
#12041 = DIRECTION('',(-0.57735026919,0.57735026919,0.57735026919));
#12042 = ORIENTED_EDGE('',*,*,#11641,.T.);
#12043 = ORIENTED_EDGE('',*,*,#12011,.F.);
#12044 = ORIENTED_EDGE('',*,*,#12045,.F.);
#12045 = EDGE_CURVE('',#12036,#12012,#12046,.T.);
#12046 = LINE('',#12047,#12048);
#12047 = CARTESIAN_POINT('',(0.25,-5.E-02,5.));
#12048 = VECTOR('',#12049,1.);
#12049 = DIRECTION('',(-1.,1.224646799147E-16,0.));
#12050 = PLANE('',#12051);
#12051 = AXIS2_PLACEMENT_3D('',#12052,#12053,#12054);
#12052 = CARTESIAN_POINT('',(0.25,-0.15,4.9));
#12053 = DIRECTION('',(-8.833102285013E-17,-0.707106781187,
    0.707106781187));
#12054 = DIRECTION('',(1.,-1.236918052038E-16,1.227125289097E-18));
#12055 = ADVANCED_FACE('',(#12056),#12067,.T.);
#12056 = FACE_BOUND('',#12057,.F.);
#12057 = EDGE_LOOP('',(#12058,#12059,#12065,#12066));
#12058 = ORIENTED_EDGE('',*,*,#12035,.T.);
#12059 = ORIENTED_EDGE('',*,*,#12060,.T.);
#12060 = EDGE_CURVE('',#12036,#11981,#12061,.T.);
#12061 = LINE('',#12062,#12063);
#12062 = CARTESIAN_POINT('',(5.E-02,-0.25,5.));
#12063 = VECTOR('',#12064,1.);
#12064 = DIRECTION('',(1.224646799147E-16,1.,0.));
#12065 = ORIENTED_EDGE('',*,*,#11980,.T.);
#12066 = ORIENTED_EDGE('',*,*,#11657,.F.);
#12067 = PLANE('',#12068);
#12068 = AXIS2_PLACEMENT_3D('',#12069,#12070,#12071);
#12069 = CARTESIAN_POINT('',(0.15,-0.25,4.9));
#12070 = DIRECTION('',(0.707106781187,-8.833102285013E-17,0.707106781187
    ));
#12071 = DIRECTION('',(-1.236918052038E-16,-1.,-1.227125289097E-18));
#12072 = ADVANCED_FACE('',(#12073),#12084,.T.);
#12073 = FACE_BOUND('',#12074,.F.);
#12074 = EDGE_LOOP('',(#12075,#12076,#12082,#12083));
#12075 = ORIENTED_EDGE('',*,*,#11805,.F.);
#12076 = ORIENTED_EDGE('',*,*,#12077,.T.);
#12077 = EDGE_CURVE('',#11806,#11690,#12078,.T.);
#12078 = LINE('',#12079,#12080);
#12079 = CARTESIAN_POINT('',(0.25,-5.E-02,-3.4));
#12080 = VECTOR('',#12081,1.);
#12081 = DIRECTION('',(-1.,1.224646799147E-16,0.));
#12082 = ORIENTED_EDGE('',*,*,#11689,.T.);
#12083 = ORIENTED_EDGE('',*,*,#11788,.F.);
#12084 = PLANE('',#12085);
#12085 = AXIS2_PLACEMENT_3D('',#12086,#12087,#12088);
#12086 = CARTESIAN_POINT('',(0.25,-0.134403742653,-3.301223703467));
#12087 = DIRECTION('',(-9.136856246232E-17,-0.760250805153,
    -0.64962967394));
#12088 = DIRECTION('',(1.,-1.211454098155E-16,1.127308249542E-18));
#12089 = ADVANCED_FACE('',(#12090),#12101,.F.);
#12090 = FACE_BOUND('',#12091,.F.);
#12091 = EDGE_LOOP('',(#12092,#12093,#12094,#12100));
#12092 = ORIENTED_EDGE('',*,*,#12077,.F.);
#12093 = ORIENTED_EDGE('',*,*,#11824,.F.);
#12094 = ORIENTED_EDGE('',*,*,#12095,.T.);
#12095 = EDGE_CURVE('',#11817,#11715,#12096,.T.);
#12096 = LINE('',#12097,#12098);
#12097 = CARTESIAN_POINT('',(0.25,5.E-02,-3.4));
#12098 = VECTOR('',#12099,1.);
#12099 = DIRECTION('',(-1.,1.224646799147E-16,0.));
#12100 = ORIENTED_EDGE('',*,*,#11722,.T.);
#12101 = PLANE('',#12102);
#12102 = AXIS2_PLACEMENT_3D('',#12103,#12104,#12105);
#12103 = CARTESIAN_POINT('',(0.25,0.25,-3.4));
#12104 = DIRECTION('',(0.,0.,1.));
#12105 = DIRECTION('',(-1.224646799147E-16,-1.,0.));
#12106 = ADVANCED_FACE('',(#12107),#12113,.T.);
#12107 = FACE_BOUND('',#12108,.T.);
#12108 = EDGE_LOOP('',(#12109,#12110,#12111,#12112));
#12109 = ORIENTED_EDGE('',*,*,#11816,.F.);
#12110 = ORIENTED_EDGE('',*,*,#12095,.T.);
#12111 = ORIENTED_EDGE('',*,*,#11714,.T.);
#12112 = ORIENTED_EDGE('',*,*,#11740,.F.);
#12113 = PLANE('',#12114);
#12114 = AXIS2_PLACEMENT_3D('',#12115,#12116,#12117);
#12115 = CARTESIAN_POINT('',(0.25,0.165596257347,-3.301223703467));
#12116 = DIRECTION('',(8.302774088379E-17,0.64962967394,-0.760250805153)
  );
#12117 = DIRECTION('',(-1.,1.247195775152E-16,-2.638869166629E-18));
#12118 = ADVANCED_FACE('',(#12119),#12125,.F.);
#12119 = FACE_BOUND('',#12120,.F.);
#12120 = EDGE_LOOP('',(#12121,#12122,#12123,#12124));
#12121 = ORIENTED_EDGE('',*,*,#11923,.T.);
#12122 = ORIENTED_EDGE('',*,*,#11892,.F.);
#12123 = ORIENTED_EDGE('',*,*,#11964,.F.);
#12124 = ORIENTED_EDGE('',*,*,#11949,.T.);
#12125 = PLANE('',#12126);
#12126 = AXIS2_PLACEMENT_3D('',#12127,#12128,#12129);
#12127 = CARTESIAN_POINT('',(2.25,-0.25,5.));
#12128 = DIRECTION('',(-0.,0.,-1.));
#12129 = DIRECTION('',(1.224646799147E-16,1.,0.));
#12130 = ADVANCED_FACE('',(#12131),#12137,.F.);
#12131 = FACE_BOUND('',#12132,.F.);
#12132 = EDGE_LOOP('',(#12133,#12134,#12135,#12136));
#12133 = ORIENTED_EDGE('',*,*,#12019,.T.);
#12134 = ORIENTED_EDGE('',*,*,#11988,.F.);
#12135 = ORIENTED_EDGE('',*,*,#12060,.F.);
#12136 = ORIENTED_EDGE('',*,*,#12045,.T.);
#12137 = PLANE('',#12138);
#12138 = AXIS2_PLACEMENT_3D('',#12139,#12140,#12141);
#12139 = CARTESIAN_POINT('',(0.25,-0.25,5.));
#12140 = DIRECTION('',(-0.,0.,-1.));
#12141 = DIRECTION('',(1.224646799147E-16,1.,0.));
#12142 = ( GEOMETRIC_REPRESENTATION_CONTEXT(3) 
GLOBAL_UNCERTAINTY_ASSIGNED_CONTEXT((#12146)) 
GLOBAL_UNIT_ASSIGNED_CONTEXT((#12143,#12144,#12145)) 
REPRESENTATION_CONTEXT('Context #1',
  '3D Context with UNIT and UNCERTAINTY') );
#12143 = ( LENGTH_UNIT() NAMED_UNIT(*) SI_UNIT(.MILLI.,.METRE.) );
#12144 = ( NAMED_UNIT(*) PLANE_ANGLE_UNIT() SI_UNIT($,.RADIAN.) );
#12145 = ( NAMED_UNIT(*) SI_UNIT($,.STERADIAN.) SOLID_ANGLE_UNIT() );
#12146 = UNCERTAINTY_MEASURE_WITH_UNIT(LENGTH_MEASURE(1.E-07),#12143,
  'distance_accuracy_value','confusion accuracy');
#12147 = CONTEXT_DEPENDENT_SHAPE_REPRESENTATION(#12148,#12150);
#12148 = ( REPRESENTATION_RELATIONSHIP('','',#9249,#9226) 
REPRESENTATION_RELATIONSHIP_WITH_TRANSFORMATION(#12149) 
SHAPE_REPRESENTATION_RELATIONSHIP() );
#12149 = ITEM_DEFINED_TRANSFORMATION('','',#11,#9227);
#12150 = PRODUCT_DEFINITION_SHAPE('Placement','Placement of an item',
  #12151);
#12151 = NEXT_ASSEMBLY_USAGE_OCCURRENCE('18','=>[0:1:1:19]','',#9221,
  #9244,$);
#12152 = PRODUCT_RELATED_PRODUCT_CATEGORY('part',$,(#9246));
#12153 = CONTEXT_DEPENDENT_SHAPE_REPRESENTATION(#12154,#12156);
#12154 = ( REPRESENTATION_RELATIONSHIP('','',#772,#10) 
REPRESENTATION_RELATIONSHIP_WITH_TRANSFORMATION(#12155) 
SHAPE_REPRESENTATION_RELATIONSHIP() );
#12155 = ITEM_DEFINED_TRANSFORMATION('','',#11,#55);
#12156 = PRODUCT_DEFINITION_SHAPE('Placement','Placement of an item',
  #12157);
#12157 = NEXT_ASSEMBLY_USAGE_OCCURRENCE('20','C2','',#5,#767,$);
#12158 = CONTEXT_DEPENDENT_SHAPE_REPRESENTATION(#12159,#12161);
#12159 = ( REPRESENTATION_RELATIONSHIP('','',#9226,#10) 
REPRESENTATION_RELATIONSHIP_WITH_TRANSFORMATION(#12160) 
SHAPE_REPRESENTATION_RELATIONSHIP() );
#12160 = ITEM_DEFINED_TRANSFORMATION('','',#11,#59);
#12161 = PRODUCT_DEFINITION_SHAPE('Placement','Placement of an item',
  #12162);
#12162 = NEXT_ASSEMBLY_USAGE_OCCURRENCE('21','J1','',#5,#9221,$);
#12163 = SHAPE_DEFINITION_REPRESENTATION(#12164,#12170);
#12164 = PRODUCT_DEFINITION_SHAPE('','',#12165);
#12165 = PRODUCT_DEFINITION('design','',#12166,#12169);
#12166 = PRODUCT_DEFINITION_FORMATION('','',#12167);
#12167 = PRODUCT('JST_SH_SM04B-SRSS-TB_1x04-1MP_P1.00mm_Horizontal',
  'JST_SH_SM04B-SRSS-TB_1x04-1MP_P1.00mm_Horizontal','',(#12168));
#12168 = PRODUCT_CONTEXT('',#2,'mechanical');
#12169 = PRODUCT_DEFINITION_CONTEXT('part definition',#2,'design');
#12170 = SHAPE_REPRESENTATION('',(#11,#12171),#12175);
#12171 = AXIS2_PLACEMENT_3D('',#12172,#12173,#12174);
#12172 = CARTESIAN_POINT('',(0.,0.,0.));
#12173 = DIRECTION('',(0.,0.,1.));
#12174 = DIRECTION('',(1.,0.,-0.));
#12175 = ( GEOMETRIC_REPRESENTATION_CONTEXT(3) 
GLOBAL_UNCERTAINTY_ASSIGNED_CONTEXT((#12179)) 
GLOBAL_UNIT_ASSIGNED_CONTEXT((#12176,#12177,#12178)) 
REPRESENTATION_CONTEXT('Context #1',
  '3D Context with UNIT and UNCERTAINTY') );
#12176 = ( LENGTH_UNIT() NAMED_UNIT(*) SI_UNIT(.MILLI.,.METRE.) );
#12177 = ( NAMED_UNIT(*) PLANE_ANGLE_UNIT() SI_UNIT($,.RADIAN.) );
#12178 = ( NAMED_UNIT(*) SI_UNIT($,.STERADIAN.) SOLID_ANGLE_UNIT() );
#12179 = UNCERTAINTY_MEASURE_WITH_UNIT(LENGTH_MEASURE(1.E-07),#12176,
  'distance_accuracy_value','confusion accuracy');
#12180 = CONTEXT_DEPENDENT_SHAPE_REPRESENTATION(#12181,#12183);
#12181 = ( REPRESENTATION_RELATIONSHIP('','',#12170,#10) 
REPRESENTATION_RELATIONSHIP_WITH_TRANSFORMATION(#12182) 
SHAPE_REPRESENTATION_RELATIONSHIP() );
#12182 = ITEM_DEFINED_TRANSFORMATION('','',#11,#63);
#12183 = PRODUCT_DEFINITION_SHAPE('Placement','Placement of an item',
  #12184);
#12184 = NEXT_ASSEMBLY_USAGE_OCCURRENCE('23','J3','',#5,#12165,$);
#12185 = PRODUCT_RELATED_PRODUCT_CATEGORY('part',$,(#12167));
#12186 = SHAPE_DEFINITION_REPRESENTATION(#12187,#12193);
#12187 = PRODUCT_DEFINITION_SHAPE('','',#12188);
#12188 = PRODUCT_DEFINITION('design','',#12189,#12192);
#12189 = PRODUCT_DEFINITION_FORMATION('','',#12190);
#12190 = PRODUCT('JST_SH_SM04B-SRSS-TB_1x04-1MP_P1.00mm_Horizontal',
  'JST_SH_SM04B-SRSS-TB_1x04-1MP_P1.00mm_Horizontal','',(#12191));
#12191 = PRODUCT_CONTEXT('',#2,'mechanical');
#12192 = PRODUCT_DEFINITION_CONTEXT('part definition',#2,'design');
#12193 = ADVANCED_BREP_SHAPE_REPRESENTATION('',(#11,#12194),#14998);
#12194 = MANIFOLD_SOLID_BREP('',#12195);
#12195 = CLOSED_SHELL('',(#12196,#12300,#12507,#12531,#12555,#12579,
    #12603,#12764,#12820,#12844,#12868,#12892,#12916,#13048,#13120,
    #13144,#13175,#13199,#13230,#13254,#13294,#13318,#13351,#13391,
    #13415,#13448,#13488,#13512,#13545,#13585,#13609,#13642,#13669,
    #13687,#13712,#13736,#13790,#13814,#13838,#13855,#13879,#13926,
    #13950,#13974,#13991,#14008,#14048,#14065,#14079,#14096,#14113,
    #14130,#14147,#14164,#14188,#14205,#14222,#14234,#14254,#14266,
    #14278,#14295,#14307,#14324,#14336,#14353,#14365,#14382,#14394,
    #14406,#14554,#14566,#14597,#14621,#14645,#14662,#14693,#14717,
    #14741,#14758,#14789,#14813,#14837,#14854,#14885,#14909,#14933,
    #14950,#14962,#14974,#14986));
#12196 = ADVANCED_FACE('',(#12197),#12295,.F.);
#12197 = FACE_BOUND('',#12198,.F.);
#12198 = EDGE_LOOP('',(#12199,#12209,#12217,#12225,#12233,#12241,#12249,
    #12257,#12265,#12273,#12281,#12289));
#12199 = ORIENTED_EDGE('',*,*,#12200,.F.);
#12200 = EDGE_CURVE('',#12201,#12203,#12205,.T.);
#12201 = VERTEX_POINT('',#12202);
#12202 = CARTESIAN_POINT('',(-3.,1.775,6.E-02));
#12203 = VERTEX_POINT('',#12204);
#12204 = CARTESIAN_POINT('',(-3.,-0.975,6.E-02));
#12205 = LINE('',#12206,#12207);
#12206 = CARTESIAN_POINT('',(-3.,1.775,6.E-02));
#12207 = VECTOR('',#12208,1.);
#12208 = DIRECTION('',(0.,-1.,1.110223024625E-16));
#12209 = ORIENTED_EDGE('',*,*,#12210,.T.);
#12210 = EDGE_CURVE('',#12201,#12211,#12213,.T.);
#12211 = VERTEX_POINT('',#12212);
#12212 = CARTESIAN_POINT('',(-3.,1.775,1.46));
#12213 = LINE('',#12214,#12215);
#12214 = CARTESIAN_POINT('',(-3.,1.775,6.E-02));
#12215 = VECTOR('',#12216,1.);
#12216 = DIRECTION('',(0.,1.110223024625E-16,1.));
#12217 = ORIENTED_EDGE('',*,*,#12218,.T.);
#12218 = EDGE_CURVE('',#12211,#12219,#12221,.T.);
#12219 = VERTEX_POINT('',#12220);
#12220 = CARTESIAN_POINT('',(-3.,1.225,1.46));
#12221 = LINE('',#12222,#12223);
#12222 = CARTESIAN_POINT('',(-3.,1.775,1.46));
#12223 = VECTOR('',#12224,1.);
#12224 = DIRECTION('',(0.,-1.,1.110223024625E-16));
#12225 = ORIENTED_EDGE('',*,*,#12226,.T.);
#12226 = EDGE_CURVE('',#12219,#12227,#12229,.T.);
#12227 = VERTEX_POINT('',#12228);
#12228 = CARTESIAN_POINT('',(-3.,1.225,2.46));
#12229 = LINE('',#12230,#12231);
#12230 = CARTESIAN_POINT('',(-3.,1.225,1.46));
#12231 = VECTOR('',#12232,1.);
#12232 = DIRECTION('',(0.,1.110223024625E-16,1.));
#12233 = ORIENTED_EDGE('',*,*,#12234,.T.);
#12234 = EDGE_CURVE('',#12227,#12235,#12237,.T.);
#12235 = VERTEX_POINT('',#12236);
#12236 = CARTESIAN_POINT('',(-3.,0.575,2.46));
#12237 = LINE('',#12238,#12239);
#12238 = CARTESIAN_POINT('',(-3.,1.225,2.46));
#12239 = VECTOR('',#12240,1.);
#12240 = DIRECTION('',(0.,-1.,1.110223024625E-16));
#12241 = ORIENTED_EDGE('',*,*,#12242,.T.);
#12242 = EDGE_CURVE('',#12235,#12243,#12245,.T.);
#12243 = VERTEX_POINT('',#12244);
#12244 = CARTESIAN_POINT('',(-3.,0.286,2.96));
#12245 = LINE('',#12246,#12247);
#12246 = CARTESIAN_POINT('',(-3.,0.575,2.46));
#12247 = VECTOR('',#12248,1.);
#12248 = DIRECTION('',(0.,-0.500421834463,0.865781720524));
#12249 = ORIENTED_EDGE('',*,*,#12250,.T.);
#12250 = EDGE_CURVE('',#12243,#12251,#12253,.T.);
#12251 = VERTEX_POINT('',#12252);
#12252 = CARTESIAN_POINT('',(-3.,-2.475,2.96));
#12253 = LINE('',#12254,#12255);
#12254 = CARTESIAN_POINT('',(-3.,1.775,2.96));
#12255 = VECTOR('',#12256,1.);
#12256 = DIRECTION('',(0.,-1.,1.110223024625E-16));
#12257 = ORIENTED_EDGE('',*,*,#12258,.F.);
#12258 = EDGE_CURVE('',#12259,#12251,#12261,.T.);
#12259 = VERTEX_POINT('',#12260);
#12260 = CARTESIAN_POINT('',(-3.,-2.475,1.26));
#12261 = LINE('',#12262,#12263);
#12262 = CARTESIAN_POINT('',(-3.,-2.475,6.E-02));
#12263 = VECTOR('',#12264,1.);
#12264 = DIRECTION('',(0.,1.110223024625E-16,1.));
#12265 = ORIENTED_EDGE('',*,*,#12266,.T.);
#12266 = EDGE_CURVE('',#12259,#12267,#12269,.T.);
#12267 = VERTEX_POINT('',#12268);
#12268 = CARTESIAN_POINT('',(-3.,-1.975,1.26));
#12269 = LINE('',#12270,#12271);
#12270 = CARTESIAN_POINT('',(-3.,-2.475,1.26));
#12271 = VECTOR('',#12272,1.);
#12272 = DIRECTION('',(0.,1.,-1.110223024625E-16));
#12273 = ORIENTED_EDGE('',*,*,#12274,.T.);
#12274 = EDGE_CURVE('',#12267,#12275,#12277,.T.);
#12275 = VERTEX_POINT('',#12276);
#12276 = CARTESIAN_POINT('',(-3.,-1.975,0.61));
#12277 = LINE('',#12278,#12279);
#12278 = CARTESIAN_POINT('',(-3.,-1.975,1.26));
#12279 = VECTOR('',#12280,1.);
#12280 = DIRECTION('',(0.,-1.110223024625E-16,-1.));
#12281 = ORIENTED_EDGE('',*,*,#12282,.T.);
#12282 = EDGE_CURVE('',#12275,#12283,#12285,.T.);
#12283 = VERTEX_POINT('',#12284);
#12284 = CARTESIAN_POINT('',(-3.,-0.975,0.61));
#12285 = LINE('',#12286,#12287);
#12286 = CARTESIAN_POINT('',(-3.,-1.975,0.61));
#12287 = VECTOR('',#12288,1.);
#12288 = DIRECTION('',(0.,1.,-1.110223024625E-16));
#12289 = ORIENTED_EDGE('',*,*,#12290,.T.);
#12290 = EDGE_CURVE('',#12283,#12203,#12291,.T.);
#12291 = LINE('',#12292,#12293);
#12292 = CARTESIAN_POINT('',(-3.,-0.975,0.61));
#12293 = VECTOR('',#12294,1.);
#12294 = DIRECTION('',(0.,-1.110223024625E-16,-1.));
#12295 = PLANE('',#12296);
#12296 = AXIS2_PLACEMENT_3D('',#12297,#12298,#12299);
#12297 = CARTESIAN_POINT('',(-3.,1.775,6.E-02));
#12298 = DIRECTION('',(1.,0.,0.));
#12299 = DIRECTION('',(0.,-1.,1.110223024625E-16));
#12300 = ADVANCED_FACE('',(#12301),#12502,.F.);
#12301 = FACE_BOUND('',#12302,.F.);
#12302 = EDGE_LOOP('',(#12303,#12313,#12321,#12329,#12337,#12345,#12353,
    #12361,#12369,#12377,#12385,#12393,#12401,#12409,#12417,#12425,
    #12433,#12441,#12447,#12448,#12456,#12464,#12472,#12480,#12488,
    #12496));
#12303 = ORIENTED_EDGE('',*,*,#12304,.F.);
#12304 = EDGE_CURVE('',#12305,#12307,#12309,.T.);
#12305 = VERTEX_POINT('',#12306);
#12306 = CARTESIAN_POINT('',(3.,1.775,6.E-02));
#12307 = VERTEX_POINT('',#12308);
#12308 = CARTESIAN_POINT('',(3.,-0.975,6.E-02));
#12309 = LINE('',#12310,#12311);
#12310 = CARTESIAN_POINT('',(3.,1.775,6.E-02));
#12311 = VECTOR('',#12312,1.);
#12312 = DIRECTION('',(0.,-1.,1.110223024625E-16));
#12313 = ORIENTED_EDGE('',*,*,#12314,.F.);
#12314 = EDGE_CURVE('',#12315,#12305,#12317,.T.);
#12315 = VERTEX_POINT('',#12316);
#12316 = CARTESIAN_POINT('',(1.6,1.775,6.E-02));
#12317 = LINE('',#12318,#12319);
#12318 = CARTESIAN_POINT('',(-3.,1.775,6.E-02));
#12319 = VECTOR('',#12320,1.);
#12320 = DIRECTION('',(1.,0.,0.));
#12321 = ORIENTED_EDGE('',*,*,#12322,.F.);
#12322 = EDGE_CURVE('',#12323,#12315,#12325,.T.);
#12323 = VERTEX_POINT('',#12324);
#12324 = CARTESIAN_POINT('',(1.6,1.675,6.E-02));
#12325 = LINE('',#12326,#12327);
#12326 = CARTESIAN_POINT('',(1.6,1.675,6.E-02));
#12327 = VECTOR('',#12328,1.);
#12328 = DIRECTION('',(0.,1.,0.));
#12329 = ORIENTED_EDGE('',*,*,#12330,.F.);
#12330 = EDGE_CURVE('',#12331,#12323,#12333,.T.);
#12331 = VERTEX_POINT('',#12332);
#12332 = CARTESIAN_POINT('',(1.4,1.675,6.E-02));
#12333 = LINE('',#12334,#12335);
#12334 = CARTESIAN_POINT('',(1.4,1.675,6.E-02));
#12335 = VECTOR('',#12336,1.);
#12336 = DIRECTION('',(1.,0.,0.));
#12337 = ORIENTED_EDGE('',*,*,#12338,.T.);
#12338 = EDGE_CURVE('',#12331,#12339,#12341,.T.);
#12339 = VERTEX_POINT('',#12340);
#12340 = CARTESIAN_POINT('',(1.4,1.775,6.E-02));
#12341 = LINE('',#12342,#12343);
#12342 = CARTESIAN_POINT('',(1.4,1.675,6.E-02));
#12343 = VECTOR('',#12344,1.);
#12344 = DIRECTION('',(0.,1.,0.));
#12345 = ORIENTED_EDGE('',*,*,#12346,.F.);
#12346 = EDGE_CURVE('',#12347,#12339,#12349,.T.);
#12347 = VERTEX_POINT('',#12348);
#12348 = CARTESIAN_POINT('',(0.6,1.775,6.E-02));
#12349 = LINE('',#12350,#12351);
#12350 = CARTESIAN_POINT('',(-3.,1.775,6.E-02));
#12351 = VECTOR('',#12352,1.);
#12352 = DIRECTION('',(1.,0.,0.));
#12353 = ORIENTED_EDGE('',*,*,#12354,.F.);
#12354 = EDGE_CURVE('',#12355,#12347,#12357,.T.);
#12355 = VERTEX_POINT('',#12356);
#12356 = CARTESIAN_POINT('',(0.6,1.675,6.E-02));
#12357 = LINE('',#12358,#12359);
#12358 = CARTESIAN_POINT('',(0.6,1.675,6.E-02));
#12359 = VECTOR('',#12360,1.);
#12360 = DIRECTION('',(0.,1.,0.));
#12361 = ORIENTED_EDGE('',*,*,#12362,.F.);
#12362 = EDGE_CURVE('',#12363,#12355,#12365,.T.);
#12363 = VERTEX_POINT('',#12364);
#12364 = CARTESIAN_POINT('',(0.4,1.675,6.E-02));
#12365 = LINE('',#12366,#12367);
#12366 = CARTESIAN_POINT('',(0.4,1.675,6.E-02));
#12367 = VECTOR('',#12368,1.);
#12368 = DIRECTION('',(1.,0.,0.));
#12369 = ORIENTED_EDGE('',*,*,#12370,.T.);
#12370 = EDGE_CURVE('',#12363,#12371,#12373,.T.);
#12371 = VERTEX_POINT('',#12372);
#12372 = CARTESIAN_POINT('',(0.4,1.775,6.E-02));
#12373 = LINE('',#12374,#12375);
#12374 = CARTESIAN_POINT('',(0.4,1.675,6.E-02));
#12375 = VECTOR('',#12376,1.);
#12376 = DIRECTION('',(0.,1.,0.));
#12377 = ORIENTED_EDGE('',*,*,#12378,.F.);
#12378 = EDGE_CURVE('',#12379,#12371,#12381,.T.);
#12379 = VERTEX_POINT('',#12380);
#12380 = CARTESIAN_POINT('',(-0.4,1.775,6.E-02));
#12381 = LINE('',#12382,#12383);
#12382 = CARTESIAN_POINT('',(-3.,1.775,6.E-02));
#12383 = VECTOR('',#12384,1.);
#12384 = DIRECTION('',(1.,0.,0.));
#12385 = ORIENTED_EDGE('',*,*,#12386,.F.);
#12386 = EDGE_CURVE('',#12387,#12379,#12389,.T.);
#12387 = VERTEX_POINT('',#12388);
#12388 = CARTESIAN_POINT('',(-0.4,1.675,6.E-02));
#12389 = LINE('',#12390,#12391);
#12390 = CARTESIAN_POINT('',(-0.4,1.675,6.E-02));
#12391 = VECTOR('',#12392,1.);
#12392 = DIRECTION('',(0.,1.,0.));
#12393 = ORIENTED_EDGE('',*,*,#12394,.F.);
#12394 = EDGE_CURVE('',#12395,#12387,#12397,.T.);
#12395 = VERTEX_POINT('',#12396);
#12396 = CARTESIAN_POINT('',(-0.6,1.675,6.E-02));
#12397 = LINE('',#12398,#12399);
#12398 = CARTESIAN_POINT('',(-0.6,1.675,6.E-02));
#12399 = VECTOR('',#12400,1.);
#12400 = DIRECTION('',(1.,0.,0.));
#12401 = ORIENTED_EDGE('',*,*,#12402,.T.);
#12402 = EDGE_CURVE('',#12395,#12403,#12405,.T.);
#12403 = VERTEX_POINT('',#12404);
#12404 = CARTESIAN_POINT('',(-0.6,1.775,6.E-02));
#12405 = LINE('',#12406,#12407);
#12406 = CARTESIAN_POINT('',(-0.6,1.675,6.E-02));
#12407 = VECTOR('',#12408,1.);
#12408 = DIRECTION('',(0.,1.,0.));
#12409 = ORIENTED_EDGE('',*,*,#12410,.F.);
#12410 = EDGE_CURVE('',#12411,#12403,#12413,.T.);
#12411 = VERTEX_POINT('',#12412);
#12412 = CARTESIAN_POINT('',(-1.4,1.775,6.E-02));
#12413 = LINE('',#12414,#12415);
#12414 = CARTESIAN_POINT('',(-3.,1.775,6.E-02));
#12415 = VECTOR('',#12416,1.);
#12416 = DIRECTION('',(1.,0.,0.));
#12417 = ORIENTED_EDGE('',*,*,#12418,.F.);
#12418 = EDGE_CURVE('',#12419,#12411,#12421,.T.);
#12419 = VERTEX_POINT('',#12420);
#12420 = CARTESIAN_POINT('',(-1.4,1.675,6.E-02));
#12421 = LINE('',#12422,#12423);
#12422 = CARTESIAN_POINT('',(-1.4,1.675,6.E-02));
#12423 = VECTOR('',#12424,1.);
#12424 = DIRECTION('',(0.,1.,0.));
#12425 = ORIENTED_EDGE('',*,*,#12426,.F.);
#12426 = EDGE_CURVE('',#12427,#12419,#12429,.T.);
#12427 = VERTEX_POINT('',#12428);
#12428 = CARTESIAN_POINT('',(-1.6,1.675,6.E-02));
#12429 = LINE('',#12430,#12431);
#12430 = CARTESIAN_POINT('',(-1.6,1.675,6.E-02));
#12431 = VECTOR('',#12432,1.);
#12432 = DIRECTION('',(1.,0.,0.));
#12433 = ORIENTED_EDGE('',*,*,#12434,.T.);
#12434 = EDGE_CURVE('',#12427,#12435,#12437,.T.);
#12435 = VERTEX_POINT('',#12436);
#12436 = CARTESIAN_POINT('',(-1.6,1.775,6.E-02));
#12437 = LINE('',#12438,#12439);
#12438 = CARTESIAN_POINT('',(-1.6,1.675,6.E-02));
#12439 = VECTOR('',#12440,1.);
#12440 = DIRECTION('',(0.,1.,0.));
#12441 = ORIENTED_EDGE('',*,*,#12442,.F.);
#12442 = EDGE_CURVE('',#12201,#12435,#12443,.T.);
#12443 = LINE('',#12444,#12445);
#12444 = CARTESIAN_POINT('',(-3.,1.775,6.E-02));
#12445 = VECTOR('',#12446,1.);
#12446 = DIRECTION('',(1.,0.,0.));
#12447 = ORIENTED_EDGE('',*,*,#12200,.T.);
#12448 = ORIENTED_EDGE('',*,*,#12449,.T.);
#12449 = EDGE_CURVE('',#12203,#12450,#12452,.T.);
#12450 = VERTEX_POINT('',#12451);
#12451 = CARTESIAN_POINT('',(-2.7,-0.975,6.E-02));
#12452 = LINE('',#12453,#12454);
#12453 = CARTESIAN_POINT('',(-3.,-0.975,6.E-02));
#12454 = VECTOR('',#12455,1.);
#12455 = DIRECTION('',(1.,0.,0.));
#12456 = ORIENTED_EDGE('',*,*,#12457,.T.);
#12457 = EDGE_CURVE('',#12450,#12458,#12460,.T.);
#12458 = VERTEX_POINT('',#12459);
#12459 = CARTESIAN_POINT('',(-2.5,-0.975,6.E-02));
#12460 = LINE('',#12461,#12462);
#12461 = CARTESIAN_POINT('',(-3.,-0.975,6.E-02));
#12462 = VECTOR('',#12463,1.);
#12463 = DIRECTION('',(1.,0.,0.));
#12464 = ORIENTED_EDGE('',*,*,#12465,.T.);
#12465 = EDGE_CURVE('',#12458,#12466,#12468,.T.);
#12466 = VERTEX_POINT('',#12467);
#12467 = CARTESIAN_POINT('',(-2.5,-2.475,6.E-02));
#12468 = LINE('',#12469,#12470);
#12469 = CARTESIAN_POINT('',(-2.5,-0.975,6.E-02));
#12470 = VECTOR('',#12471,1.);
#12471 = DIRECTION('',(0.,-1.,2.590520390792E-16));
#12472 = ORIENTED_EDGE('',*,*,#12473,.T.);
#12473 = EDGE_CURVE('',#12466,#12474,#12476,.T.);
#12474 = VERTEX_POINT('',#12475);
#12475 = CARTESIAN_POINT('',(2.5,-2.475,6.E-02));
#12476 = LINE('',#12477,#12478);
#12477 = CARTESIAN_POINT('',(-3.,-2.475,6.E-02));
#12478 = VECTOR('',#12479,1.);
#12479 = DIRECTION('',(1.,0.,0.));
#12480 = ORIENTED_EDGE('',*,*,#12481,.F.);
#12481 = EDGE_CURVE('',#12482,#12474,#12484,.T.);
#12482 = VERTEX_POINT('',#12483);
#12483 = CARTESIAN_POINT('',(2.5,-0.975,6.E-02));
#12484 = LINE('',#12485,#12486);
#12485 = CARTESIAN_POINT('',(2.5,-0.975,6.E-02));
#12486 = VECTOR('',#12487,1.);
#12487 = DIRECTION('',(0.,-1.,2.590520390792E-16));
#12488 = ORIENTED_EDGE('',*,*,#12489,.T.);
#12489 = EDGE_CURVE('',#12482,#12490,#12492,.T.);
#12490 = VERTEX_POINT('',#12491);
#12491 = CARTESIAN_POINT('',(2.7,-0.975,6.E-02));
#12492 = LINE('',#12493,#12494);
#12493 = CARTESIAN_POINT('',(2.5,-0.975,6.E-02));
#12494 = VECTOR('',#12495,1.);
#12495 = DIRECTION('',(1.,0.,0.));
#12496 = ORIENTED_EDGE('',*,*,#12497,.T.);
#12497 = EDGE_CURVE('',#12490,#12307,#12498,.T.);
#12498 = LINE('',#12499,#12500);
#12499 = CARTESIAN_POINT('',(2.5,-0.975,6.E-02));
#12500 = VECTOR('',#12501,1.);
#12501 = DIRECTION('',(1.,0.,0.));
#12502 = PLANE('',#12503);
#12503 = AXIS2_PLACEMENT_3D('',#12504,#12505,#12506);
#12504 = CARTESIAN_POINT('',(-3.,1.775,6.E-02));
#12505 = DIRECTION('',(0.,1.110223024625E-16,1.));
#12506 = DIRECTION('',(0.,-1.,1.110223024625E-16));
#12507 = ADVANCED_FACE('',(#12508),#12526,.F.);
#12508 = FACE_BOUND('',#12509,.F.);
#12509 = EDGE_LOOP('',(#12510,#12511,#12519,#12525));
#12510 = ORIENTED_EDGE('',*,*,#12290,.F.);
#12511 = ORIENTED_EDGE('',*,*,#12512,.T.);
#12512 = EDGE_CURVE('',#12283,#12513,#12515,.T.);
#12513 = VERTEX_POINT('',#12514);
#12514 = CARTESIAN_POINT('',(-2.7,-0.975,0.61));
#12515 = LINE('',#12516,#12517);
#12516 = CARTESIAN_POINT('',(-3.,-0.975,0.61));
#12517 = VECTOR('',#12518,1.);
#12518 = DIRECTION('',(1.,0.,0.));
#12519 = ORIENTED_EDGE('',*,*,#12520,.T.);
#12520 = EDGE_CURVE('',#12513,#12450,#12521,.T.);
#12521 = LINE('',#12522,#12523);
#12522 = CARTESIAN_POINT('',(-2.7,-0.975,0.61));
#12523 = VECTOR('',#12524,1.);
#12524 = DIRECTION('',(0.,0.,-1.));
#12525 = ORIENTED_EDGE('',*,*,#12449,.F.);
#12526 = PLANE('',#12527);
#12527 = AXIS2_PLACEMENT_3D('',#12528,#12529,#12530);
#12528 = CARTESIAN_POINT('',(-3.,-0.975,0.61));
#12529 = DIRECTION('',(0.,1.,-1.110223024625E-16));
#12530 = DIRECTION('',(0.,-1.110223024625E-16,-1.));
#12531 = ADVANCED_FACE('',(#12532),#12550,.F.);
#12532 = FACE_BOUND('',#12533,.F.);
#12533 = EDGE_LOOP('',(#12534,#12535,#12543,#12549));
#12534 = ORIENTED_EDGE('',*,*,#12282,.F.);
#12535 = ORIENTED_EDGE('',*,*,#12536,.T.);
#12536 = EDGE_CURVE('',#12275,#12537,#12539,.T.);
#12537 = VERTEX_POINT('',#12538);
#12538 = CARTESIAN_POINT('',(-2.7,-1.975,0.61));
#12539 = LINE('',#12540,#12541);
#12540 = CARTESIAN_POINT('',(-3.,-1.975,0.61));
#12541 = VECTOR('',#12542,1.);
#12542 = DIRECTION('',(1.,0.,0.));
#12543 = ORIENTED_EDGE('',*,*,#12544,.T.);
#12544 = EDGE_CURVE('',#12537,#12513,#12545,.T.);
#12545 = LINE('',#12546,#12547);
#12546 = CARTESIAN_POINT('',(-2.7,-1.975,0.61));
#12547 = VECTOR('',#12548,1.);
#12548 = DIRECTION('',(0.,1.,0.));
#12549 = ORIENTED_EDGE('',*,*,#12512,.F.);
#12550 = PLANE('',#12551);
#12551 = AXIS2_PLACEMENT_3D('',#12552,#12553,#12554);
#12552 = CARTESIAN_POINT('',(-3.,-1.975,0.61));
#12553 = DIRECTION('',(0.,1.110223024625E-16,1.));
#12554 = DIRECTION('',(0.,1.,-1.110223024625E-16));
#12555 = ADVANCED_FACE('',(#12556),#12574,.F.);
#12556 = FACE_BOUND('',#12557,.F.);
#12557 = EDGE_LOOP('',(#12558,#12559,#12567,#12573));
#12558 = ORIENTED_EDGE('',*,*,#12274,.F.);
#12559 = ORIENTED_EDGE('',*,*,#12560,.T.);
#12560 = EDGE_CURVE('',#12267,#12561,#12563,.T.);
#12561 = VERTEX_POINT('',#12562);
#12562 = CARTESIAN_POINT('',(-2.7,-1.975,1.26));
#12563 = LINE('',#12564,#12565);
#12564 = CARTESIAN_POINT('',(-3.,-1.975,1.26));
#12565 = VECTOR('',#12566,1.);
#12566 = DIRECTION('',(1.,0.,0.));
#12567 = ORIENTED_EDGE('',*,*,#12568,.T.);
#12568 = EDGE_CURVE('',#12561,#12537,#12569,.T.);
#12569 = LINE('',#12570,#12571);
#12570 = CARTESIAN_POINT('',(-2.7,-1.975,1.26));
#12571 = VECTOR('',#12572,1.);
#12572 = DIRECTION('',(0.,0.,-1.));
#12573 = ORIENTED_EDGE('',*,*,#12536,.F.);
#12574 = PLANE('',#12575);
#12575 = AXIS2_PLACEMENT_3D('',#12576,#12577,#12578);
#12576 = CARTESIAN_POINT('',(-3.,-1.975,1.26));
#12577 = DIRECTION('',(0.,1.,-1.110223024625E-16));
#12578 = DIRECTION('',(0.,-1.110223024625E-16,-1.));
#12579 = ADVANCED_FACE('',(#12580),#12598,.F.);
#12580 = FACE_BOUND('',#12581,.F.);
#12581 = EDGE_LOOP('',(#12582,#12583,#12591,#12597));
#12582 = ORIENTED_EDGE('',*,*,#12266,.F.);
#12583 = ORIENTED_EDGE('',*,*,#12584,.T.);
#12584 = EDGE_CURVE('',#12259,#12585,#12587,.T.);
#12585 = VERTEX_POINT('',#12586);
#12586 = CARTESIAN_POINT('',(-2.7,-2.475,1.26));
#12587 = LINE('',#12588,#12589);
#12588 = CARTESIAN_POINT('',(-3.,-2.475,1.26));
#12589 = VECTOR('',#12590,1.);
#12590 = DIRECTION('',(1.,0.,0.));
#12591 = ORIENTED_EDGE('',*,*,#12592,.T.);
#12592 = EDGE_CURVE('',#12585,#12561,#12593,.T.);
#12593 = LINE('',#12594,#12595);
#12594 = CARTESIAN_POINT('',(-2.7,-2.475,1.26));
#12595 = VECTOR('',#12596,1.);
#12596 = DIRECTION('',(0.,1.,0.));
#12597 = ORIENTED_EDGE('',*,*,#12560,.F.);
#12598 = PLANE('',#12599);
#12599 = AXIS2_PLACEMENT_3D('',#12600,#12601,#12602);
#12600 = CARTESIAN_POINT('',(-3.,-2.475,1.26));
#12601 = DIRECTION('',(0.,1.110223024625E-16,1.));
#12602 = DIRECTION('',(0.,1.,-1.110223024625E-16));
#12603 = ADVANCED_FACE('',(#12604,#12661),#12759,.T.);
#12604 = FACE_BOUND('',#12605,.T.);
#12605 = EDGE_LOOP('',(#12606,#12607,#12608,#12616,#12622,#12623,#12631,
    #12639,#12647,#12655));
#12606 = ORIENTED_EDGE('',*,*,#12258,.F.);
#12607 = ORIENTED_EDGE('',*,*,#12584,.T.);
#12608 = ORIENTED_EDGE('',*,*,#12609,.T.);
#12609 = EDGE_CURVE('',#12585,#12610,#12612,.T.);
#12610 = VERTEX_POINT('',#12611);
#12611 = CARTESIAN_POINT('',(-2.5,-2.475,1.26));
#12612 = LINE('',#12613,#12614);
#12613 = CARTESIAN_POINT('',(-3.,-2.475,1.26));
#12614 = VECTOR('',#12615,1.);
#12615 = DIRECTION('',(1.,0.,0.));
#12616 = ORIENTED_EDGE('',*,*,#12617,.F.);
#12617 = EDGE_CURVE('',#12466,#12610,#12618,.T.);
#12618 = LINE('',#12619,#12620);
#12619 = CARTESIAN_POINT('',(-2.5,-2.475,6.E-02));
#12620 = VECTOR('',#12621,1.);
#12621 = DIRECTION('',(0.,1.110223024625E-16,1.));
#12622 = ORIENTED_EDGE('',*,*,#12473,.T.);
#12623 = ORIENTED_EDGE('',*,*,#12624,.T.);
#12624 = EDGE_CURVE('',#12474,#12625,#12627,.T.);
#12625 = VERTEX_POINT('',#12626);
#12626 = CARTESIAN_POINT('',(2.5,-2.475,1.26));
#12627 = LINE('',#12628,#12629);
#12628 = CARTESIAN_POINT('',(2.5,-2.475,6.E-02));
#12629 = VECTOR('',#12630,1.);
#12630 = DIRECTION('',(0.,1.110223024625E-16,1.));
#12631 = ORIENTED_EDGE('',*,*,#12632,.T.);
#12632 = EDGE_CURVE('',#12625,#12633,#12635,.T.);
#12633 = VERTEX_POINT('',#12634);
#12634 = CARTESIAN_POINT('',(2.7,-2.475,1.26));
#12635 = LINE('',#12636,#12637);
#12636 = CARTESIAN_POINT('',(2.5,-2.475,1.26));
#12637 = VECTOR('',#12638,1.);
#12638 = DIRECTION('',(1.,0.,0.));
#12639 = ORIENTED_EDGE('',*,*,#12640,.T.);
#12640 = EDGE_CURVE('',#12633,#12641,#12643,.T.);
#12641 = VERTEX_POINT('',#12642);
#12642 = CARTESIAN_POINT('',(3.,-2.475,1.26));
#12643 = LINE('',#12644,#12645);
#12644 = CARTESIAN_POINT('',(2.5,-2.475,1.26));
#12645 = VECTOR('',#12646,1.);
#12646 = DIRECTION('',(1.,0.,0.));
#12647 = ORIENTED_EDGE('',*,*,#12648,.T.);
#12648 = EDGE_CURVE('',#12641,#12649,#12651,.T.);
#12649 = VERTEX_POINT('',#12650);
#12650 = CARTESIAN_POINT('',(3.,-2.475,2.96));
#12651 = LINE('',#12652,#12653);
#12652 = CARTESIAN_POINT('',(3.,-2.475,6.E-02));
#12653 = VECTOR('',#12654,1.);
#12654 = DIRECTION('',(0.,1.110223024625E-16,1.));
#12655 = ORIENTED_EDGE('',*,*,#12656,.F.);
#12656 = EDGE_CURVE('',#12251,#12649,#12657,.T.);
#12657 = LINE('',#12658,#12659);
#12658 = CARTESIAN_POINT('',(-3.,-2.475,2.96));
#12659 = VECTOR('',#12660,1.);
#12660 = DIRECTION('',(1.,0.,0.));
#12661 = FACE_BOUND('',#12662,.T.);
#12662 = EDGE_LOOP('',(#12663,#12673,#12681,#12689,#12697,#12705,#12713,
    #12721,#12729,#12737,#12745,#12753));
#12663 = ORIENTED_EDGE('',*,*,#12664,.F.);
#12664 = EDGE_CURVE('',#12665,#12667,#12669,.T.);
#12665 = VERTEX_POINT('',#12666);
#12666 = CARTESIAN_POINT('',(2.2,-2.475,0.46));
#12667 = VERTEX_POINT('',#12668);
#12668 = CARTESIAN_POINT('',(2.2,-2.475,1.46));
#12669 = LINE('',#12670,#12671);
#12670 = CARTESIAN_POINT('',(2.2,-2.475,0.46));
#12671 = VECTOR('',#12672,1.);
#12672 = DIRECTION('',(0.,1.110223024625E-16,1.));
#12673 = ORIENTED_EDGE('',*,*,#12674,.F.);
#12674 = EDGE_CURVE('',#12675,#12665,#12677,.T.);
#12675 = VERTEX_POINT('',#12676);
#12676 = CARTESIAN_POINT('',(-2.2,-2.475,0.46));
#12677 = LINE('',#12678,#12679);
#12678 = CARTESIAN_POINT('',(-2.2,-2.475,0.46));
#12679 = VECTOR('',#12680,1.);
#12680 = DIRECTION('',(1.,0.,0.));
#12681 = ORIENTED_EDGE('',*,*,#12682,.F.);
#12682 = EDGE_CURVE('',#12683,#12675,#12685,.T.);
#12683 = VERTEX_POINT('',#12684);
#12684 = CARTESIAN_POINT('',(-2.2,-2.475,1.46));
#12685 = LINE('',#12686,#12687);
#12686 = CARTESIAN_POINT('',(-2.2,-2.475,2.56));
#12687 = VECTOR('',#12688,1.);
#12688 = DIRECTION('',(0.,-1.110223024625E-16,-1.));
#12689 = ORIENTED_EDGE('',*,*,#12690,.F.);
#12690 = EDGE_CURVE('',#12691,#12683,#12693,.T.);
#12691 = VERTEX_POINT('',#12692);
#12692 = CARTESIAN_POINT('',(-2.55,-2.475,1.46));
#12693 = LINE('',#12694,#12695);
#12694 = CARTESIAN_POINT('',(-2.55,-2.475,1.46));
#12695 = VECTOR('',#12696,1.);
#12696 = DIRECTION('',(1.,0.,0.));
#12697 = ORIENTED_EDGE('',*,*,#12698,.F.);
#12698 = EDGE_CURVE('',#12699,#12691,#12701,.T.);
#12699 = VERTEX_POINT('',#12700);
#12700 = CARTESIAN_POINT('',(-2.55,-2.475,2.06));
#12701 = LINE('',#12702,#12703);
#12702 = CARTESIAN_POINT('',(-2.55,-2.475,2.06));
#12703 = VECTOR('',#12704,1.);
#12704 = DIRECTION('',(0.,-1.110223024625E-16,-1.));
#12705 = ORIENTED_EDGE('',*,*,#12706,.F.);
#12706 = EDGE_CURVE('',#12707,#12699,#12709,.T.);
#12707 = VERTEX_POINT('',#12708);
#12708 = CARTESIAN_POINT('',(-2.2,-2.475,2.06));
#12709 = LINE('',#12710,#12711);
#12710 = CARTESIAN_POINT('',(2.55,-2.475,2.06));
#12711 = VECTOR('',#12712,1.);
#12712 = DIRECTION('',(-1.,0.,0.));
#12713 = ORIENTED_EDGE('',*,*,#12714,.F.);
#12714 = EDGE_CURVE('',#12715,#12707,#12717,.T.);
#12715 = VERTEX_POINT('',#12716);
#12716 = CARTESIAN_POINT('',(-2.2,-2.475,2.56));
#12717 = LINE('',#12718,#12719);
#12718 = CARTESIAN_POINT('',(-2.2,-2.475,2.56));
#12719 = VECTOR('',#12720,1.);
#12720 = DIRECTION('',(0.,-1.110223024625E-16,-1.));
#12721 = ORIENTED_EDGE('',*,*,#12722,.F.);
#12722 = EDGE_CURVE('',#12723,#12715,#12725,.T.);
#12723 = VERTEX_POINT('',#12724);
#12724 = CARTESIAN_POINT('',(2.2,-2.475,2.56));
#12725 = LINE('',#12726,#12727);
#12726 = CARTESIAN_POINT('',(2.2,-2.475,2.56));
#12727 = VECTOR('',#12728,1.);
#12728 = DIRECTION('',(-1.,0.,0.));
#12729 = ORIENTED_EDGE('',*,*,#12730,.F.);
#12730 = EDGE_CURVE('',#12731,#12723,#12733,.T.);
#12731 = VERTEX_POINT('',#12732);
#12732 = CARTESIAN_POINT('',(2.2,-2.475,2.06));
#12733 = LINE('',#12734,#12735);
#12734 = CARTESIAN_POINT('',(2.2,-2.475,0.46));
#12735 = VECTOR('',#12736,1.);
#12736 = DIRECTION('',(0.,1.110223024625E-16,1.));
#12737 = ORIENTED_EDGE('',*,*,#12738,.F.);
#12738 = EDGE_CURVE('',#12739,#12731,#12741,.T.);
#12739 = VERTEX_POINT('',#12740);
#12740 = CARTESIAN_POINT('',(2.55,-2.475,2.06));
#12741 = LINE('',#12742,#12743);
#12742 = CARTESIAN_POINT('',(2.55,-2.475,2.06));
#12743 = VECTOR('',#12744,1.);
#12744 = DIRECTION('',(-1.,0.,0.));
#12745 = ORIENTED_EDGE('',*,*,#12746,.F.);
#12746 = EDGE_CURVE('',#12747,#12739,#12749,.T.);
#12747 = VERTEX_POINT('',#12748);
#12748 = CARTESIAN_POINT('',(2.55,-2.475,1.46));
#12749 = LINE('',#12750,#12751);
#12750 = CARTESIAN_POINT('',(2.55,-2.475,1.46));
#12751 = VECTOR('',#12752,1.);
#12752 = DIRECTION('',(0.,1.110223024625E-16,1.));
#12753 = ORIENTED_EDGE('',*,*,#12754,.F.);
#12754 = EDGE_CURVE('',#12667,#12747,#12755,.T.);
#12755 = LINE('',#12756,#12757);
#12756 = CARTESIAN_POINT('',(-2.55,-2.475,1.46));
#12757 = VECTOR('',#12758,1.);
#12758 = DIRECTION('',(1.,0.,0.));
#12759 = PLANE('',#12760);
#12760 = AXIS2_PLACEMENT_3D('',#12761,#12762,#12763);
#12761 = CARTESIAN_POINT('',(-3.,-2.475,6.E-02));
#12762 = DIRECTION('',(0.,-1.,1.110223024625E-16));
#12763 = DIRECTION('',(1.,0.,0.));
#12764 = ADVANCED_FACE('',(#12765),#12815,.T.);
#12765 = FACE_BOUND('',#12766,.T.);
#12766 = EDGE_LOOP('',(#12767,#12777,#12785,#12791,#12792,#12793,#12801,
    #12809));
#12767 = ORIENTED_EDGE('',*,*,#12768,.F.);
#12768 = EDGE_CURVE('',#12769,#12771,#12773,.T.);
#12769 = VERTEX_POINT('',#12770);
#12770 = CARTESIAN_POINT('',(-2.5,1.775,2.96));
#12771 = VERTEX_POINT('',#12772);
#12772 = CARTESIAN_POINT('',(2.5,1.775,2.96));
#12773 = LINE('',#12774,#12775);
#12774 = CARTESIAN_POINT('',(-3.,1.775,2.96));
#12775 = VECTOR('',#12776,1.);
#12776 = DIRECTION('',(1.,0.,0.));
#12777 = ORIENTED_EDGE('',*,*,#12778,.F.);
#12778 = EDGE_CURVE('',#12779,#12769,#12781,.T.);
#12779 = VERTEX_POINT('',#12780);
#12780 = CARTESIAN_POINT('',(-2.5,0.286,2.96));
#12781 = LINE('',#12782,#12783);
#12782 = CARTESIAN_POINT('',(-2.5,0.286,2.96));
#12783 = VECTOR('',#12784,1.);
#12784 = DIRECTION('',(0.,1.,-1.110223024625E-16));
#12785 = ORIENTED_EDGE('',*,*,#12786,.F.);
#12786 = EDGE_CURVE('',#12243,#12779,#12787,.T.);
#12787 = LINE('',#12788,#12789);
#12788 = CARTESIAN_POINT('',(-3.,0.286,2.96));
#12789 = VECTOR('',#12790,1.);
#12790 = DIRECTION('',(1.,0.,0.));
#12791 = ORIENTED_EDGE('',*,*,#12250,.T.);
#12792 = ORIENTED_EDGE('',*,*,#12656,.T.);
#12793 = ORIENTED_EDGE('',*,*,#12794,.F.);
#12794 = EDGE_CURVE('',#12795,#12649,#12797,.T.);
#12795 = VERTEX_POINT('',#12796);
#12796 = CARTESIAN_POINT('',(3.,0.286,2.96));
#12797 = LINE('',#12798,#12799);
#12798 = CARTESIAN_POINT('',(3.,1.775,2.96));
#12799 = VECTOR('',#12800,1.);
#12800 = DIRECTION('',(0.,-1.,1.110223024625E-16));
#12801 = ORIENTED_EDGE('',*,*,#12802,.F.);
#12802 = EDGE_CURVE('',#12803,#12795,#12805,.T.);
#12803 = VERTEX_POINT('',#12804);
#12804 = CARTESIAN_POINT('',(2.5,0.286,2.96));
#12805 = LINE('',#12806,#12807);
#12806 = CARTESIAN_POINT('',(2.5,0.286,2.96));
#12807 = VECTOR('',#12808,1.);
#12808 = DIRECTION('',(1.,0.,0.));
#12809 = ORIENTED_EDGE('',*,*,#12810,.T.);
#12810 = EDGE_CURVE('',#12803,#12771,#12811,.T.);
#12811 = LINE('',#12812,#12813);
#12812 = CARTESIAN_POINT('',(2.5,0.286,2.96));
#12813 = VECTOR('',#12814,1.);
#12814 = DIRECTION('',(0.,1.,-1.110223024625E-16));
#12815 = PLANE('',#12816);
#12816 = AXIS2_PLACEMENT_3D('',#12817,#12818,#12819);
#12817 = CARTESIAN_POINT('',(-3.,1.775,2.96));
#12818 = DIRECTION('',(0.,1.110223024625E-16,1.));
#12819 = DIRECTION('',(0.,-1.,1.110223024625E-16));
#12820 = ADVANCED_FACE('',(#12821),#12839,.F.);
#12821 = FACE_BOUND('',#12822,.F.);
#12822 = EDGE_LOOP('',(#12823,#12831,#12837,#12838));
#12823 = ORIENTED_EDGE('',*,*,#12824,.T.);
#12824 = EDGE_CURVE('',#12235,#12825,#12827,.T.);
#12825 = VERTEX_POINT('',#12826);
#12826 = CARTESIAN_POINT('',(-2.5,0.575,2.46));
#12827 = LINE('',#12828,#12829);
#12828 = CARTESIAN_POINT('',(-3.,0.575,2.46));
#12829 = VECTOR('',#12830,1.);
#12830 = DIRECTION('',(1.,0.,0.));
#12831 = ORIENTED_EDGE('',*,*,#12832,.T.);
#12832 = EDGE_CURVE('',#12825,#12779,#12833,.T.);
#12833 = LINE('',#12834,#12835);
#12834 = CARTESIAN_POINT('',(-2.5,0.575,2.46));
#12835 = VECTOR('',#12836,1.);
#12836 = DIRECTION('',(0.,-0.500421834463,0.865781720524));
#12837 = ORIENTED_EDGE('',*,*,#12786,.F.);
#12838 = ORIENTED_EDGE('',*,*,#12242,.F.);
#12839 = PLANE('',#12840);
#12840 = AXIS2_PLACEMENT_3D('',#12841,#12842,#12843);
#12841 = CARTESIAN_POINT('',(-3.,0.575,2.46));
#12842 = DIRECTION('',(0.,-0.865781720524,-0.500421834463));
#12843 = DIRECTION('',(0.,-0.500421834463,0.865781720524));
#12844 = ADVANCED_FACE('',(#12845),#12863,.F.);
#12845 = FACE_BOUND('',#12846,.F.);
#12846 = EDGE_LOOP('',(#12847,#12855,#12861,#12862));
#12847 = ORIENTED_EDGE('',*,*,#12848,.T.);
#12848 = EDGE_CURVE('',#12227,#12849,#12851,.T.);
#12849 = VERTEX_POINT('',#12850);
#12850 = CARTESIAN_POINT('',(-2.5,1.225,2.46));
#12851 = LINE('',#12852,#12853);
#12852 = CARTESIAN_POINT('',(-3.,1.225,2.46));
#12853 = VECTOR('',#12854,1.);
#12854 = DIRECTION('',(1.,0.,0.));
#12855 = ORIENTED_EDGE('',*,*,#12856,.T.);
#12856 = EDGE_CURVE('',#12849,#12825,#12857,.T.);
#12857 = LINE('',#12858,#12859);
#12858 = CARTESIAN_POINT('',(-2.5,1.225,2.46));
#12859 = VECTOR('',#12860,1.);
#12860 = DIRECTION('',(0.,-1.,1.110223024625E-16));
#12861 = ORIENTED_EDGE('',*,*,#12824,.F.);
#12862 = ORIENTED_EDGE('',*,*,#12234,.F.);
#12863 = PLANE('',#12864);
#12864 = AXIS2_PLACEMENT_3D('',#12865,#12866,#12867);
#12865 = CARTESIAN_POINT('',(-3.,1.225,2.46));
#12866 = DIRECTION('',(0.,-1.110223024625E-16,-1.));
#12867 = DIRECTION('',(0.,-1.,1.110223024625E-16));
#12868 = ADVANCED_FACE('',(#12869),#12887,.F.);
#12869 = FACE_BOUND('',#12870,.F.);
#12870 = EDGE_LOOP('',(#12871,#12879,#12885,#12886));
#12871 = ORIENTED_EDGE('',*,*,#12872,.T.);
#12872 = EDGE_CURVE('',#12219,#12873,#12875,.T.);
#12873 = VERTEX_POINT('',#12874);
#12874 = CARTESIAN_POINT('',(-2.5,1.225,1.46));
#12875 = LINE('',#12876,#12877);
#12876 = CARTESIAN_POINT('',(-3.,1.225,1.46));
#12877 = VECTOR('',#12878,1.);
#12878 = DIRECTION('',(1.,0.,0.));
#12879 = ORIENTED_EDGE('',*,*,#12880,.T.);
#12880 = EDGE_CURVE('',#12873,#12849,#12881,.T.);
#12881 = LINE('',#12882,#12883);
#12882 = CARTESIAN_POINT('',(-2.5,1.225,1.46));
#12883 = VECTOR('',#12884,1.);
#12884 = DIRECTION('',(0.,1.110223024625E-16,1.));
#12885 = ORIENTED_EDGE('',*,*,#12848,.F.);
#12886 = ORIENTED_EDGE('',*,*,#12226,.F.);
#12887 = PLANE('',#12888);
#12888 = AXIS2_PLACEMENT_3D('',#12889,#12890,#12891);
#12889 = CARTESIAN_POINT('',(-3.,1.225,1.46));
#12890 = DIRECTION('',(0.,-1.,1.110223024625E-16));
#12891 = DIRECTION('',(0.,1.110223024625E-16,1.));
#12892 = ADVANCED_FACE('',(#12893),#12911,.F.);
#12893 = FACE_BOUND('',#12894,.F.);
#12894 = EDGE_LOOP('',(#12895,#12903,#12909,#12910));
#12895 = ORIENTED_EDGE('',*,*,#12896,.T.);
#12896 = EDGE_CURVE('',#12211,#12897,#12899,.T.);
#12897 = VERTEX_POINT('',#12898);
#12898 = CARTESIAN_POINT('',(-2.5,1.775,1.46));
#12899 = LINE('',#12900,#12901);
#12900 = CARTESIAN_POINT('',(-3.,1.775,1.46));
#12901 = VECTOR('',#12902,1.);
#12902 = DIRECTION('',(1.,0.,0.));
#12903 = ORIENTED_EDGE('',*,*,#12904,.T.);
#12904 = EDGE_CURVE('',#12897,#12873,#12905,.T.);
#12905 = LINE('',#12906,#12907);
#12906 = CARTESIAN_POINT('',(-2.5,1.775,1.46));
#12907 = VECTOR('',#12908,1.);
#12908 = DIRECTION('',(0.,-1.,1.110223024625E-16));
#12909 = ORIENTED_EDGE('',*,*,#12872,.F.);
#12910 = ORIENTED_EDGE('',*,*,#12218,.F.);
#12911 = PLANE('',#12912);
#12912 = AXIS2_PLACEMENT_3D('',#12913,#12914,#12915);
#12913 = CARTESIAN_POINT('',(-3.,1.775,1.46));
#12914 = DIRECTION('',(0.,-1.110223024625E-16,-1.));
#12915 = DIRECTION('',(0.,-1.,1.110223024625E-16));
#12916 = ADVANCED_FACE('',(#12917),#13043,.F.);
#12917 = FACE_BOUND('',#12918,.F.);
#12918 = EDGE_LOOP('',(#12919,#12920,#12921,#12929,#12937,#12943,#12944,
    #12952,#12960,#12966,#12967,#12975,#12983,#12989,#12990,#12998,
    #13006,#13012,#13013,#13021,#13029,#13035,#13036,#13042));
#12919 = ORIENTED_EDGE('',*,*,#12210,.F.);
#12920 = ORIENTED_EDGE('',*,*,#12442,.T.);
#12921 = ORIENTED_EDGE('',*,*,#12922,.T.);
#12922 = EDGE_CURVE('',#12435,#12923,#12925,.T.);
#12923 = VERTEX_POINT('',#12924);
#12924 = CARTESIAN_POINT('',(-1.6,1.775,0.2));
#12925 = LINE('',#12926,#12927);
#12926 = CARTESIAN_POINT('',(-1.6,1.775,6.E-02));
#12927 = VECTOR('',#12928,1.);
#12928 = DIRECTION('',(0.,0.,1.));
#12929 = ORIENTED_EDGE('',*,*,#12930,.T.);
#12930 = EDGE_CURVE('',#12923,#12931,#12933,.T.);
#12931 = VERTEX_POINT('',#12932);
#12932 = CARTESIAN_POINT('',(-1.4,1.775,0.2));
#12933 = LINE('',#12934,#12935);
#12934 = CARTESIAN_POINT('',(-1.6,1.775,0.2));
#12935 = VECTOR('',#12936,1.);
#12936 = DIRECTION('',(1.,0.,0.));
#12937 = ORIENTED_EDGE('',*,*,#12938,.F.);
#12938 = EDGE_CURVE('',#12411,#12931,#12939,.T.);
#12939 = LINE('',#12940,#12941);
#12940 = CARTESIAN_POINT('',(-1.4,1.775,6.E-02));
#12941 = VECTOR('',#12942,1.);
#12942 = DIRECTION('',(0.,0.,1.));
#12943 = ORIENTED_EDGE('',*,*,#12410,.T.);
#12944 = ORIENTED_EDGE('',*,*,#12945,.T.);
#12945 = EDGE_CURVE('',#12403,#12946,#12948,.T.);
#12946 = VERTEX_POINT('',#12947);
#12947 = CARTESIAN_POINT('',(-0.6,1.775,0.2));
#12948 = LINE('',#12949,#12950);
#12949 = CARTESIAN_POINT('',(-0.6,1.775,6.E-02));
#12950 = VECTOR('',#12951,1.);
#12951 = DIRECTION('',(0.,0.,1.));
#12952 = ORIENTED_EDGE('',*,*,#12953,.T.);
#12953 = EDGE_CURVE('',#12946,#12954,#12956,.T.);
#12954 = VERTEX_POINT('',#12955);
#12955 = CARTESIAN_POINT('',(-0.4,1.775,0.2));
#12956 = LINE('',#12957,#12958);
#12957 = CARTESIAN_POINT('',(-0.6,1.775,0.2));
#12958 = VECTOR('',#12959,1.);
#12959 = DIRECTION('',(1.,0.,0.));
#12960 = ORIENTED_EDGE('',*,*,#12961,.F.);
#12961 = EDGE_CURVE('',#12379,#12954,#12962,.T.);
#12962 = LINE('',#12963,#12964);
#12963 = CARTESIAN_POINT('',(-0.4,1.775,6.E-02));
#12964 = VECTOR('',#12965,1.);
#12965 = DIRECTION('',(0.,0.,1.));
#12966 = ORIENTED_EDGE('',*,*,#12378,.T.);
#12967 = ORIENTED_EDGE('',*,*,#12968,.T.);
#12968 = EDGE_CURVE('',#12371,#12969,#12971,.T.);
#12969 = VERTEX_POINT('',#12970);
#12970 = CARTESIAN_POINT('',(0.4,1.775,0.2));
#12971 = LINE('',#12972,#12973);
#12972 = CARTESIAN_POINT('',(0.4,1.775,6.E-02));
#12973 = VECTOR('',#12974,1.);
#12974 = DIRECTION('',(0.,0.,1.));
#12975 = ORIENTED_EDGE('',*,*,#12976,.T.);
#12976 = EDGE_CURVE('',#12969,#12977,#12979,.T.);
#12977 = VERTEX_POINT('',#12978);
#12978 = CARTESIAN_POINT('',(0.6,1.775,0.2));
#12979 = LINE('',#12980,#12981);
#12980 = CARTESIAN_POINT('',(0.4,1.775,0.2));
#12981 = VECTOR('',#12982,1.);
#12982 = DIRECTION('',(1.,0.,0.));
#12983 = ORIENTED_EDGE('',*,*,#12984,.F.);
#12984 = EDGE_CURVE('',#12347,#12977,#12985,.T.);
#12985 = LINE('',#12986,#12987);
#12986 = CARTESIAN_POINT('',(0.6,1.775,6.E-02));
#12987 = VECTOR('',#12988,1.);
#12988 = DIRECTION('',(0.,0.,1.));
#12989 = ORIENTED_EDGE('',*,*,#12346,.T.);
#12990 = ORIENTED_EDGE('',*,*,#12991,.T.);
#12991 = EDGE_CURVE('',#12339,#12992,#12994,.T.);
#12992 = VERTEX_POINT('',#12993);
#12993 = CARTESIAN_POINT('',(1.4,1.775,0.2));
#12994 = LINE('',#12995,#12996);
#12995 = CARTESIAN_POINT('',(1.4,1.775,6.E-02));
#12996 = VECTOR('',#12997,1.);
#12997 = DIRECTION('',(0.,0.,1.));
#12998 = ORIENTED_EDGE('',*,*,#12999,.T.);
#12999 = EDGE_CURVE('',#12992,#13000,#13002,.T.);
#13000 = VERTEX_POINT('',#13001);
#13001 = CARTESIAN_POINT('',(1.6,1.775,0.2));
#13002 = LINE('',#13003,#13004);
#13003 = CARTESIAN_POINT('',(1.4,1.775,0.2));
#13004 = VECTOR('',#13005,1.);
#13005 = DIRECTION('',(1.,0.,0.));
#13006 = ORIENTED_EDGE('',*,*,#13007,.F.);
#13007 = EDGE_CURVE('',#12315,#13000,#13008,.T.);
#13008 = LINE('',#13009,#13010);
#13009 = CARTESIAN_POINT('',(1.6,1.775,6.E-02));
#13010 = VECTOR('',#13011,1.);
#13011 = DIRECTION('',(0.,0.,1.));
#13012 = ORIENTED_EDGE('',*,*,#12314,.T.);
#13013 = ORIENTED_EDGE('',*,*,#13014,.T.);
#13014 = EDGE_CURVE('',#12305,#13015,#13017,.T.);
#13015 = VERTEX_POINT('',#13016);
#13016 = CARTESIAN_POINT('',(3.,1.775,1.46));
#13017 = LINE('',#13018,#13019);
#13018 = CARTESIAN_POINT('',(3.,1.775,6.E-02));
#13019 = VECTOR('',#13020,1.);
#13020 = DIRECTION('',(0.,1.110223024625E-16,1.));
#13021 = ORIENTED_EDGE('',*,*,#13022,.F.);
#13022 = EDGE_CURVE('',#13023,#13015,#13025,.T.);
#13023 = VERTEX_POINT('',#13024);
#13024 = CARTESIAN_POINT('',(2.5,1.775,1.46));
#13025 = LINE('',#13026,#13027);
#13026 = CARTESIAN_POINT('',(2.5,1.775,1.46));
#13027 = VECTOR('',#13028,1.);
#13028 = DIRECTION('',(1.,0.,0.));
#13029 = ORIENTED_EDGE('',*,*,#13030,.F.);
#13030 = EDGE_CURVE('',#12771,#13023,#13031,.T.);
#13031 = LINE('',#13032,#13033);
#13032 = CARTESIAN_POINT('',(2.5,1.775,2.96));
#13033 = VECTOR('',#13034,1.);
#13034 = DIRECTION('',(0.,-1.110223024625E-16,-1.));
#13035 = ORIENTED_EDGE('',*,*,#12768,.F.);
#13036 = ORIENTED_EDGE('',*,*,#13037,.T.);
#13037 = EDGE_CURVE('',#12769,#12897,#13038,.T.);
#13038 = LINE('',#13039,#13040);
#13039 = CARTESIAN_POINT('',(-2.5,1.775,2.96));
#13040 = VECTOR('',#13041,1.);
#13041 = DIRECTION('',(0.,-1.110223024625E-16,-1.));
#13042 = ORIENTED_EDGE('',*,*,#12896,.F.);
#13043 = PLANE('',#13044);
#13044 = AXIS2_PLACEMENT_3D('',#13045,#13046,#13047);
#13045 = CARTESIAN_POINT('',(-3.,1.775,6.E-02));
#13046 = DIRECTION('',(0.,-1.,1.110223024625E-16));
#13047 = DIRECTION('',(1.,0.,0.));
#13048 = ADVANCED_FACE('',(#13049),#13115,.T.);
#13049 = FACE_BOUND('',#13050,.T.);
#13050 = EDGE_LOOP('',(#13051,#13052,#13053,#13061,#13069,#13077,#13083,
    #13084,#13085,#13093,#13101,#13109));
#13051 = ORIENTED_EDGE('',*,*,#12304,.F.);
#13052 = ORIENTED_EDGE('',*,*,#13014,.T.);
#13053 = ORIENTED_EDGE('',*,*,#13054,.T.);
#13054 = EDGE_CURVE('',#13015,#13055,#13057,.T.);
#13055 = VERTEX_POINT('',#13056);
#13056 = CARTESIAN_POINT('',(3.,1.225,1.46));
#13057 = LINE('',#13058,#13059);
#13058 = CARTESIAN_POINT('',(3.,1.775,1.46));
#13059 = VECTOR('',#13060,1.);
#13060 = DIRECTION('',(0.,-1.,1.110223024625E-16));
#13061 = ORIENTED_EDGE('',*,*,#13062,.T.);
#13062 = EDGE_CURVE('',#13055,#13063,#13065,.T.);
#13063 = VERTEX_POINT('',#13064);
#13064 = CARTESIAN_POINT('',(3.,1.225,2.46));
#13065 = LINE('',#13066,#13067);
#13066 = CARTESIAN_POINT('',(3.,1.225,1.46));
#13067 = VECTOR('',#13068,1.);
#13068 = DIRECTION('',(0.,1.110223024625E-16,1.));
#13069 = ORIENTED_EDGE('',*,*,#13070,.T.);
#13070 = EDGE_CURVE('',#13063,#13071,#13073,.T.);
#13071 = VERTEX_POINT('',#13072);
#13072 = CARTESIAN_POINT('',(3.,0.575,2.46));
#13073 = LINE('',#13074,#13075);
#13074 = CARTESIAN_POINT('',(3.,1.225,2.46));
#13075 = VECTOR('',#13076,1.);
#13076 = DIRECTION('',(0.,-1.,1.110223024625E-16));
#13077 = ORIENTED_EDGE('',*,*,#13078,.T.);
#13078 = EDGE_CURVE('',#13071,#12795,#13079,.T.);
#13079 = LINE('',#13080,#13081);
#13080 = CARTESIAN_POINT('',(3.,0.575,2.46));
#13081 = VECTOR('',#13082,1.);
#13082 = DIRECTION('',(0.,-0.500421834463,0.865781720524));
#13083 = ORIENTED_EDGE('',*,*,#12794,.T.);
#13084 = ORIENTED_EDGE('',*,*,#12648,.F.);
#13085 = ORIENTED_EDGE('',*,*,#13086,.T.);
#13086 = EDGE_CURVE('',#12641,#13087,#13089,.T.);
#13087 = VERTEX_POINT('',#13088);
#13088 = CARTESIAN_POINT('',(3.,-1.975,1.26));
#13089 = LINE('',#13090,#13091);
#13090 = CARTESIAN_POINT('',(3.,-2.475,1.26));
#13091 = VECTOR('',#13092,1.);
#13092 = DIRECTION('',(0.,1.,-1.110223024625E-16));
#13093 = ORIENTED_EDGE('',*,*,#13094,.T.);
#13094 = EDGE_CURVE('',#13087,#13095,#13097,.T.);
#13095 = VERTEX_POINT('',#13096);
#13096 = CARTESIAN_POINT('',(3.,-1.975,0.61));
#13097 = LINE('',#13098,#13099);
#13098 = CARTESIAN_POINT('',(3.,-1.975,1.26));
#13099 = VECTOR('',#13100,1.);
#13100 = DIRECTION('',(0.,-1.110223024625E-16,-1.));
#13101 = ORIENTED_EDGE('',*,*,#13102,.T.);
#13102 = EDGE_CURVE('',#13095,#13103,#13105,.T.);
#13103 = VERTEX_POINT('',#13104);
#13104 = CARTESIAN_POINT('',(3.,-0.975,0.61));
#13105 = LINE('',#13106,#13107);
#13106 = CARTESIAN_POINT('',(3.,-1.975,0.61));
#13107 = VECTOR('',#13108,1.);
#13108 = DIRECTION('',(0.,1.,-1.110223024625E-16));
#13109 = ORIENTED_EDGE('',*,*,#13110,.T.);
#13110 = EDGE_CURVE('',#13103,#12307,#13111,.T.);
#13111 = LINE('',#13112,#13113);
#13112 = CARTESIAN_POINT('',(3.,-0.975,0.61));
#13113 = VECTOR('',#13114,1.);
#13114 = DIRECTION('',(0.,-1.110223024625E-16,-1.));
#13115 = PLANE('',#13116);
#13116 = AXIS2_PLACEMENT_3D('',#13117,#13118,#13119);
#13117 = CARTESIAN_POINT('',(3.,1.775,6.E-02));
#13118 = DIRECTION('',(1.,0.,0.));
#13119 = DIRECTION('',(0.,-1.,1.110223024625E-16));
#13120 = ADVANCED_FACE('',(#13121),#13139,.F.);
#13121 = FACE_BOUND('',#13122,.F.);
#13122 = EDGE_LOOP('',(#13123,#13131,#13137,#13138));
#13123 = ORIENTED_EDGE('',*,*,#13124,.F.);
#13124 = EDGE_CURVE('',#13125,#12490,#13127,.T.);
#13125 = VERTEX_POINT('',#13126);
#13126 = CARTESIAN_POINT('',(2.7,-0.975,0.61));
#13127 = LINE('',#13128,#13129);
#13128 = CARTESIAN_POINT('',(2.7,-0.975,0.61));
#13129 = VECTOR('',#13130,1.);
#13130 = DIRECTION('',(0.,0.,-1.));
#13131 = ORIENTED_EDGE('',*,*,#13132,.T.);
#13132 = EDGE_CURVE('',#13125,#13103,#13133,.T.);
#13133 = LINE('',#13134,#13135);
#13134 = CARTESIAN_POINT('',(2.5,-0.975,0.61));
#13135 = VECTOR('',#13136,1.);
#13136 = DIRECTION('',(1.,0.,0.));
#13137 = ORIENTED_EDGE('',*,*,#13110,.T.);
#13138 = ORIENTED_EDGE('',*,*,#12497,.F.);
#13139 = PLANE('',#13140);
#13140 = AXIS2_PLACEMENT_3D('',#13141,#13142,#13143);
#13141 = CARTESIAN_POINT('',(2.5,-0.975,0.61));
#13142 = DIRECTION('',(0.,1.,-1.110223024625E-16));
#13143 = DIRECTION('',(0.,-1.110223024625E-16,-1.));
#13144 = ADVANCED_FACE('',(#13145),#13170,.T.);
#13145 = FACE_BOUND('',#13146,.T.);
#13146 = EDGE_LOOP('',(#13147,#13155,#13156,#13164));
#13147 = ORIENTED_EDGE('',*,*,#13148,.F.);
#13148 = EDGE_CURVE('',#12482,#13149,#13151,.T.);
#13149 = VERTEX_POINT('',#13150);
#13150 = CARTESIAN_POINT('',(2.5,-0.975,1.E-02));
#13151 = LINE('',#13152,#13153);
#13152 = CARTESIAN_POINT('',(2.5,-0.975,0.61));
#13153 = VECTOR('',#13154,1.);
#13154 = DIRECTION('',(0.,0.,-1.));
#13155 = ORIENTED_EDGE('',*,*,#12489,.T.);
#13156 = ORIENTED_EDGE('',*,*,#13157,.T.);
#13157 = EDGE_CURVE('',#12490,#13158,#13160,.T.);
#13158 = VERTEX_POINT('',#13159);
#13159 = CARTESIAN_POINT('',(2.7,-0.975,1.E-02));
#13160 = LINE('',#13161,#13162);
#13161 = CARTESIAN_POINT('',(2.7,-0.975,0.61));
#13162 = VECTOR('',#13163,1.);
#13163 = DIRECTION('',(0.,0.,-1.));
#13164 = ORIENTED_EDGE('',*,*,#13165,.F.);
#13165 = EDGE_CURVE('',#13149,#13158,#13166,.T.);
#13166 = LINE('',#13167,#13168);
#13167 = CARTESIAN_POINT('',(2.5,-0.975,1.E-02));
#13168 = VECTOR('',#13169,1.);
#13169 = DIRECTION('',(1.,0.,0.));
#13170 = PLANE('',#13171);
#13171 = AXIS2_PLACEMENT_3D('',#13172,#13173,#13174);
#13172 = CARTESIAN_POINT('',(2.5,-0.975,0.61));
#13173 = DIRECTION('',(0.,1.,0.));
#13174 = DIRECTION('',(0.,0.,-1.));
#13175 = ADVANCED_FACE('',(#13176),#13194,.T.);
#13176 = FACE_BOUND('',#13177,.T.);
#13177 = EDGE_LOOP('',(#13178,#13186,#13192,#13193));
#13178 = ORIENTED_EDGE('',*,*,#13179,.T.);
#13179 = EDGE_CURVE('',#13149,#13180,#13182,.T.);
#13180 = VERTEX_POINT('',#13181);
#13181 = CARTESIAN_POINT('',(2.5,-2.475,1.E-02));
#13182 = LINE('',#13183,#13184);
#13183 = CARTESIAN_POINT('',(2.5,-0.975,1.E-02));
#13184 = VECTOR('',#13185,1.);
#13185 = DIRECTION('',(0.,-1.,-5.782411586589E-18));
#13186 = ORIENTED_EDGE('',*,*,#13187,.T.);
#13187 = EDGE_CURVE('',#13180,#12474,#13188,.T.);
#13188 = LINE('',#13189,#13190);
#13189 = CARTESIAN_POINT('',(2.5,-2.475,1.E-02));
#13190 = VECTOR('',#13191,1.);
#13191 = DIRECTION('',(0.,0.,1.));
#13192 = ORIENTED_EDGE('',*,*,#12481,.F.);
#13193 = ORIENTED_EDGE('',*,*,#13148,.T.);
#13194 = PLANE('',#13195);
#13195 = AXIS2_PLACEMENT_3D('',#13196,#13197,#13198);
#13196 = CARTESIAN_POINT('',(2.5,-1.843181818182,0.516818181818));
#13197 = DIRECTION('',(-1.,-0.,-0.));
#13198 = DIRECTION('',(0.,0.,-1.));
#13199 = ADVANCED_FACE('',(#13200),#13225,.F.);
#13200 = FACE_BOUND('',#13201,.F.);
#13201 = EDGE_LOOP('',(#13202,#13212,#13218,#13219));
#13202 = ORIENTED_EDGE('',*,*,#13203,.T.);
#13203 = EDGE_CURVE('',#13204,#13206,#13208,.T.);
#13204 = VERTEX_POINT('',#13205);
#13205 = CARTESIAN_POINT('',(-2.5,-0.975,1.E-02));
#13206 = VERTEX_POINT('',#13207);
#13207 = CARTESIAN_POINT('',(-2.5,-2.475,1.E-02));
#13208 = LINE('',#13209,#13210);
#13209 = CARTESIAN_POINT('',(-2.5,-0.975,1.E-02));
#13210 = VECTOR('',#13211,1.);
#13211 = DIRECTION('',(0.,-1.,-5.782411586589E-18));
#13212 = ORIENTED_EDGE('',*,*,#13213,.T.);
#13213 = EDGE_CURVE('',#13206,#12466,#13214,.T.);
#13214 = LINE('',#13215,#13216);
#13215 = CARTESIAN_POINT('',(-2.5,-2.475,1.E-02));
#13216 = VECTOR('',#13217,1.);
#13217 = DIRECTION('',(0.,0.,1.));
#13218 = ORIENTED_EDGE('',*,*,#12465,.F.);
#13219 = ORIENTED_EDGE('',*,*,#13220,.T.);
#13220 = EDGE_CURVE('',#12458,#13204,#13221,.T.);
#13221 = LINE('',#13222,#13223);
#13222 = CARTESIAN_POINT('',(-2.5,-0.975,0.61));
#13223 = VECTOR('',#13224,1.);
#13224 = DIRECTION('',(0.,0.,-1.));
#13225 = PLANE('',#13226);
#13226 = AXIS2_PLACEMENT_3D('',#13227,#13228,#13229);
#13227 = CARTESIAN_POINT('',(-2.5,-1.843181818182,0.516818181818));
#13228 = DIRECTION('',(-1.,-0.,-0.));
#13229 = DIRECTION('',(0.,0.,-1.));
#13230 = ADVANCED_FACE('',(#13231),#13249,.T.);
#13231 = FACE_BOUND('',#13232,.T.);
#13232 = EDGE_LOOP('',(#13233,#13241,#13242,#13243));
#13233 = ORIENTED_EDGE('',*,*,#13234,.F.);
#13234 = EDGE_CURVE('',#12450,#13235,#13237,.T.);
#13235 = VERTEX_POINT('',#13236);
#13236 = CARTESIAN_POINT('',(-2.7,-0.975,1.E-02));
#13237 = LINE('',#13238,#13239);
#13238 = CARTESIAN_POINT('',(-2.7,-0.975,0.61));
#13239 = VECTOR('',#13240,1.);
#13240 = DIRECTION('',(0.,0.,-1.));
#13241 = ORIENTED_EDGE('',*,*,#12457,.T.);
#13242 = ORIENTED_EDGE('',*,*,#13220,.T.);
#13243 = ORIENTED_EDGE('',*,*,#13244,.F.);
#13244 = EDGE_CURVE('',#13235,#13204,#13245,.T.);
#13245 = LINE('',#13246,#13247);
#13246 = CARTESIAN_POINT('',(-2.7,-0.975,1.E-02));
#13247 = VECTOR('',#13248,1.);
#13248 = DIRECTION('',(1.,0.,0.));
#13249 = PLANE('',#13250);
#13250 = AXIS2_PLACEMENT_3D('',#13251,#13252,#13253);
#13251 = CARTESIAN_POINT('',(-2.7,-0.975,0.61));
#13252 = DIRECTION('',(0.,1.,0.));
#13253 = DIRECTION('',(0.,0.,-1.));
#13254 = ADVANCED_FACE('',(#13255),#13289,.T.);
#13255 = FACE_BOUND('',#13256,.T.);
#13256 = EDGE_LOOP('',(#13257,#13265,#13266,#13267,#13275,#13283));
#13257 = ORIENTED_EDGE('',*,*,#13258,.T.);
#13258 = EDGE_CURVE('',#13259,#12427,#13261,.T.);
#13259 = VERTEX_POINT('',#13260);
#13260 = CARTESIAN_POINT('',(-1.6,1.675,0.));
#13261 = LINE('',#13262,#13263);
#13262 = CARTESIAN_POINT('',(-1.6,1.675,0.));
#13263 = VECTOR('',#13264,1.);
#13264 = DIRECTION('',(0.,0.,1.));
#13265 = ORIENTED_EDGE('',*,*,#12434,.T.);
#13266 = ORIENTED_EDGE('',*,*,#12922,.T.);
#13267 = ORIENTED_EDGE('',*,*,#13268,.T.);
#13268 = EDGE_CURVE('',#12923,#13269,#13271,.T.);
#13269 = VERTEX_POINT('',#13270);
#13270 = CARTESIAN_POINT('',(-1.6,2.475,0.2));
#13271 = LINE('',#13272,#13273);
#13272 = CARTESIAN_POINT('',(-1.6,1.775,0.2));
#13273 = VECTOR('',#13274,1.);
#13274 = DIRECTION('',(0.,1.,0.));
#13275 = ORIENTED_EDGE('',*,*,#13276,.T.);
#13276 = EDGE_CURVE('',#13269,#13277,#13279,.T.);
#13277 = VERTEX_POINT('',#13278);
#13278 = CARTESIAN_POINT('',(-1.6,2.475,0.));
#13279 = LINE('',#13280,#13281);
#13280 = CARTESIAN_POINT('',(-1.6,2.475,0.2));
#13281 = VECTOR('',#13282,1.);
#13282 = DIRECTION('',(0.,0.,-1.));
#13283 = ORIENTED_EDGE('',*,*,#13284,.T.);
#13284 = EDGE_CURVE('',#13277,#13259,#13285,.T.);
#13285 = LINE('',#13286,#13287);
#13286 = CARTESIAN_POINT('',(-1.6,2.475,0.));
#13287 = VECTOR('',#13288,1.);
#13288 = DIRECTION('',(0.,-1.,0.));
#13289 = PLANE('',#13290);
#13290 = AXIS2_PLACEMENT_3D('',#13291,#13292,#13293);
#13291 = CARTESIAN_POINT('',(-1.6,2.082,9.3E-02));
#13292 = DIRECTION('',(-1.,-0.,-0.));
#13293 = DIRECTION('',(0.,0.,-1.));
#13294 = ADVANCED_FACE('',(#13295),#13313,.T.);
#13295 = FACE_BOUND('',#13296,.T.);
#13296 = EDGE_LOOP('',(#13297,#13305,#13311,#13312));
#13297 = ORIENTED_EDGE('',*,*,#13298,.T.);
#13298 = EDGE_CURVE('',#13259,#13299,#13301,.T.);
#13299 = VERTEX_POINT('',#13300);
#13300 = CARTESIAN_POINT('',(-1.4,1.675,0.));
#13301 = LINE('',#13302,#13303);
#13302 = CARTESIAN_POINT('',(-1.6,1.675,0.));
#13303 = VECTOR('',#13304,1.);
#13304 = DIRECTION('',(1.,0.,0.));
#13305 = ORIENTED_EDGE('',*,*,#13306,.T.);
#13306 = EDGE_CURVE('',#13299,#12419,#13307,.T.);
#13307 = LINE('',#13308,#13309);
#13308 = CARTESIAN_POINT('',(-1.4,1.675,0.));
#13309 = VECTOR('',#13310,1.);
#13310 = DIRECTION('',(0.,0.,1.));
#13311 = ORIENTED_EDGE('',*,*,#12426,.F.);
#13312 = ORIENTED_EDGE('',*,*,#13258,.F.);
#13313 = PLANE('',#13314);
#13314 = AXIS2_PLACEMENT_3D('',#13315,#13316,#13317);
#13315 = CARTESIAN_POINT('',(-1.6,1.675,0.));
#13316 = DIRECTION('',(0.,-1.,0.));
#13317 = DIRECTION('',(0.,0.,1.));
#13318 = ADVANCED_FACE('',(#13319),#13346,.F.);
#13319 = FACE_BOUND('',#13320,.F.);
#13320 = EDGE_LOOP('',(#13321,#13322,#13323,#13324,#13332,#13340));
#13321 = ORIENTED_EDGE('',*,*,#13306,.T.);
#13322 = ORIENTED_EDGE('',*,*,#12418,.T.);
#13323 = ORIENTED_EDGE('',*,*,#12938,.T.);
#13324 = ORIENTED_EDGE('',*,*,#13325,.T.);
#13325 = EDGE_CURVE('',#12931,#13326,#13328,.T.);
#13326 = VERTEX_POINT('',#13327);
#13327 = CARTESIAN_POINT('',(-1.4,2.475,0.2));
#13328 = LINE('',#13329,#13330);
#13329 = CARTESIAN_POINT('',(-1.4,1.775,0.2));
#13330 = VECTOR('',#13331,1.);
#13331 = DIRECTION('',(0.,1.,0.));
#13332 = ORIENTED_EDGE('',*,*,#13333,.T.);
#13333 = EDGE_CURVE('',#13326,#13334,#13336,.T.);
#13334 = VERTEX_POINT('',#13335);
#13335 = CARTESIAN_POINT('',(-1.4,2.475,0.));
#13336 = LINE('',#13337,#13338);
#13337 = CARTESIAN_POINT('',(-1.4,2.475,0.2));
#13338 = VECTOR('',#13339,1.);
#13339 = DIRECTION('',(0.,0.,-1.));
#13340 = ORIENTED_EDGE('',*,*,#13341,.T.);
#13341 = EDGE_CURVE('',#13334,#13299,#13342,.T.);
#13342 = LINE('',#13343,#13344);
#13343 = CARTESIAN_POINT('',(-1.4,2.475,0.));
#13344 = VECTOR('',#13345,1.);
#13345 = DIRECTION('',(0.,-1.,0.));
#13346 = PLANE('',#13347);
#13347 = AXIS2_PLACEMENT_3D('',#13348,#13349,#13350);
#13348 = CARTESIAN_POINT('',(-1.4,2.082,9.3E-02));
#13349 = DIRECTION('',(-1.,-0.,-0.));
#13350 = DIRECTION('',(0.,0.,-1.));
#13351 = ADVANCED_FACE('',(#13352),#13386,.T.);
#13352 = FACE_BOUND('',#13353,.T.);
#13353 = EDGE_LOOP('',(#13354,#13362,#13363,#13364,#13372,#13380));
#13354 = ORIENTED_EDGE('',*,*,#13355,.T.);
#13355 = EDGE_CURVE('',#13356,#12395,#13358,.T.);
#13356 = VERTEX_POINT('',#13357);
#13357 = CARTESIAN_POINT('',(-0.6,1.675,0.));
#13358 = LINE('',#13359,#13360);
#13359 = CARTESIAN_POINT('',(-0.6,1.675,0.));
#13360 = VECTOR('',#13361,1.);
#13361 = DIRECTION('',(0.,0.,1.));
#13362 = ORIENTED_EDGE('',*,*,#12402,.T.);
#13363 = ORIENTED_EDGE('',*,*,#12945,.T.);
#13364 = ORIENTED_EDGE('',*,*,#13365,.T.);
#13365 = EDGE_CURVE('',#12946,#13366,#13368,.T.);
#13366 = VERTEX_POINT('',#13367);
#13367 = CARTESIAN_POINT('',(-0.6,2.475,0.2));
#13368 = LINE('',#13369,#13370);
#13369 = CARTESIAN_POINT('',(-0.6,1.775,0.2));
#13370 = VECTOR('',#13371,1.);
#13371 = DIRECTION('',(0.,1.,0.));
#13372 = ORIENTED_EDGE('',*,*,#13373,.T.);
#13373 = EDGE_CURVE('',#13366,#13374,#13376,.T.);
#13374 = VERTEX_POINT('',#13375);
#13375 = CARTESIAN_POINT('',(-0.6,2.475,0.));
#13376 = LINE('',#13377,#13378);
#13377 = CARTESIAN_POINT('',(-0.6,2.475,0.2));
#13378 = VECTOR('',#13379,1.);
#13379 = DIRECTION('',(0.,0.,-1.));
#13380 = ORIENTED_EDGE('',*,*,#13381,.T.);
#13381 = EDGE_CURVE('',#13374,#13356,#13382,.T.);
#13382 = LINE('',#13383,#13384);
#13383 = CARTESIAN_POINT('',(-0.6,2.475,0.));
#13384 = VECTOR('',#13385,1.);
#13385 = DIRECTION('',(0.,-1.,0.));
#13386 = PLANE('',#13387);
#13387 = AXIS2_PLACEMENT_3D('',#13388,#13389,#13390);
#13388 = CARTESIAN_POINT('',(-0.6,2.082,9.3E-02));
#13389 = DIRECTION('',(-1.,-0.,-0.));
#13390 = DIRECTION('',(0.,0.,-1.));
#13391 = ADVANCED_FACE('',(#13392),#13410,.T.);
#13392 = FACE_BOUND('',#13393,.T.);
#13393 = EDGE_LOOP('',(#13394,#13402,#13408,#13409));
#13394 = ORIENTED_EDGE('',*,*,#13395,.T.);
#13395 = EDGE_CURVE('',#13356,#13396,#13398,.T.);
#13396 = VERTEX_POINT('',#13397);
#13397 = CARTESIAN_POINT('',(-0.4,1.675,0.));
#13398 = LINE('',#13399,#13400);
#13399 = CARTESIAN_POINT('',(-0.6,1.675,0.));
#13400 = VECTOR('',#13401,1.);
#13401 = DIRECTION('',(1.,0.,0.));
#13402 = ORIENTED_EDGE('',*,*,#13403,.T.);
#13403 = EDGE_CURVE('',#13396,#12387,#13404,.T.);
#13404 = LINE('',#13405,#13406);
#13405 = CARTESIAN_POINT('',(-0.4,1.675,0.));
#13406 = VECTOR('',#13407,1.);
#13407 = DIRECTION('',(0.,0.,1.));
#13408 = ORIENTED_EDGE('',*,*,#12394,.F.);
#13409 = ORIENTED_EDGE('',*,*,#13355,.F.);
#13410 = PLANE('',#13411);
#13411 = AXIS2_PLACEMENT_3D('',#13412,#13413,#13414);
#13412 = CARTESIAN_POINT('',(-0.6,1.675,0.));
#13413 = DIRECTION('',(0.,-1.,0.));
#13414 = DIRECTION('',(0.,0.,1.));
#13415 = ADVANCED_FACE('',(#13416),#13443,.F.);
#13416 = FACE_BOUND('',#13417,.F.);
#13417 = EDGE_LOOP('',(#13418,#13419,#13420,#13421,#13429,#13437));
#13418 = ORIENTED_EDGE('',*,*,#13403,.T.);
#13419 = ORIENTED_EDGE('',*,*,#12386,.T.);
#13420 = ORIENTED_EDGE('',*,*,#12961,.T.);
#13421 = ORIENTED_EDGE('',*,*,#13422,.T.);
#13422 = EDGE_CURVE('',#12954,#13423,#13425,.T.);
#13423 = VERTEX_POINT('',#13424);
#13424 = CARTESIAN_POINT('',(-0.4,2.475,0.2));
#13425 = LINE('',#13426,#13427);
#13426 = CARTESIAN_POINT('',(-0.4,1.775,0.2));
#13427 = VECTOR('',#13428,1.);
#13428 = DIRECTION('',(0.,1.,0.));
#13429 = ORIENTED_EDGE('',*,*,#13430,.T.);
#13430 = EDGE_CURVE('',#13423,#13431,#13433,.T.);
#13431 = VERTEX_POINT('',#13432);
#13432 = CARTESIAN_POINT('',(-0.4,2.475,0.));
#13433 = LINE('',#13434,#13435);
#13434 = CARTESIAN_POINT('',(-0.4,2.475,0.2));
#13435 = VECTOR('',#13436,1.);
#13436 = DIRECTION('',(0.,0.,-1.));
#13437 = ORIENTED_EDGE('',*,*,#13438,.T.);
#13438 = EDGE_CURVE('',#13431,#13396,#13439,.T.);
#13439 = LINE('',#13440,#13441);
#13440 = CARTESIAN_POINT('',(-0.4,2.475,0.));
#13441 = VECTOR('',#13442,1.);
#13442 = DIRECTION('',(0.,-1.,0.));
#13443 = PLANE('',#13444);
#13444 = AXIS2_PLACEMENT_3D('',#13445,#13446,#13447);
#13445 = CARTESIAN_POINT('',(-0.4,2.082,9.3E-02));
#13446 = DIRECTION('',(-1.,-0.,-0.));
#13447 = DIRECTION('',(0.,0.,-1.));
#13448 = ADVANCED_FACE('',(#13449),#13483,.T.);
#13449 = FACE_BOUND('',#13450,.T.);
#13450 = EDGE_LOOP('',(#13451,#13459,#13460,#13461,#13469,#13477));
#13451 = ORIENTED_EDGE('',*,*,#13452,.T.);
#13452 = EDGE_CURVE('',#13453,#12363,#13455,.T.);
#13453 = VERTEX_POINT('',#13454);
#13454 = CARTESIAN_POINT('',(0.4,1.675,0.));
#13455 = LINE('',#13456,#13457);
#13456 = CARTESIAN_POINT('',(0.4,1.675,0.));
#13457 = VECTOR('',#13458,1.);
#13458 = DIRECTION('',(0.,0.,1.));
#13459 = ORIENTED_EDGE('',*,*,#12370,.T.);
#13460 = ORIENTED_EDGE('',*,*,#12968,.T.);
#13461 = ORIENTED_EDGE('',*,*,#13462,.T.);
#13462 = EDGE_CURVE('',#12969,#13463,#13465,.T.);
#13463 = VERTEX_POINT('',#13464);
#13464 = CARTESIAN_POINT('',(0.4,2.475,0.2));
#13465 = LINE('',#13466,#13467);
#13466 = CARTESIAN_POINT('',(0.4,1.775,0.2));
#13467 = VECTOR('',#13468,1.);
#13468 = DIRECTION('',(0.,1.,0.));
#13469 = ORIENTED_EDGE('',*,*,#13470,.T.);
#13470 = EDGE_CURVE('',#13463,#13471,#13473,.T.);
#13471 = VERTEX_POINT('',#13472);
#13472 = CARTESIAN_POINT('',(0.4,2.475,0.));
#13473 = LINE('',#13474,#13475);
#13474 = CARTESIAN_POINT('',(0.4,2.475,0.2));
#13475 = VECTOR('',#13476,1.);
#13476 = DIRECTION('',(0.,0.,-1.));
#13477 = ORIENTED_EDGE('',*,*,#13478,.T.);
#13478 = EDGE_CURVE('',#13471,#13453,#13479,.T.);
#13479 = LINE('',#13480,#13481);
#13480 = CARTESIAN_POINT('',(0.4,2.475,0.));
#13481 = VECTOR('',#13482,1.);
#13482 = DIRECTION('',(0.,-1.,0.));
#13483 = PLANE('',#13484);
#13484 = AXIS2_PLACEMENT_3D('',#13485,#13486,#13487);
#13485 = CARTESIAN_POINT('',(0.4,2.082,9.3E-02));
#13486 = DIRECTION('',(-1.,-0.,-0.));
#13487 = DIRECTION('',(0.,0.,-1.));
#13488 = ADVANCED_FACE('',(#13489),#13507,.T.);
#13489 = FACE_BOUND('',#13490,.T.);
#13490 = EDGE_LOOP('',(#13491,#13499,#13505,#13506));
#13491 = ORIENTED_EDGE('',*,*,#13492,.T.);
#13492 = EDGE_CURVE('',#13453,#13493,#13495,.T.);
#13493 = VERTEX_POINT('',#13494);
#13494 = CARTESIAN_POINT('',(0.6,1.675,0.));
#13495 = LINE('',#13496,#13497);
#13496 = CARTESIAN_POINT('',(0.4,1.675,0.));
#13497 = VECTOR('',#13498,1.);
#13498 = DIRECTION('',(1.,0.,0.));
#13499 = ORIENTED_EDGE('',*,*,#13500,.T.);
#13500 = EDGE_CURVE('',#13493,#12355,#13501,.T.);
#13501 = LINE('',#13502,#13503);
#13502 = CARTESIAN_POINT('',(0.6,1.675,0.));
#13503 = VECTOR('',#13504,1.);
#13504 = DIRECTION('',(0.,0.,1.));
#13505 = ORIENTED_EDGE('',*,*,#12362,.F.);
#13506 = ORIENTED_EDGE('',*,*,#13452,.F.);
#13507 = PLANE('',#13508);
#13508 = AXIS2_PLACEMENT_3D('',#13509,#13510,#13511);
#13509 = CARTESIAN_POINT('',(0.4,1.675,0.));
#13510 = DIRECTION('',(0.,-1.,0.));
#13511 = DIRECTION('',(0.,0.,1.));
#13512 = ADVANCED_FACE('',(#13513),#13540,.F.);
#13513 = FACE_BOUND('',#13514,.F.);
#13514 = EDGE_LOOP('',(#13515,#13516,#13517,#13518,#13526,#13534));
#13515 = ORIENTED_EDGE('',*,*,#13500,.T.);
#13516 = ORIENTED_EDGE('',*,*,#12354,.T.);
#13517 = ORIENTED_EDGE('',*,*,#12984,.T.);
#13518 = ORIENTED_EDGE('',*,*,#13519,.T.);
#13519 = EDGE_CURVE('',#12977,#13520,#13522,.T.);
#13520 = VERTEX_POINT('',#13521);
#13521 = CARTESIAN_POINT('',(0.6,2.475,0.2));
#13522 = LINE('',#13523,#13524);
#13523 = CARTESIAN_POINT('',(0.6,1.775,0.2));
#13524 = VECTOR('',#13525,1.);
#13525 = DIRECTION('',(0.,1.,0.));
#13526 = ORIENTED_EDGE('',*,*,#13527,.T.);
#13527 = EDGE_CURVE('',#13520,#13528,#13530,.T.);
#13528 = VERTEX_POINT('',#13529);
#13529 = CARTESIAN_POINT('',(0.6,2.475,0.));
#13530 = LINE('',#13531,#13532);
#13531 = CARTESIAN_POINT('',(0.6,2.475,0.2));
#13532 = VECTOR('',#13533,1.);
#13533 = DIRECTION('',(0.,0.,-1.));
#13534 = ORIENTED_EDGE('',*,*,#13535,.T.);
#13535 = EDGE_CURVE('',#13528,#13493,#13536,.T.);
#13536 = LINE('',#13537,#13538);
#13537 = CARTESIAN_POINT('',(0.6,2.475,0.));
#13538 = VECTOR('',#13539,1.);
#13539 = DIRECTION('',(0.,-1.,0.));
#13540 = PLANE('',#13541);
#13541 = AXIS2_PLACEMENT_3D('',#13542,#13543,#13544);
#13542 = CARTESIAN_POINT('',(0.6,2.082,9.3E-02));
#13543 = DIRECTION('',(-1.,-0.,-0.));
#13544 = DIRECTION('',(0.,0.,-1.));
#13545 = ADVANCED_FACE('',(#13546),#13580,.T.);
#13546 = FACE_BOUND('',#13547,.T.);
#13547 = EDGE_LOOP('',(#13548,#13556,#13557,#13558,#13566,#13574));
#13548 = ORIENTED_EDGE('',*,*,#13549,.T.);
#13549 = EDGE_CURVE('',#13550,#12331,#13552,.T.);
#13550 = VERTEX_POINT('',#13551);
#13551 = CARTESIAN_POINT('',(1.4,1.675,0.));
#13552 = LINE('',#13553,#13554);
#13553 = CARTESIAN_POINT('',(1.4,1.675,0.));
#13554 = VECTOR('',#13555,1.);
#13555 = DIRECTION('',(0.,0.,1.));
#13556 = ORIENTED_EDGE('',*,*,#12338,.T.);
#13557 = ORIENTED_EDGE('',*,*,#12991,.T.);
#13558 = ORIENTED_EDGE('',*,*,#13559,.T.);
#13559 = EDGE_CURVE('',#12992,#13560,#13562,.T.);
#13560 = VERTEX_POINT('',#13561);
#13561 = CARTESIAN_POINT('',(1.4,2.475,0.2));
#13562 = LINE('',#13563,#13564);
#13563 = CARTESIAN_POINT('',(1.4,1.775,0.2));
#13564 = VECTOR('',#13565,1.);
#13565 = DIRECTION('',(0.,1.,0.));
#13566 = ORIENTED_EDGE('',*,*,#13567,.T.);
#13567 = EDGE_CURVE('',#13560,#13568,#13570,.T.);
#13568 = VERTEX_POINT('',#13569);
#13569 = CARTESIAN_POINT('',(1.4,2.475,0.));
#13570 = LINE('',#13571,#13572);
#13571 = CARTESIAN_POINT('',(1.4,2.475,0.2));
#13572 = VECTOR('',#13573,1.);
#13573 = DIRECTION('',(0.,0.,-1.));
#13574 = ORIENTED_EDGE('',*,*,#13575,.T.);
#13575 = EDGE_CURVE('',#13568,#13550,#13576,.T.);
#13576 = LINE('',#13577,#13578);
#13577 = CARTESIAN_POINT('',(1.4,2.475,0.));
#13578 = VECTOR('',#13579,1.);
#13579 = DIRECTION('',(0.,-1.,0.));
#13580 = PLANE('',#13581);
#13581 = AXIS2_PLACEMENT_3D('',#13582,#13583,#13584);
#13582 = CARTESIAN_POINT('',(1.4,2.082,9.3E-02));
#13583 = DIRECTION('',(-1.,-0.,-0.));
#13584 = DIRECTION('',(0.,0.,-1.));
#13585 = ADVANCED_FACE('',(#13586),#13604,.T.);
#13586 = FACE_BOUND('',#13587,.T.);
#13587 = EDGE_LOOP('',(#13588,#13596,#13602,#13603));
#13588 = ORIENTED_EDGE('',*,*,#13589,.T.);
#13589 = EDGE_CURVE('',#13550,#13590,#13592,.T.);
#13590 = VERTEX_POINT('',#13591);
#13591 = CARTESIAN_POINT('',(1.6,1.675,0.));
#13592 = LINE('',#13593,#13594);
#13593 = CARTESIAN_POINT('',(1.4,1.675,0.));
#13594 = VECTOR('',#13595,1.);
#13595 = DIRECTION('',(1.,0.,0.));
#13596 = ORIENTED_EDGE('',*,*,#13597,.T.);
#13597 = EDGE_CURVE('',#13590,#12323,#13598,.T.);
#13598 = LINE('',#13599,#13600);
#13599 = CARTESIAN_POINT('',(1.6,1.675,0.));
#13600 = VECTOR('',#13601,1.);
#13601 = DIRECTION('',(0.,0.,1.));
#13602 = ORIENTED_EDGE('',*,*,#12330,.F.);
#13603 = ORIENTED_EDGE('',*,*,#13549,.F.);
#13604 = PLANE('',#13605);
#13605 = AXIS2_PLACEMENT_3D('',#13606,#13607,#13608);
#13606 = CARTESIAN_POINT('',(1.4,1.675,0.));
#13607 = DIRECTION('',(0.,-1.,0.));
#13608 = DIRECTION('',(0.,0.,1.));
#13609 = ADVANCED_FACE('',(#13610),#13637,.F.);
#13610 = FACE_BOUND('',#13611,.F.);
#13611 = EDGE_LOOP('',(#13612,#13613,#13614,#13615,#13623,#13631));
#13612 = ORIENTED_EDGE('',*,*,#13597,.T.);
#13613 = ORIENTED_EDGE('',*,*,#12322,.T.);
#13614 = ORIENTED_EDGE('',*,*,#13007,.T.);
#13615 = ORIENTED_EDGE('',*,*,#13616,.T.);
#13616 = EDGE_CURVE('',#13000,#13617,#13619,.T.);
#13617 = VERTEX_POINT('',#13618);
#13618 = CARTESIAN_POINT('',(1.6,2.475,0.2));
#13619 = LINE('',#13620,#13621);
#13620 = CARTESIAN_POINT('',(1.6,1.775,0.2));
#13621 = VECTOR('',#13622,1.);
#13622 = DIRECTION('',(0.,1.,0.));
#13623 = ORIENTED_EDGE('',*,*,#13624,.T.);
#13624 = EDGE_CURVE('',#13617,#13625,#13627,.T.);
#13625 = VERTEX_POINT('',#13626);
#13626 = CARTESIAN_POINT('',(1.6,2.475,0.));
#13627 = LINE('',#13628,#13629);
#13628 = CARTESIAN_POINT('',(1.6,2.475,0.2));
#13629 = VECTOR('',#13630,1.);
#13630 = DIRECTION('',(0.,0.,-1.));
#13631 = ORIENTED_EDGE('',*,*,#13632,.T.);
#13632 = EDGE_CURVE('',#13625,#13590,#13633,.T.);
#13633 = LINE('',#13634,#13635);
#13634 = CARTESIAN_POINT('',(1.6,2.475,0.));
#13635 = VECTOR('',#13636,1.);
#13636 = DIRECTION('',(0.,-1.,0.));
#13637 = PLANE('',#13638);
#13638 = AXIS2_PLACEMENT_3D('',#13639,#13640,#13641);
#13639 = CARTESIAN_POINT('',(1.6,2.082,9.3E-02));
#13640 = DIRECTION('',(-1.,-0.,-0.));
#13641 = DIRECTION('',(0.,0.,-1.));
#13642 = ADVANCED_FACE('',(#13643),#13664,.T.);
#13643 = FACE_BOUND('',#13644,.T.);
#13644 = EDGE_LOOP('',(#13645,#13653,#13654,#13655,#13656,#13657,#13658)
  );
#13645 = ORIENTED_EDGE('',*,*,#13646,.T.);
#13646 = EDGE_CURVE('',#13647,#12585,#13649,.T.);
#13647 = VERTEX_POINT('',#13648);
#13648 = CARTESIAN_POINT('',(-2.7,-2.475,1.E-02));
#13649 = LINE('',#13650,#13651);
#13650 = CARTESIAN_POINT('',(-2.7,-2.475,1.E-02));
#13651 = VECTOR('',#13652,1.);
#13652 = DIRECTION('',(0.,0.,1.));
#13653 = ORIENTED_EDGE('',*,*,#12592,.T.);
#13654 = ORIENTED_EDGE('',*,*,#12568,.T.);
#13655 = ORIENTED_EDGE('',*,*,#12544,.T.);
#13656 = ORIENTED_EDGE('',*,*,#12520,.T.);
#13657 = ORIENTED_EDGE('',*,*,#13234,.T.);
#13658 = ORIENTED_EDGE('',*,*,#13659,.T.);
#13659 = EDGE_CURVE('',#13235,#13647,#13660,.T.);
#13660 = LINE('',#13661,#13662);
#13661 = CARTESIAN_POINT('',(-2.7,-0.975,1.E-02));
#13662 = VECTOR('',#13663,1.);
#13663 = DIRECTION('',(0.,-1.,-5.782411586589E-18));
#13664 = PLANE('',#13665);
#13665 = AXIS2_PLACEMENT_3D('',#13666,#13667,#13668);
#13666 = CARTESIAN_POINT('',(-2.7,-1.843181818182,0.516818181818));
#13667 = DIRECTION('',(-1.,-0.,-0.));
#13668 = DIRECTION('',(0.,0.,-1.));
#13669 = ADVANCED_FACE('',(#13670),#13682,.T.);
#13670 = FACE_BOUND('',#13671,.T.);
#13671 = EDGE_LOOP('',(#13672,#13678,#13679,#13680,#13681));
#13672 = ORIENTED_EDGE('',*,*,#13673,.T.);
#13673 = EDGE_CURVE('',#13647,#13206,#13674,.T.);
#13674 = LINE('',#13675,#13676);
#13675 = CARTESIAN_POINT('',(-2.7,-2.475,1.E-02));
#13676 = VECTOR('',#13677,1.);
#13677 = DIRECTION('',(1.,0.,0.));
#13678 = ORIENTED_EDGE('',*,*,#13213,.T.);
#13679 = ORIENTED_EDGE('',*,*,#12617,.T.);
#13680 = ORIENTED_EDGE('',*,*,#12609,.F.);
#13681 = ORIENTED_EDGE('',*,*,#13646,.F.);
#13682 = PLANE('',#13683);
#13683 = AXIS2_PLACEMENT_3D('',#13684,#13685,#13686);
#13684 = CARTESIAN_POINT('',(-2.7,-2.475,1.E-02));
#13685 = DIRECTION('',(0.,-1.,0.));
#13686 = DIRECTION('',(0.,0.,1.));
#13687 = ADVANCED_FACE('',(#13688),#13707,.T.);
#13688 = FACE_BOUND('',#13689,.T.);
#13689 = EDGE_LOOP('',(#13690,#13698,#13704,#13705,#13706));
#13690 = ORIENTED_EDGE('',*,*,#13691,.T.);
#13691 = EDGE_CURVE('',#13180,#13692,#13694,.T.);
#13692 = VERTEX_POINT('',#13693);
#13693 = CARTESIAN_POINT('',(2.7,-2.475,1.E-02));
#13694 = LINE('',#13695,#13696);
#13695 = CARTESIAN_POINT('',(2.5,-2.475,1.E-02));
#13696 = VECTOR('',#13697,1.);
#13697 = DIRECTION('',(1.,0.,0.));
#13698 = ORIENTED_EDGE('',*,*,#13699,.T.);
#13699 = EDGE_CURVE('',#13692,#12633,#13700,.T.);
#13700 = LINE('',#13701,#13702);
#13701 = CARTESIAN_POINT('',(2.7,-2.475,1.E-02));
#13702 = VECTOR('',#13703,1.);
#13703 = DIRECTION('',(0.,0.,1.));
#13704 = ORIENTED_EDGE('',*,*,#12632,.F.);
#13705 = ORIENTED_EDGE('',*,*,#12624,.F.);
#13706 = ORIENTED_EDGE('',*,*,#13187,.F.);
#13707 = PLANE('',#13708);
#13708 = AXIS2_PLACEMENT_3D('',#13709,#13710,#13711);
#13709 = CARTESIAN_POINT('',(2.5,-2.475,1.E-02));
#13710 = DIRECTION('',(0.,-1.,0.));
#13711 = DIRECTION('',(0.,0.,1.));
#13712 = ADVANCED_FACE('',(#13713),#13731,.F.);
#13713 = FACE_BOUND('',#13714,.F.);
#13714 = EDGE_LOOP('',(#13715,#13723,#13724,#13725));
#13715 = ORIENTED_EDGE('',*,*,#13716,.F.);
#13716 = EDGE_CURVE('',#12633,#13717,#13719,.T.);
#13717 = VERTEX_POINT('',#13718);
#13718 = CARTESIAN_POINT('',(2.7,-1.975,1.26));
#13719 = LINE('',#13720,#13721);
#13720 = CARTESIAN_POINT('',(2.7,-2.475,1.26));
#13721 = VECTOR('',#13722,1.);
#13722 = DIRECTION('',(0.,1.,0.));
#13723 = ORIENTED_EDGE('',*,*,#12640,.T.);
#13724 = ORIENTED_EDGE('',*,*,#13086,.T.);
#13725 = ORIENTED_EDGE('',*,*,#13726,.F.);
#13726 = EDGE_CURVE('',#13717,#13087,#13727,.T.);
#13727 = LINE('',#13728,#13729);
#13728 = CARTESIAN_POINT('',(2.5,-1.975,1.26));
#13729 = VECTOR('',#13730,1.);
#13730 = DIRECTION('',(1.,0.,0.));
#13731 = PLANE('',#13732);
#13732 = AXIS2_PLACEMENT_3D('',#13733,#13734,#13735);
#13733 = CARTESIAN_POINT('',(2.5,-2.475,1.26));
#13734 = DIRECTION('',(0.,1.110223024625E-16,1.));
#13735 = DIRECTION('',(0.,1.,-1.110223024625E-16));
#13736 = ADVANCED_FACE('',(#13737),#13785,.F.);
#13737 = FACE_BOUND('',#13738,.F.);
#13738 = EDGE_LOOP('',(#13739,#13740,#13748,#13756,#13762,#13763,#13771,
    #13779));
#13739 = ORIENTED_EDGE('',*,*,#12664,.F.);
#13740 = ORIENTED_EDGE('',*,*,#13741,.T.);
#13741 = EDGE_CURVE('',#12665,#13742,#13744,.T.);
#13742 = VERTEX_POINT('',#13743);
#13743 = CARTESIAN_POINT('',(2.2,0.525,0.46));
#13744 = LINE('',#13745,#13746);
#13745 = CARTESIAN_POINT('',(2.2,-2.475,0.46));
#13746 = VECTOR('',#13747,1.);
#13747 = DIRECTION('',(0.,1.,-1.110223024625E-16));
#13748 = ORIENTED_EDGE('',*,*,#13749,.T.);
#13749 = EDGE_CURVE('',#13742,#13750,#13752,.T.);
#13750 = VERTEX_POINT('',#13751);
#13751 = CARTESIAN_POINT('',(2.2,0.525,2.56));
#13752 = LINE('',#13753,#13754);
#13753 = CARTESIAN_POINT('',(2.2,0.525,0.46));
#13754 = VECTOR('',#13755,1.);
#13755 = DIRECTION('',(0.,1.110223024625E-16,1.));
#13756 = ORIENTED_EDGE('',*,*,#13757,.F.);
#13757 = EDGE_CURVE('',#12723,#13750,#13758,.T.);
#13758 = LINE('',#13759,#13760);
#13759 = CARTESIAN_POINT('',(2.2,-2.475,2.56));
#13760 = VECTOR('',#13761,1.);
#13761 = DIRECTION('',(0.,1.,-1.110223024625E-16));
#13762 = ORIENTED_EDGE('',*,*,#12730,.F.);
#13763 = ORIENTED_EDGE('',*,*,#13764,.F.);
#13764 = EDGE_CURVE('',#13765,#12731,#13767,.T.);
#13765 = VERTEX_POINT('',#13766);
#13766 = CARTESIAN_POINT('',(2.2,-7.5E-02,2.06));
#13767 = LINE('',#13768,#13769);
#13768 = CARTESIAN_POINT('',(2.2,-2.475,2.06));
#13769 = VECTOR('',#13770,1.);
#13770 = DIRECTION('',(0.,-1.,1.110223024625E-16));
#13771 = ORIENTED_EDGE('',*,*,#13772,.T.);
#13772 = EDGE_CURVE('',#13765,#13773,#13775,.T.);
#13773 = VERTEX_POINT('',#13774);
#13774 = CARTESIAN_POINT('',(2.2,-7.5E-02,1.46));
#13775 = LINE('',#13776,#13777);
#13776 = CARTESIAN_POINT('',(2.2,-7.5E-02,1.11));
#13777 = VECTOR('',#13778,1.);
#13778 = DIRECTION('',(0.,-1.110223024625E-16,-1.));
#13779 = ORIENTED_EDGE('',*,*,#13780,.F.);
#13780 = EDGE_CURVE('',#12667,#13773,#13781,.T.);
#13781 = LINE('',#13782,#13783);
#13782 = CARTESIAN_POINT('',(2.2,-2.475,1.46));
#13783 = VECTOR('',#13784,1.);
#13784 = DIRECTION('',(0.,1.,-1.110223024625E-16));
#13785 = PLANE('',#13786);
#13786 = AXIS2_PLACEMENT_3D('',#13787,#13788,#13789);
#13787 = CARTESIAN_POINT('',(2.2,-2.475,0.46));
#13788 = DIRECTION('',(1.,0.,0.));
#13789 = DIRECTION('',(-0.,1.110223024625E-16,1.));
#13790 = ADVANCED_FACE('',(#13791),#13809,.F.);
#13791 = FACE_BOUND('',#13792,.F.);
#13792 = EDGE_LOOP('',(#13793,#13794,#13795,#13803));
#13793 = ORIENTED_EDGE('',*,*,#12754,.F.);
#13794 = ORIENTED_EDGE('',*,*,#13780,.T.);
#13795 = ORIENTED_EDGE('',*,*,#13796,.T.);
#13796 = EDGE_CURVE('',#13773,#13797,#13799,.T.);
#13797 = VERTEX_POINT('',#13798);
#13798 = CARTESIAN_POINT('',(2.55,-7.5E-02,1.46));
#13799 = LINE('',#13800,#13801);
#13800 = CARTESIAN_POINT('',(-2.55,-7.5E-02,1.46));
#13801 = VECTOR('',#13802,1.);
#13802 = DIRECTION('',(1.,0.,0.));
#13803 = ORIENTED_EDGE('',*,*,#13804,.F.);
#13804 = EDGE_CURVE('',#12747,#13797,#13805,.T.);
#13805 = LINE('',#13806,#13807);
#13806 = CARTESIAN_POINT('',(2.55,-2.475,1.46));
#13807 = VECTOR('',#13808,1.);
#13808 = DIRECTION('',(0.,1.,-1.110223024625E-16));
#13809 = PLANE('',#13810);
#13810 = AXIS2_PLACEMENT_3D('',#13811,#13812,#13813);
#13811 = CARTESIAN_POINT('',(-2.55,-2.475,1.46));
#13812 = DIRECTION('',(0.,-1.110223024625E-16,-1.));
#13813 = DIRECTION('',(1.,0.,0.));
#13814 = ADVANCED_FACE('',(#13815),#13833,.F.);
#13815 = FACE_BOUND('',#13816,.F.);
#13816 = EDGE_LOOP('',(#13817,#13818,#13826,#13832));
#13817 = ORIENTED_EDGE('',*,*,#13804,.T.);
#13818 = ORIENTED_EDGE('',*,*,#13819,.T.);
#13819 = EDGE_CURVE('',#13797,#13820,#13822,.T.);
#13820 = VERTEX_POINT('',#13821);
#13821 = CARTESIAN_POINT('',(2.55,-7.5E-02,2.06));
#13822 = LINE('',#13823,#13824);
#13823 = CARTESIAN_POINT('',(2.55,-7.5E-02,1.46));
#13824 = VECTOR('',#13825,1.);
#13825 = DIRECTION('',(0.,1.110223024625E-16,1.));
#13826 = ORIENTED_EDGE('',*,*,#13827,.F.);
#13827 = EDGE_CURVE('',#12739,#13820,#13828,.T.);
#13828 = LINE('',#13829,#13830);
#13829 = CARTESIAN_POINT('',(2.55,-2.475,2.06));
#13830 = VECTOR('',#13831,1.);
#13831 = DIRECTION('',(0.,1.,-1.110223024625E-16));
#13832 = ORIENTED_EDGE('',*,*,#12746,.F.);
#13833 = PLANE('',#13834);
#13834 = AXIS2_PLACEMENT_3D('',#13835,#13836,#13837);
#13835 = CARTESIAN_POINT('',(2.55,-2.475,1.46));
#13836 = DIRECTION('',(1.,0.,0.));
#13837 = DIRECTION('',(-0.,1.110223024625E-16,1.));
#13838 = ADVANCED_FACE('',(#13839),#13850,.F.);
#13839 = FACE_BOUND('',#13840,.F.);
#13840 = EDGE_LOOP('',(#13841,#13842,#13843,#13849));
#13841 = ORIENTED_EDGE('',*,*,#12738,.F.);
#13842 = ORIENTED_EDGE('',*,*,#13827,.T.);
#13843 = ORIENTED_EDGE('',*,*,#13844,.T.);
#13844 = EDGE_CURVE('',#13820,#13765,#13845,.T.);
#13845 = LINE('',#13846,#13847);
#13846 = CARTESIAN_POINT('',(2.55,-7.5E-02,2.06));
#13847 = VECTOR('',#13848,1.);
#13848 = DIRECTION('',(-1.,0.,0.));
#13849 = ORIENTED_EDGE('',*,*,#13764,.T.);
#13850 = PLANE('',#13851);
#13851 = AXIS2_PLACEMENT_3D('',#13852,#13853,#13854);
#13852 = CARTESIAN_POINT('',(2.55,-2.475,2.06));
#13853 = DIRECTION('',(0.,1.110223024625E-16,1.));
#13854 = DIRECTION('',(-1.,0.,0.));
#13855 = ADVANCED_FACE('',(#13856),#13874,.F.);
#13856 = FACE_BOUND('',#13857,.F.);
#13857 = EDGE_LOOP('',(#13858,#13859,#13867,#13873));
#13858 = ORIENTED_EDGE('',*,*,#13757,.T.);
#13859 = ORIENTED_EDGE('',*,*,#13860,.T.);
#13860 = EDGE_CURVE('',#13750,#13861,#13863,.T.);
#13861 = VERTEX_POINT('',#13862);
#13862 = CARTESIAN_POINT('',(-2.2,0.525,2.56));
#13863 = LINE('',#13864,#13865);
#13864 = CARTESIAN_POINT('',(2.2,0.525,2.56));
#13865 = VECTOR('',#13866,1.);
#13866 = DIRECTION('',(-1.,0.,0.));
#13867 = ORIENTED_EDGE('',*,*,#13868,.F.);
#13868 = EDGE_CURVE('',#12715,#13861,#13869,.T.);
#13869 = LINE('',#13870,#13871);
#13870 = CARTESIAN_POINT('',(-2.2,-2.475,2.56));
#13871 = VECTOR('',#13872,1.);
#13872 = DIRECTION('',(0.,1.,-1.110223024625E-16));
#13873 = ORIENTED_EDGE('',*,*,#12722,.F.);
#13874 = PLANE('',#13875);
#13875 = AXIS2_PLACEMENT_3D('',#13876,#13877,#13878);
#13876 = CARTESIAN_POINT('',(2.2,-2.475,2.56));
#13877 = DIRECTION('',(0.,1.110223024625E-16,1.));
#13878 = DIRECTION('',(-1.,0.,0.));
#13879 = ADVANCED_FACE('',(#13880),#13921,.F.);
#13880 = FACE_BOUND('',#13881,.F.);
#13881 = EDGE_LOOP('',(#13882,#13883,#13884,#13892,#13898,#13899,#13907,
    #13915));
#13882 = ORIENTED_EDGE('',*,*,#12714,.F.);
#13883 = ORIENTED_EDGE('',*,*,#13868,.T.);
#13884 = ORIENTED_EDGE('',*,*,#13885,.T.);
#13885 = EDGE_CURVE('',#13861,#13886,#13888,.T.);
#13886 = VERTEX_POINT('',#13887);
#13887 = CARTESIAN_POINT('',(-2.2,0.525,0.46));
#13888 = LINE('',#13889,#13890);
#13889 = CARTESIAN_POINT('',(-2.2,0.525,2.56));
#13890 = VECTOR('',#13891,1.);
#13891 = DIRECTION('',(0.,-1.110223024625E-16,-1.));
#13892 = ORIENTED_EDGE('',*,*,#13893,.F.);
#13893 = EDGE_CURVE('',#12675,#13886,#13894,.T.);
#13894 = LINE('',#13895,#13896);
#13895 = CARTESIAN_POINT('',(-2.2,-2.475,0.46));
#13896 = VECTOR('',#13897,1.);
#13897 = DIRECTION('',(0.,1.,-1.110223024625E-16));
#13898 = ORIENTED_EDGE('',*,*,#12682,.F.);
#13899 = ORIENTED_EDGE('',*,*,#13900,.F.);
#13900 = EDGE_CURVE('',#13901,#12683,#13903,.T.);
#13901 = VERTEX_POINT('',#13902);
#13902 = CARTESIAN_POINT('',(-2.2,-7.5E-02,1.46));
#13903 = LINE('',#13904,#13905);
#13904 = CARTESIAN_POINT('',(-2.2,-2.475,1.46));
#13905 = VECTOR('',#13906,1.);
#13906 = DIRECTION('',(0.,-1.,1.110223024625E-16));
#13907 = ORIENTED_EDGE('',*,*,#13908,.T.);
#13908 = EDGE_CURVE('',#13901,#13909,#13911,.T.);
#13909 = VERTEX_POINT('',#13910);
#13910 = CARTESIAN_POINT('',(-2.2,-7.5E-02,2.06));
#13911 = LINE('',#13912,#13913);
#13912 = CARTESIAN_POINT('',(-2.2,-7.5E-02,2.16));
#13913 = VECTOR('',#13914,1.);
#13914 = DIRECTION('',(0.,1.110223024625E-16,1.));
#13915 = ORIENTED_EDGE('',*,*,#13916,.F.);
#13916 = EDGE_CURVE('',#12707,#13909,#13917,.T.);
#13917 = LINE('',#13918,#13919);
#13918 = CARTESIAN_POINT('',(-2.2,-2.475,2.06));
#13919 = VECTOR('',#13920,1.);
#13920 = DIRECTION('',(0.,1.,-1.110223024625E-16));
#13921 = PLANE('',#13922);
#13922 = AXIS2_PLACEMENT_3D('',#13923,#13924,#13925);
#13923 = CARTESIAN_POINT('',(-2.2,-2.475,2.56));
#13924 = DIRECTION('',(-1.,0.,0.));
#13925 = DIRECTION('',(-0.,-1.110223024625E-16,-1.));
#13926 = ADVANCED_FACE('',(#13927),#13945,.F.);
#13927 = FACE_BOUND('',#13928,.F.);
#13928 = EDGE_LOOP('',(#13929,#13930,#13931,#13939));
#13929 = ORIENTED_EDGE('',*,*,#12706,.F.);
#13930 = ORIENTED_EDGE('',*,*,#13916,.T.);
#13931 = ORIENTED_EDGE('',*,*,#13932,.T.);
#13932 = EDGE_CURVE('',#13909,#13933,#13935,.T.);
#13933 = VERTEX_POINT('',#13934);
#13934 = CARTESIAN_POINT('',(-2.55,-7.5E-02,2.06));
#13935 = LINE('',#13936,#13937);
#13936 = CARTESIAN_POINT('',(2.55,-7.5E-02,2.06));
#13937 = VECTOR('',#13938,1.);
#13938 = DIRECTION('',(-1.,0.,0.));
#13939 = ORIENTED_EDGE('',*,*,#13940,.F.);
#13940 = EDGE_CURVE('',#12699,#13933,#13941,.T.);
#13941 = LINE('',#13942,#13943);
#13942 = CARTESIAN_POINT('',(-2.55,-2.475,2.06));
#13943 = VECTOR('',#13944,1.);
#13944 = DIRECTION('',(0.,1.,-1.110223024625E-16));
#13945 = PLANE('',#13946);
#13946 = AXIS2_PLACEMENT_3D('',#13947,#13948,#13949);
#13947 = CARTESIAN_POINT('',(2.55,-2.475,2.06));
#13948 = DIRECTION('',(0.,1.110223024625E-16,1.));
#13949 = DIRECTION('',(-1.,0.,0.));
#13950 = ADVANCED_FACE('',(#13951),#13969,.F.);
#13951 = FACE_BOUND('',#13952,.F.);
#13952 = EDGE_LOOP('',(#13953,#13954,#13962,#13968));
#13953 = ORIENTED_EDGE('',*,*,#13940,.T.);
#13954 = ORIENTED_EDGE('',*,*,#13955,.T.);
#13955 = EDGE_CURVE('',#13933,#13956,#13958,.T.);
#13956 = VERTEX_POINT('',#13957);
#13957 = CARTESIAN_POINT('',(-2.55,-7.5E-02,1.46));
#13958 = LINE('',#13959,#13960);
#13959 = CARTESIAN_POINT('',(-2.55,-7.5E-02,2.06));
#13960 = VECTOR('',#13961,1.);
#13961 = DIRECTION('',(0.,-1.110223024625E-16,-1.));
#13962 = ORIENTED_EDGE('',*,*,#13963,.F.);
#13963 = EDGE_CURVE('',#12691,#13956,#13964,.T.);
#13964 = LINE('',#13965,#13966);
#13965 = CARTESIAN_POINT('',(-2.55,-2.475,1.46));
#13966 = VECTOR('',#13967,1.);
#13967 = DIRECTION('',(0.,1.,-1.110223024625E-16));
#13968 = ORIENTED_EDGE('',*,*,#12698,.F.);
#13969 = PLANE('',#13970);
#13970 = AXIS2_PLACEMENT_3D('',#13971,#13972,#13973);
#13971 = CARTESIAN_POINT('',(-2.55,-2.475,2.06));
#13972 = DIRECTION('',(-1.,0.,0.));
#13973 = DIRECTION('',(-0.,-1.110223024625E-16,-1.));
#13974 = ADVANCED_FACE('',(#13975),#13986,.F.);
#13975 = FACE_BOUND('',#13976,.F.);
#13976 = EDGE_LOOP('',(#13977,#13978,#13979,#13985));
#13977 = ORIENTED_EDGE('',*,*,#12690,.F.);
#13978 = ORIENTED_EDGE('',*,*,#13963,.T.);
#13979 = ORIENTED_EDGE('',*,*,#13980,.T.);
#13980 = EDGE_CURVE('',#13956,#13901,#13981,.T.);
#13981 = LINE('',#13982,#13983);
#13982 = CARTESIAN_POINT('',(-2.55,-7.5E-02,1.46));
#13983 = VECTOR('',#13984,1.);
#13984 = DIRECTION('',(1.,0.,0.));
#13985 = ORIENTED_EDGE('',*,*,#13900,.T.);
#13986 = PLANE('',#13987);
#13987 = AXIS2_PLACEMENT_3D('',#13988,#13989,#13990);
#13988 = CARTESIAN_POINT('',(-2.55,-2.475,1.46));
#13989 = DIRECTION('',(0.,-1.110223024625E-16,-1.));
#13990 = DIRECTION('',(1.,0.,0.));
#13991 = ADVANCED_FACE('',(#13992),#14003,.F.);
#13992 = FACE_BOUND('',#13993,.F.);
#13993 = EDGE_LOOP('',(#13994,#13995,#14001,#14002));
#13994 = ORIENTED_EDGE('',*,*,#13893,.T.);
#13995 = ORIENTED_EDGE('',*,*,#13996,.T.);
#13996 = EDGE_CURVE('',#13886,#13742,#13997,.T.);
#13997 = LINE('',#13998,#13999);
#13998 = CARTESIAN_POINT('',(-2.2,0.525,0.46));
#13999 = VECTOR('',#14000,1.);
#14000 = DIRECTION('',(1.,0.,0.));
#14001 = ORIENTED_EDGE('',*,*,#13741,.F.);
#14002 = ORIENTED_EDGE('',*,*,#12674,.F.);
#14003 = PLANE('',#14004);
#14004 = AXIS2_PLACEMENT_3D('',#14005,#14006,#14007);
#14005 = CARTESIAN_POINT('',(-2.2,-2.475,0.46));
#14006 = DIRECTION('',(0.,-1.110223024625E-16,-1.));
#14007 = DIRECTION('',(1.,0.,0.));
#14008 = ADVANCED_FACE('',(#14009),#14043,.F.);
#14009 = FACE_BOUND('',#14010,.F.);
#14010 = EDGE_LOOP('',(#14011,#14012,#14020,#14028,#14036,#14042));
#14011 = ORIENTED_EDGE('',*,*,#13030,.T.);
#14012 = ORIENTED_EDGE('',*,*,#14013,.T.);
#14013 = EDGE_CURVE('',#13023,#14014,#14016,.T.);
#14014 = VERTEX_POINT('',#14015);
#14015 = CARTESIAN_POINT('',(2.5,1.225,1.46));
#14016 = LINE('',#14017,#14018);
#14017 = CARTESIAN_POINT('',(2.5,1.775,1.46));
#14018 = VECTOR('',#14019,1.);
#14019 = DIRECTION('',(0.,-1.,1.110223024625E-16));
#14020 = ORIENTED_EDGE('',*,*,#14021,.T.);
#14021 = EDGE_CURVE('',#14014,#14022,#14024,.T.);
#14022 = VERTEX_POINT('',#14023);
#14023 = CARTESIAN_POINT('',(2.5,1.225,2.46));
#14024 = LINE('',#14025,#14026);
#14025 = CARTESIAN_POINT('',(2.5,1.225,1.46));
#14026 = VECTOR('',#14027,1.);
#14027 = DIRECTION('',(0.,1.110223024625E-16,1.));
#14028 = ORIENTED_EDGE('',*,*,#14029,.T.);
#14029 = EDGE_CURVE('',#14022,#14030,#14032,.T.);
#14030 = VERTEX_POINT('',#14031);
#14031 = CARTESIAN_POINT('',(2.5,0.575,2.46));
#14032 = LINE('',#14033,#14034);
#14033 = CARTESIAN_POINT('',(2.5,1.225,2.46));
#14034 = VECTOR('',#14035,1.);
#14035 = DIRECTION('',(0.,-1.,1.110223024625E-16));
#14036 = ORIENTED_EDGE('',*,*,#14037,.T.);
#14037 = EDGE_CURVE('',#14030,#12803,#14038,.T.);
#14038 = LINE('',#14039,#14040);
#14039 = CARTESIAN_POINT('',(2.5,0.575,2.46));
#14040 = VECTOR('',#14041,1.);
#14041 = DIRECTION('',(0.,-0.500421834463,0.865781720524));
#14042 = ORIENTED_EDGE('',*,*,#12810,.T.);
#14043 = PLANE('',#14044);
#14044 = AXIS2_PLACEMENT_3D('',#14045,#14046,#14047);
#14045 = CARTESIAN_POINT('',(2.5,1.22787099059,2.3670284193));
#14046 = DIRECTION('',(-1.,0.,0.));
#14047 = DIRECTION('',(0.,1.,-1.110223024625E-16));
#14048 = ADVANCED_FACE('',(#14049),#14060,.F.);
#14049 = FACE_BOUND('',#14050,.F.);
#14050 = EDGE_LOOP('',(#14051,#14057,#14058,#14059));
#14051 = ORIENTED_EDGE('',*,*,#14052,.T.);
#14052 = EDGE_CURVE('',#14030,#13071,#14053,.T.);
#14053 = LINE('',#14054,#14055);
#14054 = CARTESIAN_POINT('',(2.5,0.575,2.46));
#14055 = VECTOR('',#14056,1.);
#14056 = DIRECTION('',(1.,0.,0.));
#14057 = ORIENTED_EDGE('',*,*,#13078,.T.);
#14058 = ORIENTED_EDGE('',*,*,#12802,.F.);
#14059 = ORIENTED_EDGE('',*,*,#14037,.F.);
#14060 = PLANE('',#14061);
#14061 = AXIS2_PLACEMENT_3D('',#14062,#14063,#14064);
#14062 = CARTESIAN_POINT('',(2.5,0.575,2.46));
#14063 = DIRECTION('',(0.,-0.865781720524,-0.500421834463));
#14064 = DIRECTION('',(0.,-0.500421834463,0.865781720524));
#14065 = ADVANCED_FACE('',(#14066),#14074,.T.);
#14066 = FACE_BOUND('',#14067,.T.);
#14067 = EDGE_LOOP('',(#14068,#14069,#14070,#14071,#14072,#14073));
#14068 = ORIENTED_EDGE('',*,*,#13037,.T.);
#14069 = ORIENTED_EDGE('',*,*,#12904,.T.);
#14070 = ORIENTED_EDGE('',*,*,#12880,.T.);
#14071 = ORIENTED_EDGE('',*,*,#12856,.T.);
#14072 = ORIENTED_EDGE('',*,*,#12832,.T.);
#14073 = ORIENTED_EDGE('',*,*,#12778,.T.);
#14074 = PLANE('',#14075);
#14075 = AXIS2_PLACEMENT_3D('',#14076,#14077,#14078);
#14076 = CARTESIAN_POINT('',(-2.5,1.22787099059,2.3670284193));
#14077 = DIRECTION('',(-1.,0.,0.));
#14078 = DIRECTION('',(0.,1.,-1.110223024625E-16));
#14079 = ADVANCED_FACE('',(#14080),#14091,.F.);
#14080 = FACE_BOUND('',#14081,.F.);
#14081 = EDGE_LOOP('',(#14082,#14083,#14084,#14090));
#14082 = ORIENTED_EDGE('',*,*,#13022,.T.);
#14083 = ORIENTED_EDGE('',*,*,#13054,.T.);
#14084 = ORIENTED_EDGE('',*,*,#14085,.F.);
#14085 = EDGE_CURVE('',#14014,#13055,#14086,.T.);
#14086 = LINE('',#14087,#14088);
#14087 = CARTESIAN_POINT('',(2.5,1.225,1.46));
#14088 = VECTOR('',#14089,1.);
#14089 = DIRECTION('',(1.,0.,0.));
#14090 = ORIENTED_EDGE('',*,*,#14013,.F.);
#14091 = PLANE('',#14092);
#14092 = AXIS2_PLACEMENT_3D('',#14093,#14094,#14095);
#14093 = CARTESIAN_POINT('',(2.5,1.775,1.46));
#14094 = DIRECTION('',(0.,-1.110223024625E-16,-1.));
#14095 = DIRECTION('',(0.,-1.,1.110223024625E-16));
#14096 = ADVANCED_FACE('',(#14097),#14108,.T.);
#14097 = FACE_BOUND('',#14098,.T.);
#14098 = EDGE_LOOP('',(#14099,#14100,#14101,#14107));
#14099 = ORIENTED_EDGE('',*,*,#12999,.T.);
#14100 = ORIENTED_EDGE('',*,*,#13616,.T.);
#14101 = ORIENTED_EDGE('',*,*,#14102,.F.);
#14102 = EDGE_CURVE('',#13560,#13617,#14103,.T.);
#14103 = LINE('',#14104,#14105);
#14104 = CARTESIAN_POINT('',(1.4,2.475,0.2));
#14105 = VECTOR('',#14106,1.);
#14106 = DIRECTION('',(1.,0.,0.));
#14107 = ORIENTED_EDGE('',*,*,#13559,.F.);
#14108 = PLANE('',#14109);
#14109 = AXIS2_PLACEMENT_3D('',#14110,#14111,#14112);
#14110 = CARTESIAN_POINT('',(1.4,1.775,0.2));
#14111 = DIRECTION('',(0.,0.,1.));
#14112 = DIRECTION('',(0.,1.,0.));
#14113 = ADVANCED_FACE('',(#14114),#14125,.T.);
#14114 = FACE_BOUND('',#14115,.T.);
#14115 = EDGE_LOOP('',(#14116,#14117,#14118,#14124));
#14116 = ORIENTED_EDGE('',*,*,#12976,.T.);
#14117 = ORIENTED_EDGE('',*,*,#13519,.T.);
#14118 = ORIENTED_EDGE('',*,*,#14119,.F.);
#14119 = EDGE_CURVE('',#13463,#13520,#14120,.T.);
#14120 = LINE('',#14121,#14122);
#14121 = CARTESIAN_POINT('',(0.4,2.475,0.2));
#14122 = VECTOR('',#14123,1.);
#14123 = DIRECTION('',(1.,0.,0.));
#14124 = ORIENTED_EDGE('',*,*,#13462,.F.);
#14125 = PLANE('',#14126);
#14126 = AXIS2_PLACEMENT_3D('',#14127,#14128,#14129);
#14127 = CARTESIAN_POINT('',(0.4,1.775,0.2));
#14128 = DIRECTION('',(0.,0.,1.));
#14129 = DIRECTION('',(0.,1.,0.));
#14130 = ADVANCED_FACE('',(#14131),#14142,.T.);
#14131 = FACE_BOUND('',#14132,.T.);
#14132 = EDGE_LOOP('',(#14133,#14134,#14135,#14141));
#14133 = ORIENTED_EDGE('',*,*,#12953,.T.);
#14134 = ORIENTED_EDGE('',*,*,#13422,.T.);
#14135 = ORIENTED_EDGE('',*,*,#14136,.F.);
#14136 = EDGE_CURVE('',#13366,#13423,#14137,.T.);
#14137 = LINE('',#14138,#14139);
#14138 = CARTESIAN_POINT('',(-0.6,2.475,0.2));
#14139 = VECTOR('',#14140,1.);
#14140 = DIRECTION('',(1.,0.,0.));
#14141 = ORIENTED_EDGE('',*,*,#13365,.F.);
#14142 = PLANE('',#14143);
#14143 = AXIS2_PLACEMENT_3D('',#14144,#14145,#14146);
#14144 = CARTESIAN_POINT('',(-0.6,1.775,0.2));
#14145 = DIRECTION('',(0.,0.,1.));
#14146 = DIRECTION('',(0.,1.,0.));
#14147 = ADVANCED_FACE('',(#14148),#14159,.T.);
#14148 = FACE_BOUND('',#14149,.T.);
#14149 = EDGE_LOOP('',(#14150,#14151,#14152,#14158));
#14150 = ORIENTED_EDGE('',*,*,#12930,.T.);
#14151 = ORIENTED_EDGE('',*,*,#13325,.T.);
#14152 = ORIENTED_EDGE('',*,*,#14153,.F.);
#14153 = EDGE_CURVE('',#13269,#13326,#14154,.T.);
#14154 = LINE('',#14155,#14156);
#14155 = CARTESIAN_POINT('',(-1.6,2.475,0.2));
#14156 = VECTOR('',#14157,1.);
#14157 = DIRECTION('',(1.,0.,0.));
#14158 = ORIENTED_EDGE('',*,*,#13268,.F.);
#14159 = PLANE('',#14160);
#14160 = AXIS2_PLACEMENT_3D('',#14161,#14162,#14163);
#14161 = CARTESIAN_POINT('',(-1.6,1.775,0.2));
#14162 = DIRECTION('',(0.,0.,1.));
#14163 = DIRECTION('',(0.,1.,0.));
#14164 = ADVANCED_FACE('',(#14165),#14183,.F.);
#14165 = FACE_BOUND('',#14166,.F.);
#14166 = EDGE_LOOP('',(#14167,#14175,#14181,#14182));
#14167 = ORIENTED_EDGE('',*,*,#14168,.F.);
#14168 = EDGE_CURVE('',#14169,#13125,#14171,.T.);
#14169 = VERTEX_POINT('',#14170);
#14170 = CARTESIAN_POINT('',(2.7,-1.975,0.61));
#14171 = LINE('',#14172,#14173);
#14172 = CARTESIAN_POINT('',(2.7,-1.975,0.61));
#14173 = VECTOR('',#14174,1.);
#14174 = DIRECTION('',(0.,1.,0.));
#14175 = ORIENTED_EDGE('',*,*,#14176,.T.);
#14176 = EDGE_CURVE('',#14169,#13095,#14177,.T.);
#14177 = LINE('',#14178,#14179);
#14178 = CARTESIAN_POINT('',(2.5,-1.975,0.61));
#14179 = VECTOR('',#14180,1.);
#14180 = DIRECTION('',(1.,0.,0.));
#14181 = ORIENTED_EDGE('',*,*,#13102,.T.);
#14182 = ORIENTED_EDGE('',*,*,#13132,.F.);
#14183 = PLANE('',#14184);
#14184 = AXIS2_PLACEMENT_3D('',#14185,#14186,#14187);
#14185 = CARTESIAN_POINT('',(2.5,-1.975,0.61));
#14186 = DIRECTION('',(0.,1.110223024625E-16,1.));
#14187 = DIRECTION('',(0.,1.,-1.110223024625E-16));
#14188 = ADVANCED_FACE('',(#14189),#14200,.F.);
#14189 = FACE_BOUND('',#14190,.F.);
#14190 = EDGE_LOOP('',(#14191,#14197,#14198,#14199));
#14191 = ORIENTED_EDGE('',*,*,#14192,.F.);
#14192 = EDGE_CURVE('',#13717,#14169,#14193,.T.);
#14193 = LINE('',#14194,#14195);
#14194 = CARTESIAN_POINT('',(2.7,-1.975,1.26));
#14195 = VECTOR('',#14196,1.);
#14196 = DIRECTION('',(0.,0.,-1.));
#14197 = ORIENTED_EDGE('',*,*,#13726,.T.);
#14198 = ORIENTED_EDGE('',*,*,#13094,.T.);
#14199 = ORIENTED_EDGE('',*,*,#14176,.F.);
#14200 = PLANE('',#14201);
#14201 = AXIS2_PLACEMENT_3D('',#14202,#14203,#14204);
#14202 = CARTESIAN_POINT('',(2.5,-1.975,1.26));
#14203 = DIRECTION('',(0.,1.,-1.110223024625E-16));
#14204 = DIRECTION('',(0.,-1.110223024625E-16,-1.));
#14205 = ADVANCED_FACE('',(#14206),#14217,.F.);
#14206 = FACE_BOUND('',#14207,.F.);
#14207 = EDGE_LOOP('',(#14208,#14214,#14215,#14216));
#14208 = ORIENTED_EDGE('',*,*,#14209,.T.);
#14209 = EDGE_CURVE('',#14022,#13063,#14210,.T.);
#14210 = LINE('',#14211,#14212);
#14211 = CARTESIAN_POINT('',(2.5,1.225,2.46));
#14212 = VECTOR('',#14213,1.);
#14213 = DIRECTION('',(1.,0.,0.));
#14214 = ORIENTED_EDGE('',*,*,#13070,.T.);
#14215 = ORIENTED_EDGE('',*,*,#14052,.F.);
#14216 = ORIENTED_EDGE('',*,*,#14029,.F.);
#14217 = PLANE('',#14218);
#14218 = AXIS2_PLACEMENT_3D('',#14219,#14220,#14221);
#14219 = CARTESIAN_POINT('',(2.5,1.225,2.46));
#14220 = DIRECTION('',(0.,-1.110223024625E-16,-1.));
#14221 = DIRECTION('',(0.,-1.,1.110223024625E-16));
#14222 = ADVANCED_FACE('',(#14223),#14229,.F.);
#14223 = FACE_BOUND('',#14224,.F.);
#14224 = EDGE_LOOP('',(#14225,#14226,#14227,#14228));
#14225 = ORIENTED_EDGE('',*,*,#14085,.T.);
#14226 = ORIENTED_EDGE('',*,*,#13062,.T.);
#14227 = ORIENTED_EDGE('',*,*,#14209,.F.);
#14228 = ORIENTED_EDGE('',*,*,#14021,.F.);
#14229 = PLANE('',#14230);
#14230 = AXIS2_PLACEMENT_3D('',#14231,#14232,#14233);
#14231 = CARTESIAN_POINT('',(2.5,1.225,1.46));
#14232 = DIRECTION('',(0.,-1.,1.110223024625E-16));
#14233 = DIRECTION('',(0.,1.110223024625E-16,1.));
#14234 = ADVANCED_FACE('',(#14235),#14249,.F.);
#14235 = FACE_BOUND('',#14236,.F.);
#14236 = EDGE_LOOP('',(#14237,#14238,#14239,#14240,#14241,#14242,#14243)
  );
#14237 = ORIENTED_EDGE('',*,*,#13699,.T.);
#14238 = ORIENTED_EDGE('',*,*,#13716,.T.);
#14239 = ORIENTED_EDGE('',*,*,#14192,.T.);
#14240 = ORIENTED_EDGE('',*,*,#14168,.T.);
#14241 = ORIENTED_EDGE('',*,*,#13124,.T.);
#14242 = ORIENTED_EDGE('',*,*,#13157,.T.);
#14243 = ORIENTED_EDGE('',*,*,#14244,.T.);
#14244 = EDGE_CURVE('',#13158,#13692,#14245,.T.);
#14245 = LINE('',#14246,#14247);
#14246 = CARTESIAN_POINT('',(2.7,-0.975,1.E-02));
#14247 = VECTOR('',#14248,1.);
#14248 = DIRECTION('',(0.,-1.,-5.782411586589E-18));
#14249 = PLANE('',#14250);
#14250 = AXIS2_PLACEMENT_3D('',#14251,#14252,#14253);
#14251 = CARTESIAN_POINT('',(2.7,-1.843181818182,0.516818181818));
#14252 = DIRECTION('',(-1.,-0.,-0.));
#14253 = DIRECTION('',(0.,0.,-1.));
#14254 = ADVANCED_FACE('',(#14255),#14261,.T.);
#14255 = FACE_BOUND('',#14256,.T.);
#14256 = EDGE_LOOP('',(#14257,#14258,#14259,#14260));
#14257 = ORIENTED_EDGE('',*,*,#13165,.T.);
#14258 = ORIENTED_EDGE('',*,*,#14244,.T.);
#14259 = ORIENTED_EDGE('',*,*,#13691,.F.);
#14260 = ORIENTED_EDGE('',*,*,#13179,.F.);
#14261 = PLANE('',#14262);
#14262 = AXIS2_PLACEMENT_3D('',#14263,#14264,#14265);
#14263 = CARTESIAN_POINT('',(2.5,-0.975,1.E-02));
#14264 = DIRECTION('',(0.,5.782411586589E-18,-1.));
#14265 = DIRECTION('',(0.,-1.,-5.782411586589E-18));
#14266 = ADVANCED_FACE('',(#14267),#14273,.T.);
#14267 = FACE_BOUND('',#14268,.T.);
#14268 = EDGE_LOOP('',(#14269,#14270,#14271,#14272));
#14269 = ORIENTED_EDGE('',*,*,#13244,.T.);
#14270 = ORIENTED_EDGE('',*,*,#13203,.T.);
#14271 = ORIENTED_EDGE('',*,*,#13673,.F.);
#14272 = ORIENTED_EDGE('',*,*,#13659,.F.);
#14273 = PLANE('',#14274);
#14274 = AXIS2_PLACEMENT_3D('',#14275,#14276,#14277);
#14275 = CARTESIAN_POINT('',(-2.7,-0.975,1.E-02));
#14276 = DIRECTION('',(0.,5.782411586589E-18,-1.));
#14277 = DIRECTION('',(0.,-1.,-5.782411586589E-18));
#14278 = ADVANCED_FACE('',(#14279),#14290,.T.);
#14279 = FACE_BOUND('',#14280,.T.);
#14280 = EDGE_LOOP('',(#14281,#14282,#14283,#14289));
#14281 = ORIENTED_EDGE('',*,*,#14153,.T.);
#14282 = ORIENTED_EDGE('',*,*,#13333,.T.);
#14283 = ORIENTED_EDGE('',*,*,#14284,.F.);
#14284 = EDGE_CURVE('',#13277,#13334,#14285,.T.);
#14285 = LINE('',#14286,#14287);
#14286 = CARTESIAN_POINT('',(-1.6,2.475,0.));
#14287 = VECTOR('',#14288,1.);
#14288 = DIRECTION('',(1.,0.,0.));
#14289 = ORIENTED_EDGE('',*,*,#13276,.F.);
#14290 = PLANE('',#14291);
#14291 = AXIS2_PLACEMENT_3D('',#14292,#14293,#14294);
#14292 = CARTESIAN_POINT('',(-1.6,2.475,0.2));
#14293 = DIRECTION('',(0.,1.,0.));
#14294 = DIRECTION('',(0.,0.,-1.));
#14295 = ADVANCED_FACE('',(#14296),#14302,.T.);
#14296 = FACE_BOUND('',#14297,.T.);
#14297 = EDGE_LOOP('',(#14298,#14299,#14300,#14301));
#14298 = ORIENTED_EDGE('',*,*,#14284,.T.);
#14299 = ORIENTED_EDGE('',*,*,#13341,.T.);
#14300 = ORIENTED_EDGE('',*,*,#13298,.F.);
#14301 = ORIENTED_EDGE('',*,*,#13284,.F.);
#14302 = PLANE('',#14303);
#14303 = AXIS2_PLACEMENT_3D('',#14304,#14305,#14306);
#14304 = CARTESIAN_POINT('',(-1.6,2.475,0.));
#14305 = DIRECTION('',(0.,0.,-1.));
#14306 = DIRECTION('',(0.,-1.,0.));
#14307 = ADVANCED_FACE('',(#14308),#14319,.T.);
#14308 = FACE_BOUND('',#14309,.T.);
#14309 = EDGE_LOOP('',(#14310,#14311,#14312,#14318));
#14310 = ORIENTED_EDGE('',*,*,#14136,.T.);
#14311 = ORIENTED_EDGE('',*,*,#13430,.T.);
#14312 = ORIENTED_EDGE('',*,*,#14313,.F.);
#14313 = EDGE_CURVE('',#13374,#13431,#14314,.T.);
#14314 = LINE('',#14315,#14316);
#14315 = CARTESIAN_POINT('',(-0.6,2.475,0.));
#14316 = VECTOR('',#14317,1.);
#14317 = DIRECTION('',(1.,0.,0.));
#14318 = ORIENTED_EDGE('',*,*,#13373,.F.);
#14319 = PLANE('',#14320);
#14320 = AXIS2_PLACEMENT_3D('',#14321,#14322,#14323);
#14321 = CARTESIAN_POINT('',(-0.6,2.475,0.2));
#14322 = DIRECTION('',(0.,1.,0.));
#14323 = DIRECTION('',(0.,0.,-1.));
#14324 = ADVANCED_FACE('',(#14325),#14331,.T.);
#14325 = FACE_BOUND('',#14326,.T.);
#14326 = EDGE_LOOP('',(#14327,#14328,#14329,#14330));
#14327 = ORIENTED_EDGE('',*,*,#14313,.T.);
#14328 = ORIENTED_EDGE('',*,*,#13438,.T.);
#14329 = ORIENTED_EDGE('',*,*,#13395,.F.);
#14330 = ORIENTED_EDGE('',*,*,#13381,.F.);
#14331 = PLANE('',#14332);
#14332 = AXIS2_PLACEMENT_3D('',#14333,#14334,#14335);
#14333 = CARTESIAN_POINT('',(-0.6,2.475,0.));
#14334 = DIRECTION('',(0.,0.,-1.));
#14335 = DIRECTION('',(0.,-1.,0.));
#14336 = ADVANCED_FACE('',(#14337),#14348,.T.);
#14337 = FACE_BOUND('',#14338,.T.);
#14338 = EDGE_LOOP('',(#14339,#14340,#14341,#14347));
#14339 = ORIENTED_EDGE('',*,*,#14119,.T.);
#14340 = ORIENTED_EDGE('',*,*,#13527,.T.);
#14341 = ORIENTED_EDGE('',*,*,#14342,.F.);
#14342 = EDGE_CURVE('',#13471,#13528,#14343,.T.);
#14343 = LINE('',#14344,#14345);
#14344 = CARTESIAN_POINT('',(0.4,2.475,0.));
#14345 = VECTOR('',#14346,1.);
#14346 = DIRECTION('',(1.,0.,0.));
#14347 = ORIENTED_EDGE('',*,*,#13470,.F.);
#14348 = PLANE('',#14349);
#14349 = AXIS2_PLACEMENT_3D('',#14350,#14351,#14352);
#14350 = CARTESIAN_POINT('',(0.4,2.475,0.2));
#14351 = DIRECTION('',(0.,1.,0.));
#14352 = DIRECTION('',(0.,0.,-1.));
#14353 = ADVANCED_FACE('',(#14354),#14360,.T.);
#14354 = FACE_BOUND('',#14355,.T.);
#14355 = EDGE_LOOP('',(#14356,#14357,#14358,#14359));
#14356 = ORIENTED_EDGE('',*,*,#14342,.T.);
#14357 = ORIENTED_EDGE('',*,*,#13535,.T.);
#14358 = ORIENTED_EDGE('',*,*,#13492,.F.);
#14359 = ORIENTED_EDGE('',*,*,#13478,.F.);
#14360 = PLANE('',#14361);
#14361 = AXIS2_PLACEMENT_3D('',#14362,#14363,#14364);
#14362 = CARTESIAN_POINT('',(0.4,2.475,0.));
#14363 = DIRECTION('',(0.,0.,-1.));
#14364 = DIRECTION('',(0.,-1.,0.));
#14365 = ADVANCED_FACE('',(#14366),#14377,.T.);
#14366 = FACE_BOUND('',#14367,.T.);
#14367 = EDGE_LOOP('',(#14368,#14369,#14370,#14376));
#14368 = ORIENTED_EDGE('',*,*,#14102,.T.);
#14369 = ORIENTED_EDGE('',*,*,#13624,.T.);
#14370 = ORIENTED_EDGE('',*,*,#14371,.F.);
#14371 = EDGE_CURVE('',#13568,#13625,#14372,.T.);
#14372 = LINE('',#14373,#14374);
#14373 = CARTESIAN_POINT('',(1.4,2.475,0.));
#14374 = VECTOR('',#14375,1.);
#14375 = DIRECTION('',(1.,0.,0.));
#14376 = ORIENTED_EDGE('',*,*,#13567,.F.);
#14377 = PLANE('',#14378);
#14378 = AXIS2_PLACEMENT_3D('',#14379,#14380,#14381);
#14379 = CARTESIAN_POINT('',(1.4,2.475,0.2));
#14380 = DIRECTION('',(0.,1.,0.));
#14381 = DIRECTION('',(0.,0.,-1.));
#14382 = ADVANCED_FACE('',(#14383),#14389,.T.);
#14383 = FACE_BOUND('',#14384,.T.);
#14384 = EDGE_LOOP('',(#14385,#14386,#14387,#14388));
#14385 = ORIENTED_EDGE('',*,*,#14371,.T.);
#14386 = ORIENTED_EDGE('',*,*,#13632,.T.);
#14387 = ORIENTED_EDGE('',*,*,#13589,.F.);
#14388 = ORIENTED_EDGE('',*,*,#13575,.F.);
#14389 = PLANE('',#14390);
#14390 = AXIS2_PLACEMENT_3D('',#14391,#14392,#14393);
#14391 = CARTESIAN_POINT('',(1.4,2.475,0.));
#14392 = DIRECTION('',(0.,0.,-1.));
#14393 = DIRECTION('',(0.,-1.,0.));
#14394 = ADVANCED_FACE('',(#14395),#14401,.T.);
#14395 = FACE_BOUND('',#14396,.T.);
#14396 = EDGE_LOOP('',(#14397,#14398,#14399,#14400));
#14397 = ORIENTED_EDGE('',*,*,#13796,.T.);
#14398 = ORIENTED_EDGE('',*,*,#13819,.T.);
#14399 = ORIENTED_EDGE('',*,*,#13844,.T.);
#14400 = ORIENTED_EDGE('',*,*,#13772,.T.);
#14401 = PLANE('',#14402);
#14402 = AXIS2_PLACEMENT_3D('',#14403,#14404,#14405);
#14403 = CARTESIAN_POINT('',(5.45372713851E-16,-7.5E-02,1.76));
#14404 = DIRECTION('',(0.,-1.,1.110223024625E-16));
#14405 = DIRECTION('',(1.,0.,0.));
#14406 = ADVANCED_FACE('',(#14407,#14413,#14447,#14481,#14515),#14549,
  .T.);
#14407 = FACE_BOUND('',#14408,.T.);
#14408 = EDGE_LOOP('',(#14409,#14410,#14411,#14412));
#14409 = ORIENTED_EDGE('',*,*,#13749,.T.);
#14410 = ORIENTED_EDGE('',*,*,#13860,.T.);
#14411 = ORIENTED_EDGE('',*,*,#13885,.T.);
#14412 = ORIENTED_EDGE('',*,*,#13996,.T.);
#14413 = FACE_BOUND('',#14414,.T.);
#14414 = EDGE_LOOP('',(#14415,#14425,#14433,#14441));
#14415 = ORIENTED_EDGE('',*,*,#14416,.F.);
#14416 = EDGE_CURVE('',#14417,#14419,#14421,.T.);
#14417 = VERTEX_POINT('',#14418);
#14418 = CARTESIAN_POINT('',(-1.6,0.525,1.66));
#14419 = VERTEX_POINT('',#14420);
#14420 = CARTESIAN_POINT('',(-1.4,0.525,1.66));
#14421 = LINE('',#14422,#14423);
#14422 = CARTESIAN_POINT('',(-1.6,0.525,1.66));
#14423 = VECTOR('',#14424,1.);
#14424 = DIRECTION('',(1.,0.,0.));
#14425 = ORIENTED_EDGE('',*,*,#14426,.F.);
#14426 = EDGE_CURVE('',#14427,#14417,#14429,.T.);
#14427 = VERTEX_POINT('',#14428);
#14428 = CARTESIAN_POINT('',(-1.6,0.525,2.14));
#14429 = LINE('',#14430,#14431);
#14430 = CARTESIAN_POINT('',(-1.6,0.525,2.14));
#14431 = VECTOR('',#14432,1.);
#14432 = DIRECTION('',(0.,0.,-1.));
#14433 = ORIENTED_EDGE('',*,*,#14434,.T.);
#14434 = EDGE_CURVE('',#14427,#14435,#14437,.T.);
#14435 = VERTEX_POINT('',#14436);
#14436 = CARTESIAN_POINT('',(-1.4,0.525,2.14));
#14437 = LINE('',#14438,#14439);
#14438 = CARTESIAN_POINT('',(-1.6,0.525,2.14));
#14439 = VECTOR('',#14440,1.);
#14440 = DIRECTION('',(1.,0.,0.));
#14441 = ORIENTED_EDGE('',*,*,#14442,.T.);
#14442 = EDGE_CURVE('',#14435,#14419,#14443,.T.);
#14443 = LINE('',#14444,#14445);
#14444 = CARTESIAN_POINT('',(-1.4,0.525,2.14));
#14445 = VECTOR('',#14446,1.);
#14446 = DIRECTION('',(0.,0.,-1.));
#14447 = FACE_BOUND('',#14448,.T.);
#14448 = EDGE_LOOP('',(#14449,#14459,#14467,#14475));
#14449 = ORIENTED_EDGE('',*,*,#14450,.F.);
#14450 = EDGE_CURVE('',#14451,#14453,#14455,.T.);
#14451 = VERTEX_POINT('',#14452);
#14452 = CARTESIAN_POINT('',(-0.6,0.525,2.14));
#14453 = VERTEX_POINT('',#14454);
#14454 = CARTESIAN_POINT('',(-0.6,0.525,1.66));
#14455 = LINE('',#14456,#14457);
#14456 = CARTESIAN_POINT('',(-0.6,0.525,2.14));
#14457 = VECTOR('',#14458,1.);
#14458 = DIRECTION('',(0.,0.,-1.));
#14459 = ORIENTED_EDGE('',*,*,#14460,.T.);
#14460 = EDGE_CURVE('',#14451,#14461,#14463,.T.);
#14461 = VERTEX_POINT('',#14462);
#14462 = CARTESIAN_POINT('',(-0.4,0.525,2.14));
#14463 = LINE('',#14464,#14465);
#14464 = CARTESIAN_POINT('',(-0.6,0.525,2.14));
#14465 = VECTOR('',#14466,1.);
#14466 = DIRECTION('',(1.,0.,0.));
#14467 = ORIENTED_EDGE('',*,*,#14468,.T.);
#14468 = EDGE_CURVE('',#14461,#14469,#14471,.T.);
#14469 = VERTEX_POINT('',#14470);
#14470 = CARTESIAN_POINT('',(-0.4,0.525,1.66));
#14471 = LINE('',#14472,#14473);
#14472 = CARTESIAN_POINT('',(-0.4,0.525,2.14));
#14473 = VECTOR('',#14474,1.);
#14474 = DIRECTION('',(0.,0.,-1.));
#14475 = ORIENTED_EDGE('',*,*,#14476,.F.);
#14476 = EDGE_CURVE('',#14453,#14469,#14477,.T.);
#14477 = LINE('',#14478,#14479);
#14478 = CARTESIAN_POINT('',(-0.6,0.525,1.66));
#14479 = VECTOR('',#14480,1.);
#14480 = DIRECTION('',(1.,0.,0.));
#14481 = FACE_BOUND('',#14482,.T.);
#14482 = EDGE_LOOP('',(#14483,#14493,#14501,#14509));
#14483 = ORIENTED_EDGE('',*,*,#14484,.F.);
#14484 = EDGE_CURVE('',#14485,#14487,#14489,.T.);
#14485 = VERTEX_POINT('',#14486);
#14486 = CARTESIAN_POINT('',(0.4,0.525,2.14));
#14487 = VERTEX_POINT('',#14488);
#14488 = CARTESIAN_POINT('',(0.4,0.525,1.66));
#14489 = LINE('',#14490,#14491);
#14490 = CARTESIAN_POINT('',(0.4,0.525,2.14));
#14491 = VECTOR('',#14492,1.);
#14492 = DIRECTION('',(0.,0.,-1.));
#14493 = ORIENTED_EDGE('',*,*,#14494,.T.);
#14494 = EDGE_CURVE('',#14485,#14495,#14497,.T.);
#14495 = VERTEX_POINT('',#14496);
#14496 = CARTESIAN_POINT('',(0.6,0.525,2.14));
#14497 = LINE('',#14498,#14499);
#14498 = CARTESIAN_POINT('',(0.4,0.525,2.14));
#14499 = VECTOR('',#14500,1.);
#14500 = DIRECTION('',(1.,0.,0.));
#14501 = ORIENTED_EDGE('',*,*,#14502,.T.);
#14502 = EDGE_CURVE('',#14495,#14503,#14505,.T.);
#14503 = VERTEX_POINT('',#14504);
#14504 = CARTESIAN_POINT('',(0.6,0.525,1.66));
#14505 = LINE('',#14506,#14507);
#14506 = CARTESIAN_POINT('',(0.6,0.525,2.14));
#14507 = VECTOR('',#14508,1.);
#14508 = DIRECTION('',(0.,0.,-1.));
#14509 = ORIENTED_EDGE('',*,*,#14510,.F.);
#14510 = EDGE_CURVE('',#14487,#14503,#14511,.T.);
#14511 = LINE('',#14512,#14513);
#14512 = CARTESIAN_POINT('',(0.4,0.525,1.66));
#14513 = VECTOR('',#14514,1.);
#14514 = DIRECTION('',(1.,0.,0.));
#14515 = FACE_BOUND('',#14516,.T.);
#14516 = EDGE_LOOP('',(#14517,#14527,#14535,#14543));
#14517 = ORIENTED_EDGE('',*,*,#14518,.F.);
#14518 = EDGE_CURVE('',#14519,#14521,#14523,.T.);
#14519 = VERTEX_POINT('',#14520);
#14520 = CARTESIAN_POINT('',(1.4,0.525,2.14));
#14521 = VERTEX_POINT('',#14522);
#14522 = CARTESIAN_POINT('',(1.4,0.525,1.66));
#14523 = LINE('',#14524,#14525);
#14524 = CARTESIAN_POINT('',(1.4,0.525,2.14));
#14525 = VECTOR('',#14526,1.);
#14526 = DIRECTION('',(0.,0.,-1.));
#14527 = ORIENTED_EDGE('',*,*,#14528,.T.);
#14528 = EDGE_CURVE('',#14519,#14529,#14531,.T.);
#14529 = VERTEX_POINT('',#14530);
#14530 = CARTESIAN_POINT('',(1.6,0.525,2.14));
#14531 = LINE('',#14532,#14533);
#14532 = CARTESIAN_POINT('',(1.4,0.525,2.14));
#14533 = VECTOR('',#14534,1.);
#14534 = DIRECTION('',(1.,0.,0.));
#14535 = ORIENTED_EDGE('',*,*,#14536,.T.);
#14536 = EDGE_CURVE('',#14529,#14537,#14539,.T.);
#14537 = VERTEX_POINT('',#14538);
#14538 = CARTESIAN_POINT('',(1.6,0.525,1.66));
#14539 = LINE('',#14540,#14541);
#14540 = CARTESIAN_POINT('',(1.6,0.525,2.14));
#14541 = VECTOR('',#14542,1.);
#14542 = DIRECTION('',(0.,0.,-1.));
#14543 = ORIENTED_EDGE('',*,*,#14544,.F.);
#14544 = EDGE_CURVE('',#14521,#14537,#14545,.T.);
#14545 = LINE('',#14546,#14547);
#14546 = CARTESIAN_POINT('',(1.4,0.525,1.66));
#14547 = VECTOR('',#14548,1.);
#14548 = DIRECTION('',(1.,0.,0.));
#14549 = PLANE('',#14550);
#14550 = AXIS2_PLACEMENT_3D('',#14551,#14552,#14553);
#14551 = CARTESIAN_POINT('',(-6.832141690001E-17,0.525,1.51));
#14552 = DIRECTION('',(0.,-1.,1.110223024625E-16));
#14553 = DIRECTION('',(1.,0.,0.));
#14554 = ADVANCED_FACE('',(#14555),#14561,.T.);
#14555 = FACE_BOUND('',#14556,.T.);
#14556 = EDGE_LOOP('',(#14557,#14558,#14559,#14560));
#14557 = ORIENTED_EDGE('',*,*,#13980,.T.);
#14558 = ORIENTED_EDGE('',*,*,#13908,.T.);
#14559 = ORIENTED_EDGE('',*,*,#13932,.T.);
#14560 = ORIENTED_EDGE('',*,*,#13955,.T.);
#14561 = PLANE('',#14562);
#14562 = AXIS2_PLACEMENT_3D('',#14563,#14564,#14565);
#14563 = CARTESIAN_POINT('',(5.45372713851E-16,-7.5E-02,1.76));
#14564 = DIRECTION('',(0.,-1.,1.110223024625E-16));
#14565 = DIRECTION('',(1.,0.,0.));
#14566 = ADVANCED_FACE('',(#14567),#14592,.T.);
#14567 = FACE_BOUND('',#14568,.T.);
#14568 = EDGE_LOOP('',(#14569,#14570,#14578,#14586));
#14569 = ORIENTED_EDGE('',*,*,#14416,.T.);
#14570 = ORIENTED_EDGE('',*,*,#14571,.T.);
#14571 = EDGE_CURVE('',#14419,#14572,#14574,.T.);
#14572 = VERTEX_POINT('',#14573);
#14573 = CARTESIAN_POINT('',(-1.4,-1.225,1.79));
#14574 = LINE('',#14575,#14576);
#14575 = CARTESIAN_POINT('',(-1.4,0.525,1.66));
#14576 = VECTOR('',#14577,1.);
#14577 = DIRECTION('',(0.,-0.997252183706,7.408159078957E-02));
#14578 = ORIENTED_EDGE('',*,*,#14579,.F.);
#14579 = EDGE_CURVE('',#14580,#14572,#14582,.T.);
#14580 = VERTEX_POINT('',#14581);
#14581 = CARTESIAN_POINT('',(-1.6,-1.225,1.79));
#14582 = LINE('',#14583,#14584);
#14583 = CARTESIAN_POINT('',(-1.6,-1.225,1.79));
#14584 = VECTOR('',#14585,1.);
#14585 = DIRECTION('',(1.,0.,0.));
#14586 = ORIENTED_EDGE('',*,*,#14587,.F.);
#14587 = EDGE_CURVE('',#14417,#14580,#14588,.T.);
#14588 = LINE('',#14589,#14590);
#14589 = CARTESIAN_POINT('',(-1.6,0.525,1.66));
#14590 = VECTOR('',#14591,1.);
#14591 = DIRECTION('',(0.,-0.997252183706,7.408159078957E-02));
#14592 = PLANE('',#14593);
#14593 = AXIS2_PLACEMENT_3D('',#14594,#14595,#14596);
#14594 = CARTESIAN_POINT('',(-1.6,0.525,1.66));
#14595 = DIRECTION('',(0.,-7.408159078957E-02,-0.997252183706));
#14596 = DIRECTION('',(0.,-0.997252183706,7.408159078957E-02));
#14597 = ADVANCED_FACE('',(#14598),#14616,.F.);
#14598 = FACE_BOUND('',#14599,.F.);
#14599 = EDGE_LOOP('',(#14600,#14608,#14614,#14615));
#14600 = ORIENTED_EDGE('',*,*,#14601,.T.);
#14601 = EDGE_CURVE('',#14572,#14602,#14604,.T.);
#14602 = VERTEX_POINT('',#14603);
#14603 = CARTESIAN_POINT('',(-1.4,-1.225,2.14));
#14604 = LINE('',#14605,#14606);
#14605 = CARTESIAN_POINT('',(-1.4,-1.225,1.79));
#14606 = VECTOR('',#14607,1.);
#14607 = DIRECTION('',(0.,0.,1.));
#14608 = ORIENTED_EDGE('',*,*,#14609,.T.);
#14609 = EDGE_CURVE('',#14602,#14435,#14610,.T.);
#14610 = LINE('',#14611,#14612);
#14611 = CARTESIAN_POINT('',(-1.4,-1.225,2.14));
#14612 = VECTOR('',#14613,1.);
#14613 = DIRECTION('',(0.,1.,0.));
#14614 = ORIENTED_EDGE('',*,*,#14442,.T.);
#14615 = ORIENTED_EDGE('',*,*,#14571,.T.);
#14616 = PLANE('',#14617);
#14617 = AXIS2_PLACEMENT_3D('',#14618,#14619,#14620);
#14618 = CARTESIAN_POINT('',(-1.4,-0.323759014354,1.931294517928));
#14619 = DIRECTION('',(-1.,-0.,-0.));
#14620 = DIRECTION('',(0.,0.,-1.));
#14621 = ADVANCED_FACE('',(#14622),#14640,.T.);
#14622 = FACE_BOUND('',#14623,.T.);
#14623 = EDGE_LOOP('',(#14624,#14632,#14633,#14634));
#14624 = ORIENTED_EDGE('',*,*,#14625,.T.);
#14625 = EDGE_CURVE('',#14626,#14602,#14628,.T.);
#14626 = VERTEX_POINT('',#14627);
#14627 = CARTESIAN_POINT('',(-1.6,-1.225,2.14));
#14628 = LINE('',#14629,#14630);
#14629 = CARTESIAN_POINT('',(-1.6,-1.225,2.14));
#14630 = VECTOR('',#14631,1.);
#14631 = DIRECTION('',(1.,0.,0.));
#14632 = ORIENTED_EDGE('',*,*,#14609,.T.);
#14633 = ORIENTED_EDGE('',*,*,#14434,.F.);
#14634 = ORIENTED_EDGE('',*,*,#14635,.F.);
#14635 = EDGE_CURVE('',#14626,#14427,#14636,.T.);
#14636 = LINE('',#14637,#14638);
#14637 = CARTESIAN_POINT('',(-1.6,-1.225,2.14));
#14638 = VECTOR('',#14639,1.);
#14639 = DIRECTION('',(0.,1.,0.));
#14640 = PLANE('',#14641);
#14641 = AXIS2_PLACEMENT_3D('',#14642,#14643,#14644);
#14642 = CARTESIAN_POINT('',(-1.6,-1.225,2.14));
#14643 = DIRECTION('',(0.,0.,1.));
#14644 = DIRECTION('',(0.,1.,0.));
#14645 = ADVANCED_FACE('',(#14646),#14657,.T.);
#14646 = FACE_BOUND('',#14647,.T.);
#14647 = EDGE_LOOP('',(#14648,#14654,#14655,#14656));
#14648 = ORIENTED_EDGE('',*,*,#14649,.T.);
#14649 = EDGE_CURVE('',#14580,#14626,#14650,.T.);
#14650 = LINE('',#14651,#14652);
#14651 = CARTESIAN_POINT('',(-1.6,-1.225,1.79));
#14652 = VECTOR('',#14653,1.);
#14653 = DIRECTION('',(0.,0.,1.));
#14654 = ORIENTED_EDGE('',*,*,#14635,.T.);
#14655 = ORIENTED_EDGE('',*,*,#14426,.T.);
#14656 = ORIENTED_EDGE('',*,*,#14587,.T.);
#14657 = PLANE('',#14658);
#14658 = AXIS2_PLACEMENT_3D('',#14659,#14660,#14661);
#14659 = CARTESIAN_POINT('',(-1.6,-0.323759014354,1.931294517928));
#14660 = DIRECTION('',(-1.,-0.,-0.));
#14661 = DIRECTION('',(0.,0.,-1.));
#14662 = ADVANCED_FACE('',(#14663),#14688,.T.);
#14663 = FACE_BOUND('',#14664,.T.);
#14664 = EDGE_LOOP('',(#14665,#14675,#14681,#14682));
#14665 = ORIENTED_EDGE('',*,*,#14666,.T.);
#14666 = EDGE_CURVE('',#14667,#14669,#14671,.T.);
#14667 = VERTEX_POINT('',#14668);
#14668 = CARTESIAN_POINT('',(-0.6,-1.225,1.79));
#14669 = VERTEX_POINT('',#14670);
#14670 = CARTESIAN_POINT('',(-0.6,-1.225,2.14));
#14671 = LINE('',#14672,#14673);
#14672 = CARTESIAN_POINT('',(-0.6,-1.225,1.79));
#14673 = VECTOR('',#14674,1.);
#14674 = DIRECTION('',(0.,0.,1.));
#14675 = ORIENTED_EDGE('',*,*,#14676,.T.);
#14676 = EDGE_CURVE('',#14669,#14451,#14677,.T.);
#14677 = LINE('',#14678,#14679);
#14678 = CARTESIAN_POINT('',(-0.6,-1.225,2.14));
#14679 = VECTOR('',#14680,1.);
#14680 = DIRECTION('',(0.,1.,0.));
#14681 = ORIENTED_EDGE('',*,*,#14450,.T.);
#14682 = ORIENTED_EDGE('',*,*,#14683,.T.);
#14683 = EDGE_CURVE('',#14453,#14667,#14684,.T.);
#14684 = LINE('',#14685,#14686);
#14685 = CARTESIAN_POINT('',(-0.6,0.525,1.66));
#14686 = VECTOR('',#14687,1.);
#14687 = DIRECTION('',(0.,-0.997252183706,7.408159078957E-02));
#14688 = PLANE('',#14689);
#14689 = AXIS2_PLACEMENT_3D('',#14690,#14691,#14692);
#14690 = CARTESIAN_POINT('',(-0.6,-0.323759014354,1.931294517928));
#14691 = DIRECTION('',(-1.,-0.,-0.));
#14692 = DIRECTION('',(0.,0.,-1.));
#14693 = ADVANCED_FACE('',(#14694),#14712,.T.);
#14694 = FACE_BOUND('',#14695,.T.);
#14695 = EDGE_LOOP('',(#14696,#14697,#14705,#14711));
#14696 = ORIENTED_EDGE('',*,*,#14476,.T.);
#14697 = ORIENTED_EDGE('',*,*,#14698,.T.);
#14698 = EDGE_CURVE('',#14469,#14699,#14701,.T.);
#14699 = VERTEX_POINT('',#14700);
#14700 = CARTESIAN_POINT('',(-0.4,-1.225,1.79));
#14701 = LINE('',#14702,#14703);
#14702 = CARTESIAN_POINT('',(-0.4,0.525,1.66));
#14703 = VECTOR('',#14704,1.);
#14704 = DIRECTION('',(0.,-0.997252183706,7.408159078957E-02));
#14705 = ORIENTED_EDGE('',*,*,#14706,.F.);
#14706 = EDGE_CURVE('',#14667,#14699,#14707,.T.);
#14707 = LINE('',#14708,#14709);
#14708 = CARTESIAN_POINT('',(-0.6,-1.225,1.79));
#14709 = VECTOR('',#14710,1.);
#14710 = DIRECTION('',(1.,0.,0.));
#14711 = ORIENTED_EDGE('',*,*,#14683,.F.);
#14712 = PLANE('',#14713);
#14713 = AXIS2_PLACEMENT_3D('',#14714,#14715,#14716);
#14714 = CARTESIAN_POINT('',(-0.6,0.525,1.66));
#14715 = DIRECTION('',(0.,-7.408159078957E-02,-0.997252183706));
#14716 = DIRECTION('',(0.,-0.997252183706,7.408159078957E-02));
#14717 = ADVANCED_FACE('',(#14718),#14736,.F.);
#14718 = FACE_BOUND('',#14719,.F.);
#14719 = EDGE_LOOP('',(#14720,#14728,#14734,#14735));
#14720 = ORIENTED_EDGE('',*,*,#14721,.T.);
#14721 = EDGE_CURVE('',#14699,#14722,#14724,.T.);
#14722 = VERTEX_POINT('',#14723);
#14723 = CARTESIAN_POINT('',(-0.4,-1.225,2.14));
#14724 = LINE('',#14725,#14726);
#14725 = CARTESIAN_POINT('',(-0.4,-1.225,1.79));
#14726 = VECTOR('',#14727,1.);
#14727 = DIRECTION('',(0.,0.,1.));
#14728 = ORIENTED_EDGE('',*,*,#14729,.T.);
#14729 = EDGE_CURVE('',#14722,#14461,#14730,.T.);
#14730 = LINE('',#14731,#14732);
#14731 = CARTESIAN_POINT('',(-0.4,-1.225,2.14));
#14732 = VECTOR('',#14733,1.);
#14733 = DIRECTION('',(0.,1.,0.));
#14734 = ORIENTED_EDGE('',*,*,#14468,.T.);
#14735 = ORIENTED_EDGE('',*,*,#14698,.T.);
#14736 = PLANE('',#14737);
#14737 = AXIS2_PLACEMENT_3D('',#14738,#14739,#14740);
#14738 = CARTESIAN_POINT('',(-0.4,-0.323759014354,1.931294517928));
#14739 = DIRECTION('',(-1.,-0.,-0.));
#14740 = DIRECTION('',(0.,0.,-1.));
#14741 = ADVANCED_FACE('',(#14742),#14753,.T.);
#14742 = FACE_BOUND('',#14743,.T.);
#14743 = EDGE_LOOP('',(#14744,#14750,#14751,#14752));
#14744 = ORIENTED_EDGE('',*,*,#14745,.T.);
#14745 = EDGE_CURVE('',#14669,#14722,#14746,.T.);
#14746 = LINE('',#14747,#14748);
#14747 = CARTESIAN_POINT('',(-0.6,-1.225,2.14));
#14748 = VECTOR('',#14749,1.);
#14749 = DIRECTION('',(1.,0.,0.));
#14750 = ORIENTED_EDGE('',*,*,#14729,.T.);
#14751 = ORIENTED_EDGE('',*,*,#14460,.F.);
#14752 = ORIENTED_EDGE('',*,*,#14676,.F.);
#14753 = PLANE('',#14754);
#14754 = AXIS2_PLACEMENT_3D('',#14755,#14756,#14757);
#14755 = CARTESIAN_POINT('',(-0.6,-1.225,2.14));
#14756 = DIRECTION('',(0.,0.,1.));
#14757 = DIRECTION('',(0.,1.,0.));
#14758 = ADVANCED_FACE('',(#14759),#14784,.T.);
#14759 = FACE_BOUND('',#14760,.T.);
#14760 = EDGE_LOOP('',(#14761,#14771,#14777,#14778));
#14761 = ORIENTED_EDGE('',*,*,#14762,.T.);
#14762 = EDGE_CURVE('',#14763,#14765,#14767,.T.);
#14763 = VERTEX_POINT('',#14764);
#14764 = CARTESIAN_POINT('',(0.4,-1.225,1.79));
#14765 = VERTEX_POINT('',#14766);
#14766 = CARTESIAN_POINT('',(0.4,-1.225,2.14));
#14767 = LINE('',#14768,#14769);
#14768 = CARTESIAN_POINT('',(0.4,-1.225,1.79));
#14769 = VECTOR('',#14770,1.);
#14770 = DIRECTION('',(0.,0.,1.));
#14771 = ORIENTED_EDGE('',*,*,#14772,.T.);
#14772 = EDGE_CURVE('',#14765,#14485,#14773,.T.);
#14773 = LINE('',#14774,#14775);
#14774 = CARTESIAN_POINT('',(0.4,-1.225,2.14));
#14775 = VECTOR('',#14776,1.);
#14776 = DIRECTION('',(0.,1.,0.));
#14777 = ORIENTED_EDGE('',*,*,#14484,.T.);
#14778 = ORIENTED_EDGE('',*,*,#14779,.T.);
#14779 = EDGE_CURVE('',#14487,#14763,#14780,.T.);
#14780 = LINE('',#14781,#14782);
#14781 = CARTESIAN_POINT('',(0.4,0.525,1.66));
#14782 = VECTOR('',#14783,1.);
#14783 = DIRECTION('',(0.,-0.997252183706,7.408159078957E-02));
#14784 = PLANE('',#14785);
#14785 = AXIS2_PLACEMENT_3D('',#14786,#14787,#14788);
#14786 = CARTESIAN_POINT('',(0.4,-0.323759014354,1.931294517928));
#14787 = DIRECTION('',(-1.,-0.,-0.));
#14788 = DIRECTION('',(0.,0.,-1.));
#14789 = ADVANCED_FACE('',(#14790),#14808,.T.);
#14790 = FACE_BOUND('',#14791,.T.);
#14791 = EDGE_LOOP('',(#14792,#14793,#14801,#14807));
#14792 = ORIENTED_EDGE('',*,*,#14510,.T.);
#14793 = ORIENTED_EDGE('',*,*,#14794,.T.);
#14794 = EDGE_CURVE('',#14503,#14795,#14797,.T.);
#14795 = VERTEX_POINT('',#14796);
#14796 = CARTESIAN_POINT('',(0.6,-1.225,1.79));
#14797 = LINE('',#14798,#14799);
#14798 = CARTESIAN_POINT('',(0.6,0.525,1.66));
#14799 = VECTOR('',#14800,1.);
#14800 = DIRECTION('',(0.,-0.997252183706,7.408159078957E-02));
#14801 = ORIENTED_EDGE('',*,*,#14802,.F.);
#14802 = EDGE_CURVE('',#14763,#14795,#14803,.T.);
#14803 = LINE('',#14804,#14805);
#14804 = CARTESIAN_POINT('',(0.4,-1.225,1.79));
#14805 = VECTOR('',#14806,1.);
#14806 = DIRECTION('',(1.,0.,0.));
#14807 = ORIENTED_EDGE('',*,*,#14779,.F.);
#14808 = PLANE('',#14809);
#14809 = AXIS2_PLACEMENT_3D('',#14810,#14811,#14812);
#14810 = CARTESIAN_POINT('',(0.4,0.525,1.66));
#14811 = DIRECTION('',(0.,-7.408159078957E-02,-0.997252183706));
#14812 = DIRECTION('',(0.,-0.997252183706,7.408159078957E-02));
#14813 = ADVANCED_FACE('',(#14814),#14832,.F.);
#14814 = FACE_BOUND('',#14815,.F.);
#14815 = EDGE_LOOP('',(#14816,#14824,#14830,#14831));
#14816 = ORIENTED_EDGE('',*,*,#14817,.T.);
#14817 = EDGE_CURVE('',#14795,#14818,#14820,.T.);
#14818 = VERTEX_POINT('',#14819);
#14819 = CARTESIAN_POINT('',(0.6,-1.225,2.14));
#14820 = LINE('',#14821,#14822);
#14821 = CARTESIAN_POINT('',(0.6,-1.225,1.79));
#14822 = VECTOR('',#14823,1.);
#14823 = DIRECTION('',(0.,0.,1.));
#14824 = ORIENTED_EDGE('',*,*,#14825,.T.);
#14825 = EDGE_CURVE('',#14818,#14495,#14826,.T.);
#14826 = LINE('',#14827,#14828);
#14827 = CARTESIAN_POINT('',(0.6,-1.225,2.14));
#14828 = VECTOR('',#14829,1.);
#14829 = DIRECTION('',(0.,1.,0.));
#14830 = ORIENTED_EDGE('',*,*,#14502,.T.);
#14831 = ORIENTED_EDGE('',*,*,#14794,.T.);
#14832 = PLANE('',#14833);
#14833 = AXIS2_PLACEMENT_3D('',#14834,#14835,#14836);
#14834 = CARTESIAN_POINT('',(0.6,-0.323759014354,1.931294517928));
#14835 = DIRECTION('',(-1.,-0.,-0.));
#14836 = DIRECTION('',(0.,0.,-1.));
#14837 = ADVANCED_FACE('',(#14838),#14849,.T.);
#14838 = FACE_BOUND('',#14839,.T.);
#14839 = EDGE_LOOP('',(#14840,#14846,#14847,#14848));
#14840 = ORIENTED_EDGE('',*,*,#14841,.T.);
#14841 = EDGE_CURVE('',#14765,#14818,#14842,.T.);
#14842 = LINE('',#14843,#14844);
#14843 = CARTESIAN_POINT('',(0.4,-1.225,2.14));
#14844 = VECTOR('',#14845,1.);
#14845 = DIRECTION('',(1.,0.,0.));
#14846 = ORIENTED_EDGE('',*,*,#14825,.T.);
#14847 = ORIENTED_EDGE('',*,*,#14494,.F.);
#14848 = ORIENTED_EDGE('',*,*,#14772,.F.);
#14849 = PLANE('',#14850);
#14850 = AXIS2_PLACEMENT_3D('',#14851,#14852,#14853);
#14851 = CARTESIAN_POINT('',(0.4,-1.225,2.14));
#14852 = DIRECTION('',(0.,0.,1.));
#14853 = DIRECTION('',(0.,1.,0.));
#14854 = ADVANCED_FACE('',(#14855),#14880,.T.);
#14855 = FACE_BOUND('',#14856,.T.);
#14856 = EDGE_LOOP('',(#14857,#14867,#14873,#14874));
#14857 = ORIENTED_EDGE('',*,*,#14858,.T.);
#14858 = EDGE_CURVE('',#14859,#14861,#14863,.T.);
#14859 = VERTEX_POINT('',#14860);
#14860 = CARTESIAN_POINT('',(1.4,-1.225,1.79));
#14861 = VERTEX_POINT('',#14862);
#14862 = CARTESIAN_POINT('',(1.4,-1.225,2.14));
#14863 = LINE('',#14864,#14865);
#14864 = CARTESIAN_POINT('',(1.4,-1.225,1.79));
#14865 = VECTOR('',#14866,1.);
#14866 = DIRECTION('',(0.,0.,1.));
#14867 = ORIENTED_EDGE('',*,*,#14868,.T.);
#14868 = EDGE_CURVE('',#14861,#14519,#14869,.T.);
#14869 = LINE('',#14870,#14871);
#14870 = CARTESIAN_POINT('',(1.4,-1.225,2.14));
#14871 = VECTOR('',#14872,1.);
#14872 = DIRECTION('',(0.,1.,0.));
#14873 = ORIENTED_EDGE('',*,*,#14518,.T.);
#14874 = ORIENTED_EDGE('',*,*,#14875,.T.);
#14875 = EDGE_CURVE('',#14521,#14859,#14876,.T.);
#14876 = LINE('',#14877,#14878);
#14877 = CARTESIAN_POINT('',(1.4,0.525,1.66));
#14878 = VECTOR('',#14879,1.);
#14879 = DIRECTION('',(0.,-0.997252183706,7.408159078957E-02));
#14880 = PLANE('',#14881);
#14881 = AXIS2_PLACEMENT_3D('',#14882,#14883,#14884);
#14882 = CARTESIAN_POINT('',(1.4,-0.323759014354,1.931294517928));
#14883 = DIRECTION('',(-1.,-0.,-0.));
#14884 = DIRECTION('',(0.,0.,-1.));
#14885 = ADVANCED_FACE('',(#14886),#14904,.T.);
#14886 = FACE_BOUND('',#14887,.T.);
#14887 = EDGE_LOOP('',(#14888,#14889,#14897,#14903));
#14888 = ORIENTED_EDGE('',*,*,#14544,.T.);
#14889 = ORIENTED_EDGE('',*,*,#14890,.T.);
#14890 = EDGE_CURVE('',#14537,#14891,#14893,.T.);
#14891 = VERTEX_POINT('',#14892);
#14892 = CARTESIAN_POINT('',(1.6,-1.225,1.79));
#14893 = LINE('',#14894,#14895);
#14894 = CARTESIAN_POINT('',(1.6,0.525,1.66));
#14895 = VECTOR('',#14896,1.);
#14896 = DIRECTION('',(0.,-0.997252183706,7.408159078957E-02));
#14897 = ORIENTED_EDGE('',*,*,#14898,.F.);
#14898 = EDGE_CURVE('',#14859,#14891,#14899,.T.);
#14899 = LINE('',#14900,#14901);
#14900 = CARTESIAN_POINT('',(1.4,-1.225,1.79));
#14901 = VECTOR('',#14902,1.);
#14902 = DIRECTION('',(1.,0.,0.));
#14903 = ORIENTED_EDGE('',*,*,#14875,.F.);
#14904 = PLANE('',#14905);
#14905 = AXIS2_PLACEMENT_3D('',#14906,#14907,#14908);
#14906 = CARTESIAN_POINT('',(1.4,0.525,1.66));
#14907 = DIRECTION('',(0.,-7.408159078957E-02,-0.997252183706));
#14908 = DIRECTION('',(0.,-0.997252183706,7.408159078957E-02));
#14909 = ADVANCED_FACE('',(#14910),#14928,.F.);
#14910 = FACE_BOUND('',#14911,.F.);
#14911 = EDGE_LOOP('',(#14912,#14920,#14926,#14927));
#14912 = ORIENTED_EDGE('',*,*,#14913,.T.);
#14913 = EDGE_CURVE('',#14891,#14914,#14916,.T.);
#14914 = VERTEX_POINT('',#14915);
#14915 = CARTESIAN_POINT('',(1.6,-1.225,2.14));
#14916 = LINE('',#14917,#14918);
#14917 = CARTESIAN_POINT('',(1.6,-1.225,1.79));
#14918 = VECTOR('',#14919,1.);
#14919 = DIRECTION('',(0.,0.,1.));
#14920 = ORIENTED_EDGE('',*,*,#14921,.T.);
#14921 = EDGE_CURVE('',#14914,#14529,#14922,.T.);
#14922 = LINE('',#14923,#14924);
#14923 = CARTESIAN_POINT('',(1.6,-1.225,2.14));
#14924 = VECTOR('',#14925,1.);
#14925 = DIRECTION('',(0.,1.,0.));
#14926 = ORIENTED_EDGE('',*,*,#14536,.T.);
#14927 = ORIENTED_EDGE('',*,*,#14890,.T.);
#14928 = PLANE('',#14929);
#14929 = AXIS2_PLACEMENT_3D('',#14930,#14931,#14932);
#14930 = CARTESIAN_POINT('',(1.6,-0.323759014354,1.931294517928));
#14931 = DIRECTION('',(-1.,-0.,-0.));
#14932 = DIRECTION('',(0.,0.,-1.));
#14933 = ADVANCED_FACE('',(#14934),#14945,.T.);
#14934 = FACE_BOUND('',#14935,.T.);
#14935 = EDGE_LOOP('',(#14936,#14942,#14943,#14944));
#14936 = ORIENTED_EDGE('',*,*,#14937,.T.);
#14937 = EDGE_CURVE('',#14861,#14914,#14938,.T.);
#14938 = LINE('',#14939,#14940);
#14939 = CARTESIAN_POINT('',(1.4,-1.225,2.14));
#14940 = VECTOR('',#14941,1.);
#14941 = DIRECTION('',(1.,0.,0.));
#14942 = ORIENTED_EDGE('',*,*,#14921,.T.);
#14943 = ORIENTED_EDGE('',*,*,#14528,.F.);
#14944 = ORIENTED_EDGE('',*,*,#14868,.F.);
#14945 = PLANE('',#14946);
#14946 = AXIS2_PLACEMENT_3D('',#14947,#14948,#14949);
#14947 = CARTESIAN_POINT('',(1.4,-1.225,2.14));
#14948 = DIRECTION('',(0.,0.,1.));
#14949 = DIRECTION('',(0.,1.,0.));
#14950 = ADVANCED_FACE('',(#14951),#14957,.T.);
#14951 = FACE_BOUND('',#14952,.T.);
#14952 = EDGE_LOOP('',(#14953,#14954,#14955,#14956));
#14953 = ORIENTED_EDGE('',*,*,#14579,.T.);
#14954 = ORIENTED_EDGE('',*,*,#14601,.T.);
#14955 = ORIENTED_EDGE('',*,*,#14625,.F.);
#14956 = ORIENTED_EDGE('',*,*,#14649,.F.);
#14957 = PLANE('',#14958);
#14958 = AXIS2_PLACEMENT_3D('',#14959,#14960,#14961);
#14959 = CARTESIAN_POINT('',(-1.6,-1.225,1.79));
#14960 = DIRECTION('',(0.,-1.,0.));
#14961 = DIRECTION('',(0.,0.,1.));
#14962 = ADVANCED_FACE('',(#14963),#14969,.T.);
#14963 = FACE_BOUND('',#14964,.T.);
#14964 = EDGE_LOOP('',(#14965,#14966,#14967,#14968));
#14965 = ORIENTED_EDGE('',*,*,#14706,.T.);
#14966 = ORIENTED_EDGE('',*,*,#14721,.T.);
#14967 = ORIENTED_EDGE('',*,*,#14745,.F.);
#14968 = ORIENTED_EDGE('',*,*,#14666,.F.);
#14969 = PLANE('',#14970);
#14970 = AXIS2_PLACEMENT_3D('',#14971,#14972,#14973);
#14971 = CARTESIAN_POINT('',(-0.6,-1.225,1.79));
#14972 = DIRECTION('',(0.,-1.,0.));
#14973 = DIRECTION('',(0.,0.,1.));
#14974 = ADVANCED_FACE('',(#14975),#14981,.T.);
#14975 = FACE_BOUND('',#14976,.T.);
#14976 = EDGE_LOOP('',(#14977,#14978,#14979,#14980));
#14977 = ORIENTED_EDGE('',*,*,#14802,.T.);
#14978 = ORIENTED_EDGE('',*,*,#14817,.T.);
#14979 = ORIENTED_EDGE('',*,*,#14841,.F.);
#14980 = ORIENTED_EDGE('',*,*,#14762,.F.);
#14981 = PLANE('',#14982);
#14982 = AXIS2_PLACEMENT_3D('',#14983,#14984,#14985);
#14983 = CARTESIAN_POINT('',(0.4,-1.225,1.79));
#14984 = DIRECTION('',(0.,-1.,0.));
#14985 = DIRECTION('',(0.,0.,1.));
#14986 = ADVANCED_FACE('',(#14987),#14993,.T.);
#14987 = FACE_BOUND('',#14988,.T.);
#14988 = EDGE_LOOP('',(#14989,#14990,#14991,#14992));
#14989 = ORIENTED_EDGE('',*,*,#14898,.T.);
#14990 = ORIENTED_EDGE('',*,*,#14913,.T.);
#14991 = ORIENTED_EDGE('',*,*,#14937,.F.);
#14992 = ORIENTED_EDGE('',*,*,#14858,.F.);
#14993 = PLANE('',#14994);
#14994 = AXIS2_PLACEMENT_3D('',#14995,#14996,#14997);
#14995 = CARTESIAN_POINT('',(1.4,-1.225,1.79));
#14996 = DIRECTION('',(0.,-1.,0.));
#14997 = DIRECTION('',(0.,0.,1.));
#14998 = ( GEOMETRIC_REPRESENTATION_CONTEXT(3) 
GLOBAL_UNCERTAINTY_ASSIGNED_CONTEXT((#15002)) 
GLOBAL_UNIT_ASSIGNED_CONTEXT((#14999,#15000,#15001)) 
REPRESENTATION_CONTEXT('Context #1',
  '3D Context with UNIT and UNCERTAINTY') );
#14999 = ( LENGTH_UNIT() NAMED_UNIT(*) SI_UNIT(.MILLI.,.METRE.) );
#15000 = ( NAMED_UNIT(*) PLANE_ANGLE_UNIT() SI_UNIT($,.RADIAN.) );
#15001 = ( NAMED_UNIT(*) SI_UNIT($,.STERADIAN.) SOLID_ANGLE_UNIT() );
#15002 = UNCERTAINTY_MEASURE_WITH_UNIT(LENGTH_MEASURE(1.E-07),#14999,
  'distance_accuracy_value','confusion accuracy');
#15003 = CONTEXT_DEPENDENT_SHAPE_REPRESENTATION(#15004,#15006);
#15004 = ( REPRESENTATION_RELATIONSHIP('','',#12193,#12170) 
REPRESENTATION_RELATIONSHIP_WITH_TRANSFORMATION(#15005) 
SHAPE_REPRESENTATION_RELATIONSHIP() );
#15005 = ITEM_DEFINED_TRANSFORMATION('','',#11,#12171);
#15006 = PRODUCT_DEFINITION_SHAPE('Placement','Placement of an item',
  #15007);
#15007 = NEXT_ASSEMBLY_USAGE_OCCURRENCE('22','=>[0:1:1:21]','',#12165,
  #12188,$);
#15008 = PRODUCT_RELATED_PRODUCT_CATEGORY('part',$,(#12190));
#15009 = CONTEXT_DEPENDENT_SHAPE_REPRESENTATION(#15010,#15012);
#15010 = ( REPRESENTATION_RELATIONSHIP('','',#4779,#10) 
REPRESENTATION_RELATIONSHIP_WITH_TRANSFORMATION(#15011) 
SHAPE_REPRESENTATION_RELATIONSHIP() );
#15011 = ITEM_DEFINED_TRANSFORMATION('','',#11,#67);
#15012 = PRODUCT_DEFINITION_SHAPE('Placement','Placement of an item',
  #15013);
#15013 = NEXT_ASSEMBLY_USAGE_OCCURRENCE('24','R4','',#5,#4774,$);
#15014 = CONTEXT_DEPENDENT_SHAPE_REPRESENTATION(#15015,#15017);
#15015 = ( REPRESENTATION_RELATIONSHIP('','',#4779,#10) 
REPRESENTATION_RELATIONSHIP_WITH_TRANSFORMATION(#15016) 
SHAPE_REPRESENTATION_RELATIONSHIP() );
#15016 = ITEM_DEFINED_TRANSFORMATION('','',#11,#71);
#15017 = PRODUCT_DEFINITION_SHAPE('Placement','Placement of an item',
  #15018);
#15018 = NEXT_ASSEMBLY_USAGE_OCCURRENCE('25','R2','',#5,#4774,$);
#15019 = SHAPE_DEFINITION_REPRESENTATION(#15020,#15026);
#15020 = PRODUCT_DEFINITION_SHAPE('','',#15021);
#15021 = PRODUCT_DEFINITION('design','',#15022,#15025);
#15022 = PRODUCT_DEFINITION_FORMATION('','',#15023);
#15023 = PRODUCT('C_1210_3225Metric','C_1210_3225Metric','',(#15024));
#15024 = PRODUCT_CONTEXT('',#2,'mechanical');
#15025 = PRODUCT_DEFINITION_CONTEXT('part definition',#2,'design');
#15026 = SHAPE_REPRESENTATION('',(#11,#15027),#15031);
#15027 = AXIS2_PLACEMENT_3D('',#15028,#15029,#15030);
#15028 = CARTESIAN_POINT('',(0.,0.,0.));
#15029 = DIRECTION('',(0.,0.,1.));
#15030 = DIRECTION('',(1.,0.,-0.));
#15031 = ( GEOMETRIC_REPRESENTATION_CONTEXT(3) 
GLOBAL_UNCERTAINTY_ASSIGNED_CONTEXT((#15035)) 
GLOBAL_UNIT_ASSIGNED_CONTEXT((#15032,#15033,#15034)) 
REPRESENTATION_CONTEXT('Context #1',
  '3D Context with UNIT and UNCERTAINTY') );
#15032 = ( LENGTH_UNIT() NAMED_UNIT(*) SI_UNIT(.MILLI.,.METRE.) );
#15033 = ( NAMED_UNIT(*) PLANE_ANGLE_UNIT() SI_UNIT($,.RADIAN.) );
#15034 = ( NAMED_UNIT(*) SI_UNIT($,.STERADIAN.) SOLID_ANGLE_UNIT() );
#15035 = UNCERTAINTY_MEASURE_WITH_UNIT(LENGTH_MEASURE(1.E-07),#15032,
  'distance_accuracy_value','confusion accuracy');
#15036 = CONTEXT_DEPENDENT_SHAPE_REPRESENTATION(#15037,#15039);
#15037 = ( REPRESENTATION_RELATIONSHIP('','',#15026,#10) 
REPRESENTATION_RELATIONSHIP_WITH_TRANSFORMATION(#15038) 
SHAPE_REPRESENTATION_RELATIONSHIP() );
#15038 = ITEM_DEFINED_TRANSFORMATION('','',#11,#75);
#15039 = PRODUCT_DEFINITION_SHAPE('Placement','Placement of an item',
  #15040);
#15040 = NEXT_ASSEMBLY_USAGE_OCCURRENCE('27','C1','',#5,#15021,$);
#15041 = PRODUCT_RELATED_PRODUCT_CATEGORY('part',$,(#15023));
#15042 = SHAPE_DEFINITION_REPRESENTATION(#15043,#15049);
#15043 = PRODUCT_DEFINITION_SHAPE('','',#15044);
#15044 = PRODUCT_DEFINITION('design','',#15045,#15048);
#15045 = PRODUCT_DEFINITION_FORMATION('','',#15046);
#15046 = PRODUCT('C_1210_3225Metric','C_1210_3225Metric','',(#15047));
#15047 = PRODUCT_CONTEXT('',#2,'mechanical');
#15048 = PRODUCT_DEFINITION_CONTEXT('part definition',#2,'design');
#15049 = ADVANCED_BREP_SHAPE_REPRESENTATION('',(#11,#15050),#15904);
#15050 = MANIFOLD_SOLID_BREP('',#15051);
#15051 = CLOSED_SHELL('',(#15052,#15128,#15159,#15184,#15209,#15233,
    #15257,#15282,#15307,#15324,#15410,#15442,#15466,#15491,#15515,
    #15540,#15564,#15589,#15606,#15692,#15723,#15748,#15773,#15797,
    #15821,#15846,#15871,#15888));
#15052 = ADVANCED_FACE('',(#15053),#15123,.F.);
#15053 = FACE_BOUND('',#15054,.F.);
#15054 = EDGE_LOOP('',(#15055,#15065,#15074,#15082,#15091,#15099,#15108,
    #15116));
#15055 = ORIENTED_EDGE('',*,*,#15056,.F.);
#15056 = EDGE_CURVE('',#15057,#15059,#15061,.T.);
#15057 = VERTEX_POINT('',#15058);
#15058 = CARTESIAN_POINT('',(-1.6,-1.25,4.E-02));
#15059 = VERTEX_POINT('',#15060);
#15060 = CARTESIAN_POINT('',(-1.6,-1.25,2.46));
#15061 = LINE('',#15062,#15063);
#15062 = CARTESIAN_POINT('',(-1.6,-1.25,0.));
#15063 = VECTOR('',#15064,1.);
#15064 = DIRECTION('',(0.,0.,1.));
#15065 = ORIENTED_EDGE('',*,*,#15066,.T.);
#15066 = EDGE_CURVE('',#15057,#15067,#15069,.T.);
#15067 = VERTEX_POINT('',#15068);
#15068 = CARTESIAN_POINT('',(-1.6,-1.21,0.));
#15069 = CIRCLE('',#15070,4.E-02);
#15070 = AXIS2_PLACEMENT_3D('',#15071,#15072,#15073);
#15071 = CARTESIAN_POINT('',(-1.6,-1.21,4.E-02));
#15072 = DIRECTION('',(1.,0.,-0.));
#15073 = DIRECTION('',(0.,0.,1.));
#15074 = ORIENTED_EDGE('',*,*,#15075,.T.);
#15075 = EDGE_CURVE('',#15067,#15076,#15078,.T.);
#15076 = VERTEX_POINT('',#15077);
#15077 = CARTESIAN_POINT('',(-1.6,1.21,0.));
#15078 = LINE('',#15079,#15080);
#15079 = CARTESIAN_POINT('',(-1.6,-1.25,0.));
#15080 = VECTOR('',#15081,1.);
#15081 = DIRECTION('',(0.,1.,0.));
#15082 = ORIENTED_EDGE('',*,*,#15083,.F.);
#15083 = EDGE_CURVE('',#15084,#15076,#15086,.T.);
#15084 = VERTEX_POINT('',#15085);
#15085 = CARTESIAN_POINT('',(-1.6,1.25,4.E-02));
#15086 = CIRCLE('',#15087,4.E-02);
#15087 = AXIS2_PLACEMENT_3D('',#15088,#15089,#15090);
#15088 = CARTESIAN_POINT('',(-1.6,1.21,4.E-02));
#15089 = DIRECTION('',(-1.,0.,0.));
#15090 = DIRECTION('',(0.,0.,1.));
#15091 = ORIENTED_EDGE('',*,*,#15092,.T.);
#15092 = EDGE_CURVE('',#15084,#15093,#15095,.T.);
#15093 = VERTEX_POINT('',#15094);
#15094 = CARTESIAN_POINT('',(-1.6,1.25,2.46));
#15095 = LINE('',#15096,#15097);
#15096 = CARTESIAN_POINT('',(-1.6,1.25,0.));
#15097 = VECTOR('',#15098,1.);
#15098 = DIRECTION('',(0.,0.,1.));
#15099 = ORIENTED_EDGE('',*,*,#15100,.T.);
#15100 = EDGE_CURVE('',#15093,#15101,#15103,.T.);
#15101 = VERTEX_POINT('',#15102);
#15102 = CARTESIAN_POINT('',(-1.6,1.21,2.5));
#15103 = CIRCLE('',#15104,4.E-02);
#15104 = AXIS2_PLACEMENT_3D('',#15105,#15106,#15107);
#15105 = CARTESIAN_POINT('',(-1.6,1.21,2.46));
#15106 = DIRECTION('',(1.,0.,-0.));
#15107 = DIRECTION('',(0.,0.,1.));
#15108 = ORIENTED_EDGE('',*,*,#15109,.F.);
#15109 = EDGE_CURVE('',#15110,#15101,#15112,.T.);
#15110 = VERTEX_POINT('',#15111);
#15111 = CARTESIAN_POINT('',(-1.6,-1.21,2.5));
#15112 = LINE('',#15113,#15114);
#15113 = CARTESIAN_POINT('',(-1.6,-1.25,2.5));
#15114 = VECTOR('',#15115,1.);
#15115 = DIRECTION('',(0.,1.,0.));
#15116 = ORIENTED_EDGE('',*,*,#15117,.F.);
#15117 = EDGE_CURVE('',#15059,#15110,#15118,.T.);
#15118 = CIRCLE('',#15119,4.E-02);
#15119 = AXIS2_PLACEMENT_3D('',#15120,#15121,#15122);
#15120 = CARTESIAN_POINT('',(-1.6,-1.21,2.46));
#15121 = DIRECTION('',(-1.,0.,0.));
#15122 = DIRECTION('',(0.,0.,1.));
#15123 = PLANE('',#15124);
#15124 = AXIS2_PLACEMENT_3D('',#15125,#15126,#15127);
#15125 = CARTESIAN_POINT('',(-1.6,-1.25,0.));
#15126 = DIRECTION('',(1.,0.,0.));
#15127 = DIRECTION('',(0.,0.,1.));
#15128 = ADVANCED_FACE('',(#15129),#15154,.F.);
#15129 = FACE_BOUND('',#15130,.F.);
#15130 = EDGE_LOOP('',(#15131,#15141,#15147,#15148));
#15131 = ORIENTED_EDGE('',*,*,#15132,.F.);
#15132 = EDGE_CURVE('',#15133,#15135,#15137,.T.);
#15133 = VERTEX_POINT('',#15134);
#15134 = CARTESIAN_POINT('',(-1.2,-1.25,4.E-02));
#15135 = VERTEX_POINT('',#15136);
#15136 = CARTESIAN_POINT('',(-1.2,-1.25,2.46));
#15137 = LINE('',#15138,#15139);
#15138 = CARTESIAN_POINT('',(-1.2,-1.25,0.));
#15139 = VECTOR('',#15140,1.);
#15140 = DIRECTION('',(0.,0.,1.));
#15141 = ORIENTED_EDGE('',*,*,#15142,.F.);
#15142 = EDGE_CURVE('',#15057,#15133,#15143,.T.);
#15143 = LINE('',#15144,#15145);
#15144 = CARTESIAN_POINT('',(-1.6,-1.25,4.E-02));
#15145 = VECTOR('',#15146,1.);
#15146 = DIRECTION('',(1.,0.,0.));
#15147 = ORIENTED_EDGE('',*,*,#15056,.T.);
#15148 = ORIENTED_EDGE('',*,*,#15149,.T.);
#15149 = EDGE_CURVE('',#15059,#15135,#15150,.T.);
#15150 = LINE('',#15151,#15152);
#15151 = CARTESIAN_POINT('',(-1.6,-1.25,2.46));
#15152 = VECTOR('',#15153,1.);
#15153 = DIRECTION('',(1.,0.,0.));
#15154 = PLANE('',#15155);
#15155 = AXIS2_PLACEMENT_3D('',#15156,#15157,#15158);
#15156 = CARTESIAN_POINT('',(-1.6,-1.25,0.));
#15157 = DIRECTION('',(0.,1.,0.));
#15158 = DIRECTION('',(0.,-0.,1.));
#15159 = ADVANCED_FACE('',(#15160),#15179,.T.);
#15160 = FACE_BOUND('',#15161,.T.);
#15161 = EDGE_LOOP('',(#15162,#15163,#15171,#15178));
#15162 = ORIENTED_EDGE('',*,*,#15066,.T.);
#15163 = ORIENTED_EDGE('',*,*,#15164,.T.);
#15164 = EDGE_CURVE('',#15067,#15165,#15167,.T.);
#15165 = VERTEX_POINT('',#15166);
#15166 = CARTESIAN_POINT('',(-1.2,-1.21,0.));
#15167 = LINE('',#15168,#15169);
#15168 = CARTESIAN_POINT('',(-1.6,-1.21,0.));
#15169 = VECTOR('',#15170,1.);
#15170 = DIRECTION('',(1.,0.,0.));
#15171 = ORIENTED_EDGE('',*,*,#15172,.F.);
#15172 = EDGE_CURVE('',#15133,#15165,#15173,.T.);
#15173 = CIRCLE('',#15174,4.E-02);
#15174 = AXIS2_PLACEMENT_3D('',#15175,#15176,#15177);
#15175 = CARTESIAN_POINT('',(-1.2,-1.21,4.E-02));
#15176 = DIRECTION('',(1.,0.,-0.));
#15177 = DIRECTION('',(0.,0.,1.));
#15178 = ORIENTED_EDGE('',*,*,#15142,.F.);
#15179 = CYLINDRICAL_SURFACE('',#15180,4.E-02);
#15180 = AXIS2_PLACEMENT_3D('',#15181,#15182,#15183);
#15181 = CARTESIAN_POINT('',(-1.6,-1.21,4.E-02));
#15182 = DIRECTION('',(1.,0.,0.));
#15183 = DIRECTION('',(0.,-1.,0.));
#15184 = ADVANCED_FACE('',(#15185),#15204,.T.);
#15185 = FACE_BOUND('',#15186,.T.);
#15186 = EDGE_LOOP('',(#15187,#15188,#15197,#15203));
#15187 = ORIENTED_EDGE('',*,*,#15149,.T.);
#15188 = ORIENTED_EDGE('',*,*,#15189,.T.);
#15189 = EDGE_CURVE('',#15135,#15190,#15192,.T.);
#15190 = VERTEX_POINT('',#15191);
#15191 = CARTESIAN_POINT('',(-1.2,-1.21,2.5));
#15192 = CIRCLE('',#15193,4.E-02);
#15193 = AXIS2_PLACEMENT_3D('',#15194,#15195,#15196);
#15194 = CARTESIAN_POINT('',(-1.2,-1.21,2.46));
#15195 = DIRECTION('',(-1.,0.,0.));
#15196 = DIRECTION('',(0.,0.,1.));
#15197 = ORIENTED_EDGE('',*,*,#15198,.F.);
#15198 = EDGE_CURVE('',#15110,#15190,#15199,.T.);
#15199 = LINE('',#15200,#15201);
#15200 = CARTESIAN_POINT('',(-1.6,-1.21,2.5));
#15201 = VECTOR('',#15202,1.);
#15202 = DIRECTION('',(1.,0.,0.));
#15203 = ORIENTED_EDGE('',*,*,#15117,.F.);
#15204 = CYLINDRICAL_SURFACE('',#15205,4.E-02);
#15205 = AXIS2_PLACEMENT_3D('',#15206,#15207,#15208);
#15206 = CARTESIAN_POINT('',(-1.6,-1.21,2.46));
#15207 = DIRECTION('',(1.,0.,0.));
#15208 = DIRECTION('',(0.,-1.,0.));
#15209 = ADVANCED_FACE('',(#15210),#15228,.F.);
#15210 = FACE_BOUND('',#15211,.F.);
#15211 = EDGE_LOOP('',(#15212,#15213,#15214,#15222));
#15212 = ORIENTED_EDGE('',*,*,#15075,.F.);
#15213 = ORIENTED_EDGE('',*,*,#15164,.T.);
#15214 = ORIENTED_EDGE('',*,*,#15215,.T.);
#15215 = EDGE_CURVE('',#15165,#15216,#15218,.T.);
#15216 = VERTEX_POINT('',#15217);
#15217 = CARTESIAN_POINT('',(-1.2,1.21,0.));
#15218 = LINE('',#15219,#15220);
#15219 = CARTESIAN_POINT('',(-1.2,-1.25,0.));
#15220 = VECTOR('',#15221,1.);
#15221 = DIRECTION('',(0.,1.,0.));
#15222 = ORIENTED_EDGE('',*,*,#15223,.F.);
#15223 = EDGE_CURVE('',#15076,#15216,#15224,.T.);
#15224 = LINE('',#15225,#15226);
#15225 = CARTESIAN_POINT('',(-1.6,1.21,0.));
#15226 = VECTOR('',#15227,1.);
#15227 = DIRECTION('',(1.,0.,0.));
#15228 = PLANE('',#15229);
#15229 = AXIS2_PLACEMENT_3D('',#15230,#15231,#15232);
#15230 = CARTESIAN_POINT('',(-1.6,-1.25,0.));
#15231 = DIRECTION('',(0.,0.,1.));
#15232 = DIRECTION('',(1.,0.,-0.));
#15233 = ADVANCED_FACE('',(#15234),#15252,.T.);
#15234 = FACE_BOUND('',#15235,.T.);
#15235 = EDGE_LOOP('',(#15236,#15237,#15238,#15246));
#15236 = ORIENTED_EDGE('',*,*,#15109,.F.);
#15237 = ORIENTED_EDGE('',*,*,#15198,.T.);
#15238 = ORIENTED_EDGE('',*,*,#15239,.T.);
#15239 = EDGE_CURVE('',#15190,#15240,#15242,.T.);
#15240 = VERTEX_POINT('',#15241);
#15241 = CARTESIAN_POINT('',(-1.2,1.21,2.5));
#15242 = LINE('',#15243,#15244);
#15243 = CARTESIAN_POINT('',(-1.2,-1.25,2.5));
#15244 = VECTOR('',#15245,1.);
#15245 = DIRECTION('',(0.,1.,0.));
#15246 = ORIENTED_EDGE('',*,*,#15247,.F.);
#15247 = EDGE_CURVE('',#15101,#15240,#15248,.T.);
#15248 = LINE('',#15249,#15250);
#15249 = CARTESIAN_POINT('',(-1.6,1.21,2.5));
#15250 = VECTOR('',#15251,1.);
#15251 = DIRECTION('',(1.,0.,0.));
#15252 = PLANE('',#15253);
#15253 = AXIS2_PLACEMENT_3D('',#15254,#15255,#15256);
#15254 = CARTESIAN_POINT('',(-1.6,-1.25,2.5));
#15255 = DIRECTION('',(0.,0.,1.));
#15256 = DIRECTION('',(1.,0.,-0.));
#15257 = ADVANCED_FACE('',(#15258),#15277,.T.);
#15258 = FACE_BOUND('',#15259,.T.);
#15259 = EDGE_LOOP('',(#15260,#15268,#15275,#15276));
#15260 = ORIENTED_EDGE('',*,*,#15261,.T.);
#15261 = EDGE_CURVE('',#15084,#15262,#15264,.T.);
#15262 = VERTEX_POINT('',#15263);
#15263 = CARTESIAN_POINT('',(-1.2,1.25,4.E-02));
#15264 = LINE('',#15265,#15266);
#15265 = CARTESIAN_POINT('',(-1.6,1.25,4.E-02));
#15266 = VECTOR('',#15267,1.);
#15267 = DIRECTION('',(1.,0.,0.));
#15268 = ORIENTED_EDGE('',*,*,#15269,.T.);
#15269 = EDGE_CURVE('',#15262,#15216,#15270,.T.);
#15270 = CIRCLE('',#15271,4.E-02);
#15271 = AXIS2_PLACEMENT_3D('',#15272,#15273,#15274);
#15272 = CARTESIAN_POINT('',(-1.2,1.21,4.E-02));
#15273 = DIRECTION('',(-1.,0.,0.));
#15274 = DIRECTION('',(0.,0.,1.));
#15275 = ORIENTED_EDGE('',*,*,#15223,.F.);
#15276 = ORIENTED_EDGE('',*,*,#15083,.F.);
#15277 = CYLINDRICAL_SURFACE('',#15278,4.E-02);
#15278 = AXIS2_PLACEMENT_3D('',#15279,#15280,#15281);
#15279 = CARTESIAN_POINT('',(-1.6,1.21,4.E-02));
#15280 = DIRECTION('',(1.,0.,0.));
#15281 = DIRECTION('',(-0.,1.,0.));
#15282 = ADVANCED_FACE('',(#15283),#15302,.T.);
#15283 = FACE_BOUND('',#15284,.T.);
#15284 = EDGE_LOOP('',(#15285,#15286,#15287,#15296));
#15285 = ORIENTED_EDGE('',*,*,#15100,.T.);
#15286 = ORIENTED_EDGE('',*,*,#15247,.T.);
#15287 = ORIENTED_EDGE('',*,*,#15288,.F.);
#15288 = EDGE_CURVE('',#15289,#15240,#15291,.T.);
#15289 = VERTEX_POINT('',#15290);
#15290 = CARTESIAN_POINT('',(-1.2,1.25,2.46));
#15291 = CIRCLE('',#15292,4.E-02);
#15292 = AXIS2_PLACEMENT_3D('',#15293,#15294,#15295);
#15293 = CARTESIAN_POINT('',(-1.2,1.21,2.46));
#15294 = DIRECTION('',(1.,0.,-0.));
#15295 = DIRECTION('',(0.,0.,1.));
#15296 = ORIENTED_EDGE('',*,*,#15297,.F.);
#15297 = EDGE_CURVE('',#15093,#15289,#15298,.T.);
#15298 = LINE('',#15299,#15300);
#15299 = CARTESIAN_POINT('',(-1.6,1.25,2.46));
#15300 = VECTOR('',#15301,1.);
#15301 = DIRECTION('',(1.,0.,0.));
#15302 = CYLINDRICAL_SURFACE('',#15303,4.E-02);
#15303 = AXIS2_PLACEMENT_3D('',#15304,#15305,#15306);
#15304 = CARTESIAN_POINT('',(-1.6,1.21,2.46));
#15305 = DIRECTION('',(1.,0.,0.));
#15306 = DIRECTION('',(-0.,1.,0.));
#15307 = ADVANCED_FACE('',(#15308),#15319,.T.);
#15308 = FACE_BOUND('',#15309,.T.);
#15309 = EDGE_LOOP('',(#15310,#15316,#15317,#15318));
#15310 = ORIENTED_EDGE('',*,*,#15311,.F.);
#15311 = EDGE_CURVE('',#15262,#15289,#15312,.T.);
#15312 = LINE('',#15313,#15314);
#15313 = CARTESIAN_POINT('',(-1.2,1.25,0.));
#15314 = VECTOR('',#15315,1.);
#15315 = DIRECTION('',(0.,0.,1.));
#15316 = ORIENTED_EDGE('',*,*,#15261,.F.);
#15317 = ORIENTED_EDGE('',*,*,#15092,.T.);
#15318 = ORIENTED_EDGE('',*,*,#15297,.T.);
#15319 = PLANE('',#15320);
#15320 = AXIS2_PLACEMENT_3D('',#15321,#15322,#15323);
#15321 = CARTESIAN_POINT('',(-1.6,1.25,0.));
#15322 = DIRECTION('',(0.,1.,0.));
#15323 = DIRECTION('',(0.,-0.,1.));
#15324 = ADVANCED_FACE('',(#15325,#15335),#15405,.T.);
#15325 = FACE_BOUND('',#15326,.T.);
#15326 = EDGE_LOOP('',(#15327,#15328,#15329,#15330,#15331,#15332,#15333,
    #15334));
#15327 = ORIENTED_EDGE('',*,*,#15132,.F.);
#15328 = ORIENTED_EDGE('',*,*,#15172,.T.);
#15329 = ORIENTED_EDGE('',*,*,#15215,.T.);
#15330 = ORIENTED_EDGE('',*,*,#15269,.F.);
#15331 = ORIENTED_EDGE('',*,*,#15311,.T.);
#15332 = ORIENTED_EDGE('',*,*,#15288,.T.);
#15333 = ORIENTED_EDGE('',*,*,#15239,.F.);
#15334 = ORIENTED_EDGE('',*,*,#15189,.F.);
#15335 = FACE_BOUND('',#15336,.T.);
#15336 = EDGE_LOOP('',(#15337,#15348,#15356,#15365,#15373,#15382,#15390,
    #15399));
#15337 = ORIENTED_EDGE('',*,*,#15338,.F.);
#15338 = EDGE_CURVE('',#15339,#15341,#15343,.T.);
#15339 = VERTEX_POINT('',#15340);
#15340 = CARTESIAN_POINT('',(-1.2,-1.21,8.E-02));
#15341 = VERTEX_POINT('',#15342);
#15342 = CARTESIAN_POINT('',(-1.2,-1.17,4.E-02));
#15343 = CIRCLE('',#15344,4.E-02);
#15344 = AXIS2_PLACEMENT_3D('',#15345,#15346,#15347);
#15345 = CARTESIAN_POINT('',(-1.2,-1.17,8.E-02));
#15346 = DIRECTION('',(1.,0.,-0.));
#15347 = DIRECTION('',(0.,0.,1.));
#15348 = ORIENTED_EDGE('',*,*,#15349,.T.);
#15349 = EDGE_CURVE('',#15339,#15350,#15352,.T.);
#15350 = VERTEX_POINT('',#15351);
#15351 = CARTESIAN_POINT('',(-1.2,-1.21,2.42));
#15352 = LINE('',#15353,#15354);
#15353 = CARTESIAN_POINT('',(-1.2,-1.21,4.E-02));
#15354 = VECTOR('',#15355,1.);
#15355 = DIRECTION('',(0.,0.,1.));
#15356 = ORIENTED_EDGE('',*,*,#15357,.T.);
#15357 = EDGE_CURVE('',#15350,#15358,#15360,.T.);
#15358 = VERTEX_POINT('',#15359);
#15359 = CARTESIAN_POINT('',(-1.2,-1.17,2.46));
#15360 = CIRCLE('',#15361,4.E-02);
#15361 = AXIS2_PLACEMENT_3D('',#15362,#15363,#15364);
#15362 = CARTESIAN_POINT('',(-1.2,-1.17,2.42));
#15363 = DIRECTION('',(-1.,0.,0.));
#15364 = DIRECTION('',(0.,0.,1.));
#15365 = ORIENTED_EDGE('',*,*,#15366,.T.);
#15366 = EDGE_CURVE('',#15358,#15367,#15369,.T.);
#15367 = VERTEX_POINT('',#15368);
#15368 = CARTESIAN_POINT('',(-1.2,1.17,2.46));
#15369 = LINE('',#15370,#15371);
#15370 = CARTESIAN_POINT('',(-1.2,-1.21,2.46));
#15371 = VECTOR('',#15372,1.);
#15372 = DIRECTION('',(0.,1.,0.));
#15373 = ORIENTED_EDGE('',*,*,#15374,.F.);
#15374 = EDGE_CURVE('',#15375,#15367,#15377,.T.);
#15375 = VERTEX_POINT('',#15376);
#15376 = CARTESIAN_POINT('',(-1.2,1.21,2.42));
#15377 = CIRCLE('',#15378,4.E-02);
#15378 = AXIS2_PLACEMENT_3D('',#15379,#15380,#15381);
#15379 = CARTESIAN_POINT('',(-1.2,1.17,2.42));
#15380 = DIRECTION('',(1.,0.,-0.));
#15381 = DIRECTION('',(0.,0.,1.));
#15382 = ORIENTED_EDGE('',*,*,#15383,.F.);
#15383 = EDGE_CURVE('',#15384,#15375,#15386,.T.);
#15384 = VERTEX_POINT('',#15385);
#15385 = CARTESIAN_POINT('',(-1.2,1.21,8.E-02));
#15386 = LINE('',#15387,#15388);
#15387 = CARTESIAN_POINT('',(-1.2,1.21,4.E-02));
#15388 = VECTOR('',#15389,1.);
#15389 = DIRECTION('',(0.,0.,1.));
#15390 = ORIENTED_EDGE('',*,*,#15391,.T.);
#15391 = EDGE_CURVE('',#15384,#15392,#15394,.T.);
#15392 = VERTEX_POINT('',#15393);
#15393 = CARTESIAN_POINT('',(-1.2,1.17,4.E-02));
#15394 = CIRCLE('',#15395,4.E-02);
#15395 = AXIS2_PLACEMENT_3D('',#15396,#15397,#15398);
#15396 = CARTESIAN_POINT('',(-1.2,1.17,8.E-02));
#15397 = DIRECTION('',(-1.,0.,0.));
#15398 = DIRECTION('',(0.,0.,1.));
#15399 = ORIENTED_EDGE('',*,*,#15400,.F.);
#15400 = EDGE_CURVE('',#15341,#15392,#15401,.T.);
#15401 = LINE('',#15402,#15403);
#15402 = CARTESIAN_POINT('',(-1.2,-1.21,4.E-02));
#15403 = VECTOR('',#15404,1.);
#15404 = DIRECTION('',(0.,1.,0.));
#15405 = PLANE('',#15406);
#15406 = AXIS2_PLACEMENT_3D('',#15407,#15408,#15409);
#15407 = CARTESIAN_POINT('',(-1.2,-1.25,0.));
#15408 = DIRECTION('',(1.,0.,0.));
#15409 = DIRECTION('',(0.,0.,1.));
#15410 = ADVANCED_FACE('',(#15411),#15437,.T.);
#15411 = FACE_BOUND('',#15412,.T.);
#15412 = EDGE_LOOP('',(#15413,#15414,#15422,#15431));
#15413 = ORIENTED_EDGE('',*,*,#15338,.T.);
#15414 = ORIENTED_EDGE('',*,*,#15415,.T.);
#15415 = EDGE_CURVE('',#15341,#15416,#15418,.T.);
#15416 = VERTEX_POINT('',#15417);
#15417 = CARTESIAN_POINT('',(1.2,-1.17,4.E-02));
#15418 = LINE('',#15419,#15420);
#15419 = CARTESIAN_POINT('',(-1.2,-1.17,4.E-02));
#15420 = VECTOR('',#15421,1.);
#15421 = DIRECTION('',(1.,0.,0.));
#15422 = ORIENTED_EDGE('',*,*,#15423,.F.);
#15423 = EDGE_CURVE('',#15424,#15416,#15426,.T.);
#15424 = VERTEX_POINT('',#15425);
#15425 = CARTESIAN_POINT('',(1.2,-1.21,8.E-02));
#15426 = CIRCLE('',#15427,4.E-02);
#15427 = AXIS2_PLACEMENT_3D('',#15428,#15429,#15430);
#15428 = CARTESIAN_POINT('',(1.2,-1.17,8.E-02));
#15429 = DIRECTION('',(1.,0.,-0.));
#15430 = DIRECTION('',(0.,0.,1.));
#15431 = ORIENTED_EDGE('',*,*,#15432,.F.);
#15432 = EDGE_CURVE('',#15339,#15424,#15433,.T.);
#15433 = LINE('',#15434,#15435);
#15434 = CARTESIAN_POINT('',(-1.2,-1.21,8.E-02));
#15435 = VECTOR('',#15436,1.);
#15436 = DIRECTION('',(1.,0.,0.));
#15437 = CYLINDRICAL_SURFACE('',#15438,4.E-02);
#15438 = AXIS2_PLACEMENT_3D('',#15439,#15440,#15441);
#15439 = CARTESIAN_POINT('',(-1.2,-1.17,8.E-02));
#15440 = DIRECTION('',(1.,0.,0.));
#15441 = DIRECTION('',(0.,-1.,0.));
#15442 = ADVANCED_FACE('',(#15443),#15461,.F.);
#15443 = FACE_BOUND('',#15444,.F.);
#15444 = EDGE_LOOP('',(#15445,#15446,#15447,#15455));
#15445 = ORIENTED_EDGE('',*,*,#15400,.F.);
#15446 = ORIENTED_EDGE('',*,*,#15415,.T.);
#15447 = ORIENTED_EDGE('',*,*,#15448,.T.);
#15448 = EDGE_CURVE('',#15416,#15449,#15451,.T.);
#15449 = VERTEX_POINT('',#15450);
#15450 = CARTESIAN_POINT('',(1.2,1.17,4.E-02));
#15451 = LINE('',#15452,#15453);
#15452 = CARTESIAN_POINT('',(1.2,-1.21,4.E-02));
#15453 = VECTOR('',#15454,1.);
#15454 = DIRECTION('',(0.,1.,0.));
#15455 = ORIENTED_EDGE('',*,*,#15456,.F.);
#15456 = EDGE_CURVE('',#15392,#15449,#15457,.T.);
#15457 = LINE('',#15458,#15459);
#15458 = CARTESIAN_POINT('',(-1.2,1.17,4.E-02));
#15459 = VECTOR('',#15460,1.);
#15460 = DIRECTION('',(1.,0.,0.));
#15461 = PLANE('',#15462);
#15462 = AXIS2_PLACEMENT_3D('',#15463,#15464,#15465);
#15463 = CARTESIAN_POINT('',(-1.2,-1.21,4.E-02));
#15464 = DIRECTION('',(0.,0.,1.));
#15465 = DIRECTION('',(1.,0.,-0.));
#15466 = ADVANCED_FACE('',(#15467),#15486,.T.);
#15467 = FACE_BOUND('',#15468,.T.);
#15468 = EDGE_LOOP('',(#15469,#15477,#15484,#15485));
#15469 = ORIENTED_EDGE('',*,*,#15470,.T.);
#15470 = EDGE_CURVE('',#15384,#15471,#15473,.T.);
#15471 = VERTEX_POINT('',#15472);
#15472 = CARTESIAN_POINT('',(1.2,1.21,8.E-02));
#15473 = LINE('',#15474,#15475);
#15474 = CARTESIAN_POINT('',(-1.2,1.21,8.E-02));
#15475 = VECTOR('',#15476,1.);
#15476 = DIRECTION('',(1.,0.,0.));
#15477 = ORIENTED_EDGE('',*,*,#15478,.T.);
#15478 = EDGE_CURVE('',#15471,#15449,#15479,.T.);
#15479 = CIRCLE('',#15480,4.E-02);
#15480 = AXIS2_PLACEMENT_3D('',#15481,#15482,#15483);
#15481 = CARTESIAN_POINT('',(1.2,1.17,8.E-02));
#15482 = DIRECTION('',(-1.,0.,0.));
#15483 = DIRECTION('',(0.,0.,1.));
#15484 = ORIENTED_EDGE('',*,*,#15456,.F.);
#15485 = ORIENTED_EDGE('',*,*,#15391,.F.);
#15486 = CYLINDRICAL_SURFACE('',#15487,4.E-02);
#15487 = AXIS2_PLACEMENT_3D('',#15488,#15489,#15490);
#15488 = CARTESIAN_POINT('',(-1.2,1.17,8.E-02));
#15489 = DIRECTION('',(1.,0.,0.));
#15490 = DIRECTION('',(-0.,1.,0.));
#15491 = ADVANCED_FACE('',(#15492),#15510,.T.);
#15492 = FACE_BOUND('',#15493,.T.);
#15493 = EDGE_LOOP('',(#15494,#15502,#15503,#15504));
#15494 = ORIENTED_EDGE('',*,*,#15495,.F.);
#15495 = EDGE_CURVE('',#15471,#15496,#15498,.T.);
#15496 = VERTEX_POINT('',#15497);
#15497 = CARTESIAN_POINT('',(1.2,1.21,2.42));
#15498 = LINE('',#15499,#15500);
#15499 = CARTESIAN_POINT('',(1.2,1.21,4.E-02));
#15500 = VECTOR('',#15501,1.);
#15501 = DIRECTION('',(0.,0.,1.));
#15502 = ORIENTED_EDGE('',*,*,#15470,.F.);
#15503 = ORIENTED_EDGE('',*,*,#15383,.T.);
#15504 = ORIENTED_EDGE('',*,*,#15505,.T.);
#15505 = EDGE_CURVE('',#15375,#15496,#15506,.T.);
#15506 = LINE('',#15507,#15508);
#15507 = CARTESIAN_POINT('',(-1.2,1.21,2.42));
#15508 = VECTOR('',#15509,1.);
#15509 = DIRECTION('',(1.,0.,0.));
#15510 = PLANE('',#15511);
#15511 = AXIS2_PLACEMENT_3D('',#15512,#15513,#15514);
#15512 = CARTESIAN_POINT('',(-1.2,1.21,4.E-02));
#15513 = DIRECTION('',(0.,1.,0.));
#15514 = DIRECTION('',(0.,-0.,1.));
#15515 = ADVANCED_FACE('',(#15516),#15535,.T.);
#15516 = FACE_BOUND('',#15517,.T.);
#15517 = EDGE_LOOP('',(#15518,#15519,#15527,#15534));
#15518 = ORIENTED_EDGE('',*,*,#15374,.T.);
#15519 = ORIENTED_EDGE('',*,*,#15520,.T.);
#15520 = EDGE_CURVE('',#15367,#15521,#15523,.T.);
#15521 = VERTEX_POINT('',#15522);
#15522 = CARTESIAN_POINT('',(1.2,1.17,2.46));
#15523 = LINE('',#15524,#15525);
#15524 = CARTESIAN_POINT('',(-1.2,1.17,2.46));
#15525 = VECTOR('',#15526,1.);
#15526 = DIRECTION('',(1.,0.,0.));
#15527 = ORIENTED_EDGE('',*,*,#15528,.F.);
#15528 = EDGE_CURVE('',#15496,#15521,#15529,.T.);
#15529 = CIRCLE('',#15530,4.E-02);
#15530 = AXIS2_PLACEMENT_3D('',#15531,#15532,#15533);
#15531 = CARTESIAN_POINT('',(1.2,1.17,2.42));
#15532 = DIRECTION('',(1.,0.,-0.));
#15533 = DIRECTION('',(0.,0.,1.));
#15534 = ORIENTED_EDGE('',*,*,#15505,.F.);
#15535 = CYLINDRICAL_SURFACE('',#15536,4.E-02);
#15536 = AXIS2_PLACEMENT_3D('',#15537,#15538,#15539);
#15537 = CARTESIAN_POINT('',(-1.2,1.17,2.42));
#15538 = DIRECTION('',(1.,0.,0.));
#15539 = DIRECTION('',(-0.,1.,0.));
#15540 = ADVANCED_FACE('',(#15541),#15559,.T.);
#15541 = FACE_BOUND('',#15542,.T.);
#15542 = EDGE_LOOP('',(#15543,#15544,#15552,#15558));
#15543 = ORIENTED_EDGE('',*,*,#15366,.F.);
#15544 = ORIENTED_EDGE('',*,*,#15545,.T.);
#15545 = EDGE_CURVE('',#15358,#15546,#15548,.T.);
#15546 = VERTEX_POINT('',#15547);
#15547 = CARTESIAN_POINT('',(1.2,-1.17,2.46));
#15548 = LINE('',#15549,#15550);
#15549 = CARTESIAN_POINT('',(-1.2,-1.17,2.46));
#15550 = VECTOR('',#15551,1.);
#15551 = DIRECTION('',(1.,0.,0.));
#15552 = ORIENTED_EDGE('',*,*,#15553,.T.);
#15553 = EDGE_CURVE('',#15546,#15521,#15554,.T.);
#15554 = LINE('',#15555,#15556);
#15555 = CARTESIAN_POINT('',(1.2,-1.21,2.46));
#15556 = VECTOR('',#15557,1.);
#15557 = DIRECTION('',(0.,1.,0.));
#15558 = ORIENTED_EDGE('',*,*,#15520,.F.);
#15559 = PLANE('',#15560);
#15560 = AXIS2_PLACEMENT_3D('',#15561,#15562,#15563);
#15561 = CARTESIAN_POINT('',(-1.2,-1.21,2.46));
#15562 = DIRECTION('',(0.,0.,1.));
#15563 = DIRECTION('',(1.,0.,-0.));
#15564 = ADVANCED_FACE('',(#15565),#15584,.T.);
#15565 = FACE_BOUND('',#15566,.T.);
#15566 = EDGE_LOOP('',(#15567,#15575,#15582,#15583));
#15567 = ORIENTED_EDGE('',*,*,#15568,.T.);
#15568 = EDGE_CURVE('',#15350,#15569,#15571,.T.);
#15569 = VERTEX_POINT('',#15570);
#15570 = CARTESIAN_POINT('',(1.2,-1.21,2.42));
#15571 = LINE('',#15572,#15573);
#15572 = CARTESIAN_POINT('',(-1.2,-1.21,2.42));
#15573 = VECTOR('',#15574,1.);
#15574 = DIRECTION('',(1.,0.,0.));
#15575 = ORIENTED_EDGE('',*,*,#15576,.T.);
#15576 = EDGE_CURVE('',#15569,#15546,#15577,.T.);
#15577 = CIRCLE('',#15578,4.E-02);
#15578 = AXIS2_PLACEMENT_3D('',#15579,#15580,#15581);
#15579 = CARTESIAN_POINT('',(1.2,-1.17,2.42));
#15580 = DIRECTION('',(-1.,0.,0.));
#15581 = DIRECTION('',(0.,0.,1.));
#15582 = ORIENTED_EDGE('',*,*,#15545,.F.);
#15583 = ORIENTED_EDGE('',*,*,#15357,.F.);
#15584 = CYLINDRICAL_SURFACE('',#15585,4.E-02);
#15585 = AXIS2_PLACEMENT_3D('',#15586,#15587,#15588);
#15586 = CARTESIAN_POINT('',(-1.2,-1.17,2.42));
#15587 = DIRECTION('',(1.,0.,0.));
#15588 = DIRECTION('',(0.,-1.,0.));
#15589 = ADVANCED_FACE('',(#15590),#15601,.F.);
#15590 = FACE_BOUND('',#15591,.F.);
#15591 = EDGE_LOOP('',(#15592,#15598,#15599,#15600));
#15592 = ORIENTED_EDGE('',*,*,#15593,.F.);
#15593 = EDGE_CURVE('',#15424,#15569,#15594,.T.);
#15594 = LINE('',#15595,#15596);
#15595 = CARTESIAN_POINT('',(1.2,-1.21,4.E-02));
#15596 = VECTOR('',#15597,1.);
#15597 = DIRECTION('',(0.,0.,1.));
#15598 = ORIENTED_EDGE('',*,*,#15432,.F.);
#15599 = ORIENTED_EDGE('',*,*,#15349,.T.);
#15600 = ORIENTED_EDGE('',*,*,#15568,.T.);
#15601 = PLANE('',#15602);
#15602 = AXIS2_PLACEMENT_3D('',#15603,#15604,#15605);
#15603 = CARTESIAN_POINT('',(-1.2,-1.21,4.E-02));
#15604 = DIRECTION('',(0.,1.,0.));
#15605 = DIRECTION('',(0.,-0.,1.));
#15606 = ADVANCED_FACE('',(#15607,#15677),#15687,.F.);
#15607 = FACE_BOUND('',#15608,.F.);
#15608 = EDGE_LOOP('',(#15609,#15619,#15628,#15636,#15645,#15653,#15662,
    #15670));
#15609 = ORIENTED_EDGE('',*,*,#15610,.F.);
#15610 = EDGE_CURVE('',#15611,#15613,#15615,.T.);
#15611 = VERTEX_POINT('',#15612);
#15612 = CARTESIAN_POINT('',(1.2,-1.25,4.E-02));
#15613 = VERTEX_POINT('',#15614);
#15614 = CARTESIAN_POINT('',(1.2,-1.25,2.46));
#15615 = LINE('',#15616,#15617);
#15616 = CARTESIAN_POINT('',(1.2,-1.25,0.));
#15617 = VECTOR('',#15618,1.);
#15618 = DIRECTION('',(0.,0.,1.));
#15619 = ORIENTED_EDGE('',*,*,#15620,.T.);
#15620 = EDGE_CURVE('',#15611,#15621,#15623,.T.);
#15621 = VERTEX_POINT('',#15622);
#15622 = CARTESIAN_POINT('',(1.2,-1.21,0.));
#15623 = CIRCLE('',#15624,4.E-02);
#15624 = AXIS2_PLACEMENT_3D('',#15625,#15626,#15627);
#15625 = CARTESIAN_POINT('',(1.2,-1.21,4.E-02));
#15626 = DIRECTION('',(1.,0.,-0.));
#15627 = DIRECTION('',(0.,0.,1.));
#15628 = ORIENTED_EDGE('',*,*,#15629,.T.);
#15629 = EDGE_CURVE('',#15621,#15630,#15632,.T.);
#15630 = VERTEX_POINT('',#15631);
#15631 = CARTESIAN_POINT('',(1.2,1.21,0.));
#15632 = LINE('',#15633,#15634);
#15633 = CARTESIAN_POINT('',(1.2,-1.25,0.));
#15634 = VECTOR('',#15635,1.);
#15635 = DIRECTION('',(0.,1.,0.));
#15636 = ORIENTED_EDGE('',*,*,#15637,.F.);
#15637 = EDGE_CURVE('',#15638,#15630,#15640,.T.);
#15638 = VERTEX_POINT('',#15639);
#15639 = CARTESIAN_POINT('',(1.2,1.25,4.E-02));
#15640 = CIRCLE('',#15641,4.E-02);
#15641 = AXIS2_PLACEMENT_3D('',#15642,#15643,#15644);
#15642 = CARTESIAN_POINT('',(1.2,1.21,4.E-02));
#15643 = DIRECTION('',(-1.,0.,0.));
#15644 = DIRECTION('',(0.,0.,1.));
#15645 = ORIENTED_EDGE('',*,*,#15646,.T.);
#15646 = EDGE_CURVE('',#15638,#15647,#15649,.T.);
#15647 = VERTEX_POINT('',#15648);
#15648 = CARTESIAN_POINT('',(1.2,1.25,2.46));
#15649 = LINE('',#15650,#15651);
#15650 = CARTESIAN_POINT('',(1.2,1.25,0.));
#15651 = VECTOR('',#15652,1.);
#15652 = DIRECTION('',(0.,0.,1.));
#15653 = ORIENTED_EDGE('',*,*,#15654,.T.);
#15654 = EDGE_CURVE('',#15647,#15655,#15657,.T.);
#15655 = VERTEX_POINT('',#15656);
#15656 = CARTESIAN_POINT('',(1.2,1.21,2.5));
#15657 = CIRCLE('',#15658,4.E-02);
#15658 = AXIS2_PLACEMENT_3D('',#15659,#15660,#15661);
#15659 = CARTESIAN_POINT('',(1.2,1.21,2.46));
#15660 = DIRECTION('',(1.,0.,-0.));
#15661 = DIRECTION('',(0.,0.,1.));
#15662 = ORIENTED_EDGE('',*,*,#15663,.F.);
#15663 = EDGE_CURVE('',#15664,#15655,#15666,.T.);
#15664 = VERTEX_POINT('',#15665);
#15665 = CARTESIAN_POINT('',(1.2,-1.21,2.5));
#15666 = LINE('',#15667,#15668);
#15667 = CARTESIAN_POINT('',(1.2,-1.25,2.5));
#15668 = VECTOR('',#15669,1.);
#15669 = DIRECTION('',(0.,1.,0.));
#15670 = ORIENTED_EDGE('',*,*,#15671,.F.);
#15671 = EDGE_CURVE('',#15613,#15664,#15672,.T.);
#15672 = CIRCLE('',#15673,4.E-02);
#15673 = AXIS2_PLACEMENT_3D('',#15674,#15675,#15676);
#15674 = CARTESIAN_POINT('',(1.2,-1.21,2.46));
#15675 = DIRECTION('',(-1.,0.,0.));
#15676 = DIRECTION('',(0.,0.,1.));
#15677 = FACE_BOUND('',#15678,.F.);
#15678 = EDGE_LOOP('',(#15679,#15680,#15681,#15682,#15683,#15684,#15685,
    #15686));
#15679 = ORIENTED_EDGE('',*,*,#15423,.F.);
#15680 = ORIENTED_EDGE('',*,*,#15593,.T.);
#15681 = ORIENTED_EDGE('',*,*,#15576,.T.);
#15682 = ORIENTED_EDGE('',*,*,#15553,.T.);
#15683 = ORIENTED_EDGE('',*,*,#15528,.F.);
#15684 = ORIENTED_EDGE('',*,*,#15495,.F.);
#15685 = ORIENTED_EDGE('',*,*,#15478,.T.);
#15686 = ORIENTED_EDGE('',*,*,#15448,.F.);
#15687 = PLANE('',#15688);
#15688 = AXIS2_PLACEMENT_3D('',#15689,#15690,#15691);
#15689 = CARTESIAN_POINT('',(1.2,-1.25,0.));
#15690 = DIRECTION('',(1.,0.,0.));
#15691 = DIRECTION('',(0.,0.,1.));
#15692 = ADVANCED_FACE('',(#15693),#15718,.F.);
#15693 = FACE_BOUND('',#15694,.F.);
#15694 = EDGE_LOOP('',(#15695,#15705,#15711,#15712));
#15695 = ORIENTED_EDGE('',*,*,#15696,.F.);
#15696 = EDGE_CURVE('',#15697,#15699,#15701,.T.);
#15697 = VERTEX_POINT('',#15698);
#15698 = CARTESIAN_POINT('',(1.6,-1.25,4.E-02));
#15699 = VERTEX_POINT('',#15700);
#15700 = CARTESIAN_POINT('',(1.6,-1.25,2.46));
#15701 = LINE('',#15702,#15703);
#15702 = CARTESIAN_POINT('',(1.6,-1.25,0.));
#15703 = VECTOR('',#15704,1.);
#15704 = DIRECTION('',(0.,0.,1.));
#15705 = ORIENTED_EDGE('',*,*,#15706,.F.);
#15706 = EDGE_CURVE('',#15611,#15697,#15707,.T.);
#15707 = LINE('',#15708,#15709);
#15708 = CARTESIAN_POINT('',(1.2,-1.25,4.E-02));
#15709 = VECTOR('',#15710,1.);
#15710 = DIRECTION('',(1.,0.,0.));
#15711 = ORIENTED_EDGE('',*,*,#15610,.T.);
#15712 = ORIENTED_EDGE('',*,*,#15713,.T.);
#15713 = EDGE_CURVE('',#15613,#15699,#15714,.T.);
#15714 = LINE('',#15715,#15716);
#15715 = CARTESIAN_POINT('',(1.2,-1.25,2.46));
#15716 = VECTOR('',#15717,1.);
#15717 = DIRECTION('',(1.,0.,0.));
#15718 = PLANE('',#15719);
#15719 = AXIS2_PLACEMENT_3D('',#15720,#15721,#15722);
#15720 = CARTESIAN_POINT('',(1.2,-1.25,0.));
#15721 = DIRECTION('',(0.,1.,0.));
#15722 = DIRECTION('',(0.,-0.,1.));
#15723 = ADVANCED_FACE('',(#15724),#15743,.T.);
#15724 = FACE_BOUND('',#15725,.T.);
#15725 = EDGE_LOOP('',(#15726,#15727,#15735,#15742));
#15726 = ORIENTED_EDGE('',*,*,#15620,.T.);
#15727 = ORIENTED_EDGE('',*,*,#15728,.T.);
#15728 = EDGE_CURVE('',#15621,#15729,#15731,.T.);
#15729 = VERTEX_POINT('',#15730);
#15730 = CARTESIAN_POINT('',(1.6,-1.21,0.));
#15731 = LINE('',#15732,#15733);
#15732 = CARTESIAN_POINT('',(1.2,-1.21,0.));
#15733 = VECTOR('',#15734,1.);
#15734 = DIRECTION('',(1.,0.,0.));
#15735 = ORIENTED_EDGE('',*,*,#15736,.F.);
#15736 = EDGE_CURVE('',#15697,#15729,#15737,.T.);
#15737 = CIRCLE('',#15738,4.E-02);
#15738 = AXIS2_PLACEMENT_3D('',#15739,#15740,#15741);
#15739 = CARTESIAN_POINT('',(1.6,-1.21,4.E-02));
#15740 = DIRECTION('',(1.,0.,-0.));
#15741 = DIRECTION('',(0.,0.,1.));
#15742 = ORIENTED_EDGE('',*,*,#15706,.F.);
#15743 = CYLINDRICAL_SURFACE('',#15744,4.E-02);
#15744 = AXIS2_PLACEMENT_3D('',#15745,#15746,#15747);
#15745 = CARTESIAN_POINT('',(1.2,-1.21,4.E-02));
#15746 = DIRECTION('',(1.,0.,0.));
#15747 = DIRECTION('',(0.,-1.,0.));
#15748 = ADVANCED_FACE('',(#15749),#15768,.T.);
#15749 = FACE_BOUND('',#15750,.T.);
#15750 = EDGE_LOOP('',(#15751,#15752,#15761,#15767));
#15751 = ORIENTED_EDGE('',*,*,#15713,.T.);
#15752 = ORIENTED_EDGE('',*,*,#15753,.T.);
#15753 = EDGE_CURVE('',#15699,#15754,#15756,.T.);
#15754 = VERTEX_POINT('',#15755);
#15755 = CARTESIAN_POINT('',(1.6,-1.21,2.5));
#15756 = CIRCLE('',#15757,4.E-02);
#15757 = AXIS2_PLACEMENT_3D('',#15758,#15759,#15760);
#15758 = CARTESIAN_POINT('',(1.6,-1.21,2.46));
#15759 = DIRECTION('',(-1.,0.,0.));
#15760 = DIRECTION('',(0.,0.,1.));
#15761 = ORIENTED_EDGE('',*,*,#15762,.F.);
#15762 = EDGE_CURVE('',#15664,#15754,#15763,.T.);
#15763 = LINE('',#15764,#15765);
#15764 = CARTESIAN_POINT('',(1.2,-1.21,2.5));
#15765 = VECTOR('',#15766,1.);
#15766 = DIRECTION('',(1.,0.,0.));
#15767 = ORIENTED_EDGE('',*,*,#15671,.F.);
#15768 = CYLINDRICAL_SURFACE('',#15769,4.E-02);
#15769 = AXIS2_PLACEMENT_3D('',#15770,#15771,#15772);
#15770 = CARTESIAN_POINT('',(1.2,-1.21,2.46));
#15771 = DIRECTION('',(1.,0.,0.));
#15772 = DIRECTION('',(0.,-1.,0.));
#15773 = ADVANCED_FACE('',(#15774),#15792,.F.);
#15774 = FACE_BOUND('',#15775,.F.);
#15775 = EDGE_LOOP('',(#15776,#15777,#15778,#15786));
#15776 = ORIENTED_EDGE('',*,*,#15629,.F.);
#15777 = ORIENTED_EDGE('',*,*,#15728,.T.);
#15778 = ORIENTED_EDGE('',*,*,#15779,.T.);
#15779 = EDGE_CURVE('',#15729,#15780,#15782,.T.);
#15780 = VERTEX_POINT('',#15781);
#15781 = CARTESIAN_POINT('',(1.6,1.21,0.));
#15782 = LINE('',#15783,#15784);
#15783 = CARTESIAN_POINT('',(1.6,-1.25,0.));
#15784 = VECTOR('',#15785,1.);
#15785 = DIRECTION('',(0.,1.,0.));
#15786 = ORIENTED_EDGE('',*,*,#15787,.F.);
#15787 = EDGE_CURVE('',#15630,#15780,#15788,.T.);
#15788 = LINE('',#15789,#15790);
#15789 = CARTESIAN_POINT('',(1.2,1.21,0.));
#15790 = VECTOR('',#15791,1.);
#15791 = DIRECTION('',(1.,0.,0.));
#15792 = PLANE('',#15793);
#15793 = AXIS2_PLACEMENT_3D('',#15794,#15795,#15796);
#15794 = CARTESIAN_POINT('',(1.2,-1.25,0.));
#15795 = DIRECTION('',(0.,0.,1.));
#15796 = DIRECTION('',(1.,0.,-0.));
#15797 = ADVANCED_FACE('',(#15798),#15816,.T.);
#15798 = FACE_BOUND('',#15799,.T.);
#15799 = EDGE_LOOP('',(#15800,#15801,#15802,#15810));
#15800 = ORIENTED_EDGE('',*,*,#15663,.F.);
#15801 = ORIENTED_EDGE('',*,*,#15762,.T.);
#15802 = ORIENTED_EDGE('',*,*,#15803,.T.);
#15803 = EDGE_CURVE('',#15754,#15804,#15806,.T.);
#15804 = VERTEX_POINT('',#15805);
#15805 = CARTESIAN_POINT('',(1.6,1.21,2.5));
#15806 = LINE('',#15807,#15808);
#15807 = CARTESIAN_POINT('',(1.6,-1.25,2.5));
#15808 = VECTOR('',#15809,1.);
#15809 = DIRECTION('',(0.,1.,0.));
#15810 = ORIENTED_EDGE('',*,*,#15811,.F.);
#15811 = EDGE_CURVE('',#15655,#15804,#15812,.T.);
#15812 = LINE('',#15813,#15814);
#15813 = CARTESIAN_POINT('',(1.2,1.21,2.5));
#15814 = VECTOR('',#15815,1.);
#15815 = DIRECTION('',(1.,0.,0.));
#15816 = PLANE('',#15817);
#15817 = AXIS2_PLACEMENT_3D('',#15818,#15819,#15820);
#15818 = CARTESIAN_POINT('',(1.2,-1.25,2.5));
#15819 = DIRECTION('',(0.,0.,1.));
#15820 = DIRECTION('',(1.,0.,-0.));
#15821 = ADVANCED_FACE('',(#15822),#15841,.T.);
#15822 = FACE_BOUND('',#15823,.T.);
#15823 = EDGE_LOOP('',(#15824,#15832,#15839,#15840));
#15824 = ORIENTED_EDGE('',*,*,#15825,.T.);
#15825 = EDGE_CURVE('',#15638,#15826,#15828,.T.);
#15826 = VERTEX_POINT('',#15827);
#15827 = CARTESIAN_POINT('',(1.6,1.25,4.E-02));
#15828 = LINE('',#15829,#15830);
#15829 = CARTESIAN_POINT('',(1.2,1.25,4.E-02));
#15830 = VECTOR('',#15831,1.);
#15831 = DIRECTION('',(1.,0.,0.));
#15832 = ORIENTED_EDGE('',*,*,#15833,.T.);
#15833 = EDGE_CURVE('',#15826,#15780,#15834,.T.);
#15834 = CIRCLE('',#15835,4.E-02);
#15835 = AXIS2_PLACEMENT_3D('',#15836,#15837,#15838);
#15836 = CARTESIAN_POINT('',(1.6,1.21,4.E-02));
#15837 = DIRECTION('',(-1.,0.,0.));
#15838 = DIRECTION('',(0.,0.,1.));
#15839 = ORIENTED_EDGE('',*,*,#15787,.F.);
#15840 = ORIENTED_EDGE('',*,*,#15637,.F.);
#15841 = CYLINDRICAL_SURFACE('',#15842,4.E-02);
#15842 = AXIS2_PLACEMENT_3D('',#15843,#15844,#15845);
#15843 = CARTESIAN_POINT('',(1.2,1.21,4.E-02));
#15844 = DIRECTION('',(1.,0.,0.));
#15845 = DIRECTION('',(-0.,1.,0.));
#15846 = ADVANCED_FACE('',(#15847),#15866,.T.);
#15847 = FACE_BOUND('',#15848,.T.);
#15848 = EDGE_LOOP('',(#15849,#15850,#15851,#15860));
#15849 = ORIENTED_EDGE('',*,*,#15654,.T.);
#15850 = ORIENTED_EDGE('',*,*,#15811,.T.);
#15851 = ORIENTED_EDGE('',*,*,#15852,.F.);
#15852 = EDGE_CURVE('',#15853,#15804,#15855,.T.);
#15853 = VERTEX_POINT('',#15854);
#15854 = CARTESIAN_POINT('',(1.6,1.25,2.46));
#15855 = CIRCLE('',#15856,4.E-02);
#15856 = AXIS2_PLACEMENT_3D('',#15857,#15858,#15859);
#15857 = CARTESIAN_POINT('',(1.6,1.21,2.46));
#15858 = DIRECTION('',(1.,0.,-0.));
#15859 = DIRECTION('',(0.,0.,1.));
#15860 = ORIENTED_EDGE('',*,*,#15861,.F.);
#15861 = EDGE_CURVE('',#15647,#15853,#15862,.T.);
#15862 = LINE('',#15863,#15864);
#15863 = CARTESIAN_POINT('',(1.2,1.25,2.46));
#15864 = VECTOR('',#15865,1.);
#15865 = DIRECTION('',(1.,0.,0.));
#15866 = CYLINDRICAL_SURFACE('',#15867,4.E-02);
#15867 = AXIS2_PLACEMENT_3D('',#15868,#15869,#15870);
#15868 = CARTESIAN_POINT('',(1.2,1.21,2.46));
#15869 = DIRECTION('',(1.,0.,0.));
#15870 = DIRECTION('',(-0.,1.,0.));
#15871 = ADVANCED_FACE('',(#15872),#15883,.T.);
#15872 = FACE_BOUND('',#15873,.T.);
#15873 = EDGE_LOOP('',(#15874,#15880,#15881,#15882));
#15874 = ORIENTED_EDGE('',*,*,#15875,.F.);
#15875 = EDGE_CURVE('',#15826,#15853,#15876,.T.);
#15876 = LINE('',#15877,#15878);
#15877 = CARTESIAN_POINT('',(1.6,1.25,0.));
#15878 = VECTOR('',#15879,1.);
#15879 = DIRECTION('',(0.,0.,1.));
#15880 = ORIENTED_EDGE('',*,*,#15825,.F.);
#15881 = ORIENTED_EDGE('',*,*,#15646,.T.);
#15882 = ORIENTED_EDGE('',*,*,#15861,.T.);
#15883 = PLANE('',#15884);
#15884 = AXIS2_PLACEMENT_3D('',#15885,#15886,#15887);
#15885 = CARTESIAN_POINT('',(1.2,1.25,0.));
#15886 = DIRECTION('',(0.,1.,0.));
#15887 = DIRECTION('',(0.,-0.,1.));
#15888 = ADVANCED_FACE('',(#15889),#15899,.T.);
#15889 = FACE_BOUND('',#15890,.T.);
#15890 = EDGE_LOOP('',(#15891,#15892,#15893,#15894,#15895,#15896,#15897,
    #15898));
#15891 = ORIENTED_EDGE('',*,*,#15696,.F.);
#15892 = ORIENTED_EDGE('',*,*,#15736,.T.);
#15893 = ORIENTED_EDGE('',*,*,#15779,.T.);
#15894 = ORIENTED_EDGE('',*,*,#15833,.F.);
#15895 = ORIENTED_EDGE('',*,*,#15875,.T.);
#15896 = ORIENTED_EDGE('',*,*,#15852,.T.);
#15897 = ORIENTED_EDGE('',*,*,#15803,.F.);
#15898 = ORIENTED_EDGE('',*,*,#15753,.F.);
#15899 = PLANE('',#15900);
#15900 = AXIS2_PLACEMENT_3D('',#15901,#15902,#15903);
#15901 = CARTESIAN_POINT('',(1.6,-1.25,0.));
#15902 = DIRECTION('',(1.,0.,0.));
#15903 = DIRECTION('',(0.,0.,1.));
#15904 = ( GEOMETRIC_REPRESENTATION_CONTEXT(3) 
GLOBAL_UNCERTAINTY_ASSIGNED_CONTEXT((#15908)) 
GLOBAL_UNIT_ASSIGNED_CONTEXT((#15905,#15906,#15907)) 
REPRESENTATION_CONTEXT('Context #1',
  '3D Context with UNIT and UNCERTAINTY') );
#15905 = ( LENGTH_UNIT() NAMED_UNIT(*) SI_UNIT(.MILLI.,.METRE.) );
#15906 = ( NAMED_UNIT(*) PLANE_ANGLE_UNIT() SI_UNIT($,.RADIAN.) );
#15907 = ( NAMED_UNIT(*) SI_UNIT($,.STERADIAN.) SOLID_ANGLE_UNIT() );
#15908 = UNCERTAINTY_MEASURE_WITH_UNIT(LENGTH_MEASURE(1.E-07),#15905,
  'distance_accuracy_value','confusion accuracy');
#15909 = CONTEXT_DEPENDENT_SHAPE_REPRESENTATION(#15910,#15912);
#15910 = ( REPRESENTATION_RELATIONSHIP('','',#15049,#15026) 
REPRESENTATION_RELATIONSHIP_WITH_TRANSFORMATION(#15911) 
SHAPE_REPRESENTATION_RELATIONSHIP() );
#15911 = ITEM_DEFINED_TRANSFORMATION('','',#11,#15027);
#15912 = PRODUCT_DEFINITION_SHAPE('Placement','Placement of an item',
  #15913);
#15913 = NEXT_ASSEMBLY_USAGE_OCCURRENCE('26','=>[0:1:1:23]','',#15021,
  #15044,$);
#15914 = PRODUCT_RELATED_PRODUCT_CATEGORY('part',$,(#15046));
#15915 = CONTEXT_DEPENDENT_SHAPE_REPRESENTATION(#15916,#15918);
#15916 = ( REPRESENTATION_RELATIONSHIP('','',#12170,#10) 
REPRESENTATION_RELATIONSHIP_WITH_TRANSFORMATION(#15917) 
SHAPE_REPRESENTATION_RELATIONSHIP() );
#15917 = ITEM_DEFINED_TRANSFORMATION('','',#11,#79);
#15918 = PRODUCT_DEFINITION_SHAPE('Placement','Placement of an item',
  #15919);
#15919 = NEXT_ASSEMBLY_USAGE_OCCURRENCE('28','J4','',#5,#12165,$);
#15920 = CONTEXT_DEPENDENT_SHAPE_REPRESENTATION(#15921,#15923);
#15921 = ( REPRESENTATION_RELATIONSHIP('','',#772,#10) 
REPRESENTATION_RELATIONSHIP_WITH_TRANSFORMATION(#15922) 
SHAPE_REPRESENTATION_RELATIONSHIP() );
#15922 = ITEM_DEFINED_TRANSFORMATION('','',#11,#83);
#15923 = PRODUCT_DEFINITION_SHAPE('Placement','Placement of an item',
  #15924);
#15924 = NEXT_ASSEMBLY_USAGE_OCCURRENCE('29','C3','',#5,#767,$);
#15925 = SHAPE_DEFINITION_REPRESENTATION(#15926,#15932);
#15926 = PRODUCT_DEFINITION_SHAPE('','',#15927);
#15927 = PRODUCT_DEFINITION('design','',#15928,#15931);
#15928 = PRODUCT_DEFINITION_FORMATION('','',#15929);
#15929 = PRODUCT('airmon_PCB','airmon_PCB','',(#15930));
#15930 = PRODUCT_CONTEXT('',#2,'mechanical');
#15931 = PRODUCT_DEFINITION_CONTEXT('part definition',#2,'design');
#15932 = ADVANCED_BREP_SHAPE_REPRESENTATION('',(#11,#15933),#16515);
#15933 = MANIFOLD_SOLID_BREP('',#15934);
#15934 = CLOSED_SHELL('',(#15935,#15975,#16006,#16037,#16168,#16299,
    #16316,#16333,#16350,#16367,#16384,#16401,#16413,#16430,#16447,
    #16464,#16481,#16498));
#15935 = ADVANCED_FACE('',(#15936),#15970,.T.);
#15936 = FACE_BOUND('',#15937,.T.);
#15937 = EDGE_LOOP('',(#15938,#15948,#15956,#15964));
#15938 = ORIENTED_EDGE('',*,*,#15939,.T.);
#15939 = EDGE_CURVE('',#15940,#15942,#15944,.T.);
#15940 = VERTEX_POINT('',#15941);
#15941 = CARTESIAN_POINT('',(42.,-48.,0.));
#15942 = VERTEX_POINT('',#15943);
#15943 = CARTESIAN_POINT('',(42.,-48.,1.51));
#15944 = LINE('',#15945,#15946);
#15945 = CARTESIAN_POINT('',(42.,-48.,0.));
#15946 = VECTOR('',#15947,1.);
#15947 = DIRECTION('',(0.,0.,1.));
#15948 = ORIENTED_EDGE('',*,*,#15949,.T.);
#15949 = EDGE_CURVE('',#15942,#15950,#15952,.T.);
#15950 = VERTEX_POINT('',#15951);
#15951 = CARTESIAN_POINT('',(10.,-48.,1.51));
#15952 = LINE('',#15953,#15954);
#15953 = CARTESIAN_POINT('',(42.,-48.,1.51));
#15954 = VECTOR('',#15955,1.);
#15955 = DIRECTION('',(-1.,0.,0.));
#15956 = ORIENTED_EDGE('',*,*,#15957,.F.);
#15957 = EDGE_CURVE('',#15958,#15950,#15960,.T.);
#15958 = VERTEX_POINT('',#15959);
#15959 = CARTESIAN_POINT('',(10.,-48.,0.));
#15960 = LINE('',#15961,#15962);
#15961 = CARTESIAN_POINT('',(10.,-48.,0.));
#15962 = VECTOR('',#15963,1.);
#15963 = DIRECTION('',(0.,0.,1.));
#15964 = ORIENTED_EDGE('',*,*,#15965,.F.);
#15965 = EDGE_CURVE('',#15940,#15958,#15966,.T.);
#15966 = LINE('',#15967,#15968);
#15967 = CARTESIAN_POINT('',(42.,-48.,0.));
#15968 = VECTOR('',#15969,1.);
#15969 = DIRECTION('',(-1.,0.,0.));
#15970 = PLANE('',#15971);
#15971 = AXIS2_PLACEMENT_3D('',#15972,#15973,#15974);
#15972 = CARTESIAN_POINT('',(42.,-48.,0.));
#15973 = DIRECTION('',(0.,-1.,0.));
#15974 = DIRECTION('',(-1.,0.,0.));
#15975 = ADVANCED_FACE('',(#15976),#16001,.T.);
#15976 = FACE_BOUND('',#15977,.T.);
#15977 = EDGE_LOOP('',(#15978,#15988,#15994,#15995));
#15978 = ORIENTED_EDGE('',*,*,#15979,.T.);
#15979 = EDGE_CURVE('',#15980,#15982,#15984,.T.);
#15980 = VERTEX_POINT('',#15981);
#15981 = CARTESIAN_POINT('',(42.,-0.,0.));
#15982 = VERTEX_POINT('',#15983);
#15983 = CARTESIAN_POINT('',(42.,0.,1.51));
#15984 = LINE('',#15985,#15986);
#15985 = CARTESIAN_POINT('',(42.,-0.,0.));
#15986 = VECTOR('',#15987,1.);
#15987 = DIRECTION('',(0.,0.,1.));
#15988 = ORIENTED_EDGE('',*,*,#15989,.T.);
#15989 = EDGE_CURVE('',#15982,#15942,#15990,.T.);
#15990 = LINE('',#15991,#15992);
#15991 = CARTESIAN_POINT('',(42.,0.,1.51));
#15992 = VECTOR('',#15993,1.);
#15993 = DIRECTION('',(0.,-1.,0.));
#15994 = ORIENTED_EDGE('',*,*,#15939,.F.);
#15995 = ORIENTED_EDGE('',*,*,#15996,.F.);
#15996 = EDGE_CURVE('',#15980,#15940,#15997,.T.);
#15997 = LINE('',#15998,#15999);
#15998 = CARTESIAN_POINT('',(42.,-0.,0.));
#15999 = VECTOR('',#16000,1.);
#16000 = DIRECTION('',(0.,-1.,0.));
#16001 = PLANE('',#16002);
#16002 = AXIS2_PLACEMENT_3D('',#16003,#16004,#16005);
#16003 = CARTESIAN_POINT('',(42.,-0.,0.));
#16004 = DIRECTION('',(1.,0.,-0.));
#16005 = DIRECTION('',(0.,-1.,0.));
#16006 = ADVANCED_FACE('',(#16007),#16032,.T.);
#16007 = FACE_BOUND('',#16008,.T.);
#16008 = EDGE_LOOP('',(#16009,#16010,#16018,#16026));
#16009 = ORIENTED_EDGE('',*,*,#15957,.T.);
#16010 = ORIENTED_EDGE('',*,*,#16011,.T.);
#16011 = EDGE_CURVE('',#15950,#16012,#16014,.T.);
#16012 = VERTEX_POINT('',#16013);
#16013 = CARTESIAN_POINT('',(10.,-55.,1.51));
#16014 = LINE('',#16015,#16016);
#16015 = CARTESIAN_POINT('',(10.,-48.,1.51));
#16016 = VECTOR('',#16017,1.);
#16017 = DIRECTION('',(0.,-1.,0.));
#16018 = ORIENTED_EDGE('',*,*,#16019,.F.);
#16019 = EDGE_CURVE('',#16020,#16012,#16022,.T.);
#16020 = VERTEX_POINT('',#16021);
#16021 = CARTESIAN_POINT('',(10.,-55.,0.));
#16022 = LINE('',#16023,#16024);
#16023 = CARTESIAN_POINT('',(10.,-55.,0.));
#16024 = VECTOR('',#16025,1.);
#16025 = DIRECTION('',(0.,0.,1.));
#16026 = ORIENTED_EDGE('',*,*,#16027,.F.);
#16027 = EDGE_CURVE('',#15958,#16020,#16028,.T.);
#16028 = LINE('',#16029,#16030);
#16029 = CARTESIAN_POINT('',(10.,-48.,0.));
#16030 = VECTOR('',#16031,1.);
#16031 = DIRECTION('',(0.,-1.,0.));
#16032 = PLANE('',#16033);
#16033 = AXIS2_PLACEMENT_3D('',#16034,#16035,#16036);
#16034 = CARTESIAN_POINT('',(10.,-48.,0.));
#16035 = DIRECTION('',(1.,0.,-0.));
#16036 = DIRECTION('',(0.,-1.,0.));
#16037 = ADVANCED_FACE('',(#16038,#16097,#16108,#16119,#16130,#16141,
    #16152),#16163,.F.);
#16038 = FACE_BOUND('',#16039,.F.);
#16039 = EDGE_LOOP('',(#16040,#16041,#16042,#16050,#16058,#16066,#16074,
    #16082,#16090,#16096));
#16040 = ORIENTED_EDGE('',*,*,#15965,.F.);
#16041 = ORIENTED_EDGE('',*,*,#15996,.F.);
#16042 = ORIENTED_EDGE('',*,*,#16043,.F.);
#16043 = EDGE_CURVE('',#16044,#15980,#16046,.T.);
#16044 = VERTEX_POINT('',#16045);
#16045 = CARTESIAN_POINT('',(0.,-0.,0.));
#16046 = LINE('',#16047,#16048);
#16047 = CARTESIAN_POINT('',(0.,-0.,0.));
#16048 = VECTOR('',#16049,1.);
#16049 = DIRECTION('',(1.,0.,0.));
#16050 = ORIENTED_EDGE('',*,*,#16051,.F.);
#16051 = EDGE_CURVE('',#16052,#16044,#16054,.T.);
#16052 = VERTEX_POINT('',#16053);
#16053 = CARTESIAN_POINT('',(0.,-43.,0.));
#16054 = LINE('',#16055,#16056);
#16055 = CARTESIAN_POINT('',(0.,-43.,0.));
#16056 = VECTOR('',#16057,1.);
#16057 = DIRECTION('',(0.,1.,0.));
#16058 = ORIENTED_EDGE('',*,*,#16059,.F.);
#16059 = EDGE_CURVE('',#16060,#16052,#16062,.T.);
#16060 = VERTEX_POINT('',#16061);
#16061 = CARTESIAN_POINT('',(3.,-43.,0.));
#16062 = LINE('',#16063,#16064);
#16063 = CARTESIAN_POINT('',(3.,-43.,0.));
#16064 = VECTOR('',#16065,1.);
#16065 = DIRECTION('',(-1.,0.,0.));
#16066 = ORIENTED_EDGE('',*,*,#16067,.F.);
#16067 = EDGE_CURVE('',#16068,#16060,#16070,.T.);
#16068 = VERTEX_POINT('',#16069);
#16069 = CARTESIAN_POINT('',(3.,-48.,0.));
#16070 = LINE('',#16071,#16072);
#16071 = CARTESIAN_POINT('',(3.,-48.,0.));
#16072 = VECTOR('',#16073,1.);
#16073 = DIRECTION('',(0.,1.,0.));
#16074 = ORIENTED_EDGE('',*,*,#16075,.F.);
#16075 = EDGE_CURVE('',#16076,#16068,#16078,.T.);
#16076 = VERTEX_POINT('',#16077);
#16077 = CARTESIAN_POINT('',(0.,-48.,0.));
#16078 = LINE('',#16079,#16080);
#16079 = CARTESIAN_POINT('',(0.,-48.,0.));
#16080 = VECTOR('',#16081,1.);
#16081 = DIRECTION('',(1.,0.,0.));
#16082 = ORIENTED_EDGE('',*,*,#16083,.F.);
#16083 = EDGE_CURVE('',#16084,#16076,#16086,.T.);
#16084 = VERTEX_POINT('',#16085);
#16085 = CARTESIAN_POINT('',(0.,-55.,0.));
#16086 = LINE('',#16087,#16088);
#16087 = CARTESIAN_POINT('',(0.,-55.,0.));
#16088 = VECTOR('',#16089,1.);
#16089 = DIRECTION('',(0.,1.,0.));
#16090 = ORIENTED_EDGE('',*,*,#16091,.F.);
#16091 = EDGE_CURVE('',#16020,#16084,#16092,.T.);
#16092 = LINE('',#16093,#16094);
#16093 = CARTESIAN_POINT('',(10.,-55.,0.));
#16094 = VECTOR('',#16095,1.);
#16095 = DIRECTION('',(-1.,0.,0.));
#16096 = ORIENTED_EDGE('',*,*,#16027,.F.);
#16097 = FACE_BOUND('',#16098,.F.);
#16098 = EDGE_LOOP('',(#16099));
#16099 = ORIENTED_EDGE('',*,*,#16100,.T.);
#16100 = EDGE_CURVE('',#16101,#16101,#16103,.T.);
#16101 = VERTEX_POINT('',#16102);
#16102 = CARTESIAN_POINT('',(17.,-46.1,0.));
#16103 = CIRCLE('',#16104,1.1);
#16104 = AXIS2_PLACEMENT_3D('',#16105,#16106,#16107);
#16105 = CARTESIAN_POINT('',(17.,-45.,0.));
#16106 = DIRECTION('',(-0.,0.,-1.));
#16107 = DIRECTION('',(-0.,-1.,0.));
#16108 = FACE_BOUND('',#16109,.F.);
#16109 = EDGE_LOOP('',(#16110));
#16110 = ORIENTED_EDGE('',*,*,#16111,.T.);
#16111 = EDGE_CURVE('',#16112,#16112,#16114,.T.);
#16112 = VERTEX_POINT('',#16113);
#16113 = CARTESIAN_POINT('',(39.,-47.1,0.));
#16114 = CIRCLE('',#16115,1.1);
#16115 = AXIS2_PLACEMENT_3D('',#16116,#16117,#16118);
#16116 = CARTESIAN_POINT('',(39.,-46.,0.));
#16117 = DIRECTION('',(-0.,0.,-1.));
#16118 = DIRECTION('',(-0.,-1.,0.));
#16119 = FACE_BOUND('',#16120,.F.);
#16120 = EDGE_LOOP('',(#16121));
#16121 = ORIENTED_EDGE('',*,*,#16122,.T.);
#16122 = EDGE_CURVE('',#16123,#16123,#16125,.T.);
#16123 = VERTEX_POINT('',#16124);
#16124 = CARTESIAN_POINT('',(24.,-42.375,0.));
#16125 = CIRCLE('',#16126,0.375);
#16126 = AXIS2_PLACEMENT_3D('',#16127,#16128,#16129);
#16127 = CARTESIAN_POINT('',(24.,-42.,0.));
#16128 = DIRECTION('',(-0.,0.,-1.));
#16129 = DIRECTION('',(-0.,-1.,0.));
#16130 = FACE_BOUND('',#16131,.F.);
#16131 = EDGE_LOOP('',(#16132));
#16132 = ORIENTED_EDGE('',*,*,#16133,.T.);
#16133 = EDGE_CURVE('',#16134,#16134,#16136,.T.);
#16134 = VERTEX_POINT('',#16135);
#16135 = CARTESIAN_POINT('',(26.,-42.375,0.));
#16136 = CIRCLE('',#16137,0.375);
#16137 = AXIS2_PLACEMENT_3D('',#16138,#16139,#16140);
#16138 = CARTESIAN_POINT('',(26.,-42.,0.));
#16139 = DIRECTION('',(-0.,0.,-1.));
#16140 = DIRECTION('',(-0.,-1.,0.));
#16141 = FACE_BOUND('',#16142,.F.);
#16142 = EDGE_LOOP('',(#16143));
#16143 = ORIENTED_EDGE('',*,*,#16144,.T.);
#16144 = EDGE_CURVE('',#16145,#16145,#16147,.T.);
#16145 = VERTEX_POINT('',#16146);
#16146 = CARTESIAN_POINT('',(33.,-42.375,0.));
#16147 = CIRCLE('',#16148,0.375);
#16148 = AXIS2_PLACEMENT_3D('',#16149,#16150,#16151);
#16149 = CARTESIAN_POINT('',(33.,-42.,0.));
#16150 = DIRECTION('',(-0.,0.,-1.));
#16151 = DIRECTION('',(-0.,-1.,0.));
#16152 = FACE_BOUND('',#16153,.F.);
#16153 = EDGE_LOOP('',(#16154));
#16154 = ORIENTED_EDGE('',*,*,#16155,.T.);
#16155 = EDGE_CURVE('',#16156,#16156,#16158,.T.);
#16156 = VERTEX_POINT('',#16157);
#16157 = CARTESIAN_POINT('',(35.,-42.375,0.));
#16158 = CIRCLE('',#16159,0.375);
#16159 = AXIS2_PLACEMENT_3D('',#16160,#16161,#16162);
#16160 = CARTESIAN_POINT('',(35.,-42.,0.));
#16161 = DIRECTION('',(-0.,0.,-1.));
#16162 = DIRECTION('',(-0.,-1.,0.));
#16163 = PLANE('',#16164);
#16164 = AXIS2_PLACEMENT_3D('',#16165,#16166,#16167);
#16165 = CARTESIAN_POINT('',(0.,0.,0.));
#16166 = DIRECTION('',(0.,0.,1.));
#16167 = DIRECTION('',(1.,0.,-0.));
#16168 = ADVANCED_FACE('',(#16169,#16228,#16239,#16250,#16261,#16272,
    #16283),#16294,.T.);
#16169 = FACE_BOUND('',#16170,.T.);
#16170 = EDGE_LOOP('',(#16171,#16172,#16173,#16181,#16189,#16197,#16205,
    #16213,#16221,#16227));
#16171 = ORIENTED_EDGE('',*,*,#15949,.F.);
#16172 = ORIENTED_EDGE('',*,*,#15989,.F.);
#16173 = ORIENTED_EDGE('',*,*,#16174,.F.);
#16174 = EDGE_CURVE('',#16175,#15982,#16177,.T.);
#16175 = VERTEX_POINT('',#16176);
#16176 = CARTESIAN_POINT('',(0.,0.,1.51));
#16177 = LINE('',#16178,#16179);
#16178 = CARTESIAN_POINT('',(0.,0.,1.51));
#16179 = VECTOR('',#16180,1.);
#16180 = DIRECTION('',(1.,0.,0.));
#16181 = ORIENTED_EDGE('',*,*,#16182,.F.);
#16182 = EDGE_CURVE('',#16183,#16175,#16185,.T.);
#16183 = VERTEX_POINT('',#16184);
#16184 = CARTESIAN_POINT('',(0.,-43.,1.51));
#16185 = LINE('',#16186,#16187);
#16186 = CARTESIAN_POINT('',(0.,-43.,1.51));
#16187 = VECTOR('',#16188,1.);
#16188 = DIRECTION('',(0.,1.,0.));
#16189 = ORIENTED_EDGE('',*,*,#16190,.F.);
#16190 = EDGE_CURVE('',#16191,#16183,#16193,.T.);
#16191 = VERTEX_POINT('',#16192);
#16192 = CARTESIAN_POINT('',(3.,-43.,1.51));
#16193 = LINE('',#16194,#16195);
#16194 = CARTESIAN_POINT('',(3.,-43.,1.51));
#16195 = VECTOR('',#16196,1.);
#16196 = DIRECTION('',(-1.,0.,0.));
#16197 = ORIENTED_EDGE('',*,*,#16198,.F.);
#16198 = EDGE_CURVE('',#16199,#16191,#16201,.T.);
#16199 = VERTEX_POINT('',#16200);
#16200 = CARTESIAN_POINT('',(3.,-48.,1.51));
#16201 = LINE('',#16202,#16203);
#16202 = CARTESIAN_POINT('',(3.,-48.,1.51));
#16203 = VECTOR('',#16204,1.);
#16204 = DIRECTION('',(0.,1.,0.));
#16205 = ORIENTED_EDGE('',*,*,#16206,.F.);
#16206 = EDGE_CURVE('',#16207,#16199,#16209,.T.);
#16207 = VERTEX_POINT('',#16208);
#16208 = CARTESIAN_POINT('',(0.,-48.,1.51));
#16209 = LINE('',#16210,#16211);
#16210 = CARTESIAN_POINT('',(0.,-48.,1.51));
#16211 = VECTOR('',#16212,1.);
#16212 = DIRECTION('',(1.,0.,0.));
#16213 = ORIENTED_EDGE('',*,*,#16214,.F.);
#16214 = EDGE_CURVE('',#16215,#16207,#16217,.T.);
#16215 = VERTEX_POINT('',#16216);
#16216 = CARTESIAN_POINT('',(0.,-55.,1.51));
#16217 = LINE('',#16218,#16219);
#16218 = CARTESIAN_POINT('',(0.,-55.,1.51));
#16219 = VECTOR('',#16220,1.);
#16220 = DIRECTION('',(0.,1.,0.));
#16221 = ORIENTED_EDGE('',*,*,#16222,.F.);
#16222 = EDGE_CURVE('',#16012,#16215,#16223,.T.);
#16223 = LINE('',#16224,#16225);
#16224 = CARTESIAN_POINT('',(10.,-55.,1.51));
#16225 = VECTOR('',#16226,1.);
#16226 = DIRECTION('',(-1.,0.,0.));
#16227 = ORIENTED_EDGE('',*,*,#16011,.F.);
#16228 = FACE_BOUND('',#16229,.T.);
#16229 = EDGE_LOOP('',(#16230));
#16230 = ORIENTED_EDGE('',*,*,#16231,.T.);
#16231 = EDGE_CURVE('',#16232,#16232,#16234,.T.);
#16232 = VERTEX_POINT('',#16233);
#16233 = CARTESIAN_POINT('',(17.,-46.1,1.51));
#16234 = CIRCLE('',#16235,1.1);
#16235 = AXIS2_PLACEMENT_3D('',#16236,#16237,#16238);
#16236 = CARTESIAN_POINT('',(17.,-45.,1.51));
#16237 = DIRECTION('',(-0.,0.,-1.));
#16238 = DIRECTION('',(-0.,-1.,0.));
#16239 = FACE_BOUND('',#16240,.T.);
#16240 = EDGE_LOOP('',(#16241));
#16241 = ORIENTED_EDGE('',*,*,#16242,.T.);
#16242 = EDGE_CURVE('',#16243,#16243,#16245,.T.);
#16243 = VERTEX_POINT('',#16244);
#16244 = CARTESIAN_POINT('',(39.,-47.1,1.51));
#16245 = CIRCLE('',#16246,1.1);
#16246 = AXIS2_PLACEMENT_3D('',#16247,#16248,#16249);
#16247 = CARTESIAN_POINT('',(39.,-46.,1.51));
#16248 = DIRECTION('',(-0.,0.,-1.));
#16249 = DIRECTION('',(-0.,-1.,0.));
#16250 = FACE_BOUND('',#16251,.T.);
#16251 = EDGE_LOOP('',(#16252));
#16252 = ORIENTED_EDGE('',*,*,#16253,.T.);
#16253 = EDGE_CURVE('',#16254,#16254,#16256,.T.);
#16254 = VERTEX_POINT('',#16255);
#16255 = CARTESIAN_POINT('',(24.,-42.375,1.51));
#16256 = CIRCLE('',#16257,0.375);
#16257 = AXIS2_PLACEMENT_3D('',#16258,#16259,#16260);
#16258 = CARTESIAN_POINT('',(24.,-42.,1.51));
#16259 = DIRECTION('',(-0.,0.,-1.));
#16260 = DIRECTION('',(-0.,-1.,0.));
#16261 = FACE_BOUND('',#16262,.T.);
#16262 = EDGE_LOOP('',(#16263));
#16263 = ORIENTED_EDGE('',*,*,#16264,.T.);
#16264 = EDGE_CURVE('',#16265,#16265,#16267,.T.);
#16265 = VERTEX_POINT('',#16266);
#16266 = CARTESIAN_POINT('',(26.,-42.375,1.51));
#16267 = CIRCLE('',#16268,0.375);
#16268 = AXIS2_PLACEMENT_3D('',#16269,#16270,#16271);
#16269 = CARTESIAN_POINT('',(26.,-42.,1.51));
#16270 = DIRECTION('',(-0.,0.,-1.));
#16271 = DIRECTION('',(-0.,-1.,0.));
#16272 = FACE_BOUND('',#16273,.T.);
#16273 = EDGE_LOOP('',(#16274));
#16274 = ORIENTED_EDGE('',*,*,#16275,.T.);
#16275 = EDGE_CURVE('',#16276,#16276,#16278,.T.);
#16276 = VERTEX_POINT('',#16277);
#16277 = CARTESIAN_POINT('',(33.,-42.375,1.51));
#16278 = CIRCLE('',#16279,0.375);
#16279 = AXIS2_PLACEMENT_3D('',#16280,#16281,#16282);
#16280 = CARTESIAN_POINT('',(33.,-42.,1.51));
#16281 = DIRECTION('',(-0.,0.,-1.));
#16282 = DIRECTION('',(-0.,-1.,0.));
#16283 = FACE_BOUND('',#16284,.T.);
#16284 = EDGE_LOOP('',(#16285));
#16285 = ORIENTED_EDGE('',*,*,#16286,.T.);
#16286 = EDGE_CURVE('',#16287,#16287,#16289,.T.);
#16287 = VERTEX_POINT('',#16288);
#16288 = CARTESIAN_POINT('',(35.,-42.375,1.51));
#16289 = CIRCLE('',#16290,0.375);
#16290 = AXIS2_PLACEMENT_3D('',#16291,#16292,#16293);
#16291 = CARTESIAN_POINT('',(35.,-42.,1.51));
#16292 = DIRECTION('',(-0.,0.,-1.));
#16293 = DIRECTION('',(-0.,-1.,0.));
#16294 = PLANE('',#16295);
#16295 = AXIS2_PLACEMENT_3D('',#16296,#16297,#16298);
#16296 = CARTESIAN_POINT('',(0.,0.,1.51));
#16297 = DIRECTION('',(0.,0.,1.));
#16298 = DIRECTION('',(1.,0.,-0.));
#16299 = ADVANCED_FACE('',(#16300),#16311,.T.);
#16300 = FACE_BOUND('',#16301,.T.);
#16301 = EDGE_LOOP('',(#16302,#16308,#16309,#16310));
#16302 = ORIENTED_EDGE('',*,*,#16303,.T.);
#16303 = EDGE_CURVE('',#16044,#16175,#16304,.T.);
#16304 = LINE('',#16305,#16306);
#16305 = CARTESIAN_POINT('',(0.,-0.,0.));
#16306 = VECTOR('',#16307,1.);
#16307 = DIRECTION('',(0.,0.,1.));
#16308 = ORIENTED_EDGE('',*,*,#16174,.T.);
#16309 = ORIENTED_EDGE('',*,*,#15979,.F.);
#16310 = ORIENTED_EDGE('',*,*,#16043,.F.);
#16311 = PLANE('',#16312);
#16312 = AXIS2_PLACEMENT_3D('',#16313,#16314,#16315);
#16313 = CARTESIAN_POINT('',(0.,0.,0.));
#16314 = DIRECTION('',(0.,1.,0.));
#16315 = DIRECTION('',(1.,0.,0.));
#16316 = ADVANCED_FACE('',(#16317),#16328,.T.);
#16317 = FACE_BOUND('',#16318,.T.);
#16318 = EDGE_LOOP('',(#16319,#16320,#16321,#16327));
#16319 = ORIENTED_EDGE('',*,*,#16019,.T.);
#16320 = ORIENTED_EDGE('',*,*,#16222,.T.);
#16321 = ORIENTED_EDGE('',*,*,#16322,.F.);
#16322 = EDGE_CURVE('',#16084,#16215,#16323,.T.);
#16323 = LINE('',#16324,#16325);
#16324 = CARTESIAN_POINT('',(0.,-55.,0.));
#16325 = VECTOR('',#16326,1.);
#16326 = DIRECTION('',(0.,0.,1.));
#16327 = ORIENTED_EDGE('',*,*,#16091,.F.);
#16328 = PLANE('',#16329);
#16329 = AXIS2_PLACEMENT_3D('',#16330,#16331,#16332);
#16330 = CARTESIAN_POINT('',(10.,-55.,0.));
#16331 = DIRECTION('',(0.,-1.,0.));
#16332 = DIRECTION('',(-1.,0.,0.));
#16333 = ADVANCED_FACE('',(#16334),#16345,.T.);
#16334 = FACE_BOUND('',#16335,.T.);
#16335 = EDGE_LOOP('',(#16336,#16342,#16343,#16344));
#16336 = ORIENTED_EDGE('',*,*,#16337,.T.);
#16337 = EDGE_CURVE('',#16052,#16183,#16338,.T.);
#16338 = LINE('',#16339,#16340);
#16339 = CARTESIAN_POINT('',(0.,-43.,0.));
#16340 = VECTOR('',#16341,1.);
#16341 = DIRECTION('',(0.,0.,1.));
#16342 = ORIENTED_EDGE('',*,*,#16182,.T.);
#16343 = ORIENTED_EDGE('',*,*,#16303,.F.);
#16344 = ORIENTED_EDGE('',*,*,#16051,.F.);
#16345 = PLANE('',#16346);
#16346 = AXIS2_PLACEMENT_3D('',#16347,#16348,#16349);
#16347 = CARTESIAN_POINT('',(0.,-43.,0.));
#16348 = DIRECTION('',(-1.,0.,0.));
#16349 = DIRECTION('',(0.,1.,0.));
#16350 = ADVANCED_FACE('',(#16351),#16362,.T.);
#16351 = FACE_BOUND('',#16352,.T.);
#16352 = EDGE_LOOP('',(#16353,#16354,#16355,#16361));
#16353 = ORIENTED_EDGE('',*,*,#16322,.T.);
#16354 = ORIENTED_EDGE('',*,*,#16214,.T.);
#16355 = ORIENTED_EDGE('',*,*,#16356,.F.);
#16356 = EDGE_CURVE('',#16076,#16207,#16357,.T.);
#16357 = LINE('',#16358,#16359);
#16358 = CARTESIAN_POINT('',(0.,-48.,0.));
#16359 = VECTOR('',#16360,1.);
#16360 = DIRECTION('',(0.,0.,1.));
#16361 = ORIENTED_EDGE('',*,*,#16083,.F.);
#16362 = PLANE('',#16363);
#16363 = AXIS2_PLACEMENT_3D('',#16364,#16365,#16366);
#16364 = CARTESIAN_POINT('',(0.,-55.,0.));
#16365 = DIRECTION('',(-1.,0.,0.));
#16366 = DIRECTION('',(0.,1.,0.));
#16367 = ADVANCED_FACE('',(#16368),#16379,.T.);
#16368 = FACE_BOUND('',#16369,.T.);
#16369 = EDGE_LOOP('',(#16370,#16376,#16377,#16378));
#16370 = ORIENTED_EDGE('',*,*,#16371,.T.);
#16371 = EDGE_CURVE('',#16060,#16191,#16372,.T.);
#16372 = LINE('',#16373,#16374);
#16373 = CARTESIAN_POINT('',(3.,-43.,0.));
#16374 = VECTOR('',#16375,1.);
#16375 = DIRECTION('',(0.,0.,1.));
#16376 = ORIENTED_EDGE('',*,*,#16190,.T.);
#16377 = ORIENTED_EDGE('',*,*,#16337,.F.);
#16378 = ORIENTED_EDGE('',*,*,#16059,.F.);
#16379 = PLANE('',#16380);
#16380 = AXIS2_PLACEMENT_3D('',#16381,#16382,#16383);
#16381 = CARTESIAN_POINT('',(3.,-43.,0.));
#16382 = DIRECTION('',(0.,-1.,0.));
#16383 = DIRECTION('',(-1.,0.,0.));
#16384 = ADVANCED_FACE('',(#16385),#16396,.T.);
#16385 = FACE_BOUND('',#16386,.T.);
#16386 = EDGE_LOOP('',(#16387,#16388,#16389,#16395));
#16387 = ORIENTED_EDGE('',*,*,#16356,.T.);
#16388 = ORIENTED_EDGE('',*,*,#16206,.T.);
#16389 = ORIENTED_EDGE('',*,*,#16390,.F.);
#16390 = EDGE_CURVE('',#16068,#16199,#16391,.T.);
#16391 = LINE('',#16392,#16393);
#16392 = CARTESIAN_POINT('',(3.,-48.,0.));
#16393 = VECTOR('',#16394,1.);
#16394 = DIRECTION('',(0.,0.,1.));
#16395 = ORIENTED_EDGE('',*,*,#16075,.F.);
#16396 = PLANE('',#16397);
#16397 = AXIS2_PLACEMENT_3D('',#16398,#16399,#16400);
#16398 = CARTESIAN_POINT('',(0.,-48.,0.));
#16399 = DIRECTION('',(0.,1.,0.));
#16400 = DIRECTION('',(1.,0.,0.));
#16401 = ADVANCED_FACE('',(#16402),#16408,.T.);
#16402 = FACE_BOUND('',#16403,.T.);
#16403 = EDGE_LOOP('',(#16404,#16405,#16406,#16407));
#16404 = ORIENTED_EDGE('',*,*,#16390,.T.);
#16405 = ORIENTED_EDGE('',*,*,#16198,.T.);
#16406 = ORIENTED_EDGE('',*,*,#16371,.F.);
#16407 = ORIENTED_EDGE('',*,*,#16067,.F.);
#16408 = PLANE('',#16409);
#16409 = AXIS2_PLACEMENT_3D('',#16410,#16411,#16412);
#16410 = CARTESIAN_POINT('',(3.,-48.,0.));
#16411 = DIRECTION('',(-1.,0.,0.));
#16412 = DIRECTION('',(0.,1.,0.));
#16413 = ADVANCED_FACE('',(#16414),#16425,.F.);
#16414 = FACE_BOUND('',#16415,.T.);
#16415 = EDGE_LOOP('',(#16416,#16417,#16423,#16424));
#16416 = ORIENTED_EDGE('',*,*,#16100,.T.);
#16417 = ORIENTED_EDGE('',*,*,#16418,.T.);
#16418 = EDGE_CURVE('',#16101,#16232,#16419,.T.);
#16419 = LINE('',#16420,#16421);
#16420 = CARTESIAN_POINT('',(17.,-46.1,-4.6E-02));
#16421 = VECTOR('',#16422,1.);
#16422 = DIRECTION('',(0.,0.,1.));
#16423 = ORIENTED_EDGE('',*,*,#16231,.F.);
#16424 = ORIENTED_EDGE('',*,*,#16418,.F.);
#16425 = CYLINDRICAL_SURFACE('',#16426,1.1);
#16426 = AXIS2_PLACEMENT_3D('',#16427,#16428,#16429);
#16427 = CARTESIAN_POINT('',(17.,-45.,-4.6E-02));
#16428 = DIRECTION('',(-0.,-0.,-1.));
#16429 = DIRECTION('',(-0.,-1.,0.));
#16430 = ADVANCED_FACE('',(#16431),#16442,.F.);
#16431 = FACE_BOUND('',#16432,.T.);
#16432 = EDGE_LOOP('',(#16433,#16434,#16440,#16441));
#16433 = ORIENTED_EDGE('',*,*,#16111,.T.);
#16434 = ORIENTED_EDGE('',*,*,#16435,.T.);
#16435 = EDGE_CURVE('',#16112,#16243,#16436,.T.);
#16436 = LINE('',#16437,#16438);
#16437 = CARTESIAN_POINT('',(39.,-47.1,-4.6E-02));
#16438 = VECTOR('',#16439,1.);
#16439 = DIRECTION('',(0.,0.,1.));
#16440 = ORIENTED_EDGE('',*,*,#16242,.F.);
#16441 = ORIENTED_EDGE('',*,*,#16435,.F.);
#16442 = CYLINDRICAL_SURFACE('',#16443,1.1);
#16443 = AXIS2_PLACEMENT_3D('',#16444,#16445,#16446);
#16444 = CARTESIAN_POINT('',(39.,-46.,-4.6E-02));
#16445 = DIRECTION('',(-0.,-0.,-1.));
#16446 = DIRECTION('',(-0.,-1.,0.));
#16447 = ADVANCED_FACE('',(#16448),#16459,.F.);
#16448 = FACE_BOUND('',#16449,.T.);
#16449 = EDGE_LOOP('',(#16450,#16451,#16457,#16458));
#16450 = ORIENTED_EDGE('',*,*,#16122,.T.);
#16451 = ORIENTED_EDGE('',*,*,#16452,.T.);
#16452 = EDGE_CURVE('',#16123,#16254,#16453,.T.);
#16453 = LINE('',#16454,#16455);
#16454 = CARTESIAN_POINT('',(24.,-42.375,-4.6E-02));
#16455 = VECTOR('',#16456,1.);
#16456 = DIRECTION('',(0.,0.,1.));
#16457 = ORIENTED_EDGE('',*,*,#16253,.F.);
#16458 = ORIENTED_EDGE('',*,*,#16452,.F.);
#16459 = CYLINDRICAL_SURFACE('',#16460,0.375);
#16460 = AXIS2_PLACEMENT_3D('',#16461,#16462,#16463);
#16461 = CARTESIAN_POINT('',(24.,-42.,-4.6E-02));
#16462 = DIRECTION('',(-0.,-0.,-1.));
#16463 = DIRECTION('',(-0.,-1.,0.));
#16464 = ADVANCED_FACE('',(#16465),#16476,.F.);
#16465 = FACE_BOUND('',#16466,.T.);
#16466 = EDGE_LOOP('',(#16467,#16468,#16474,#16475));
#16467 = ORIENTED_EDGE('',*,*,#16133,.T.);
#16468 = ORIENTED_EDGE('',*,*,#16469,.T.);
#16469 = EDGE_CURVE('',#16134,#16265,#16470,.T.);
#16470 = LINE('',#16471,#16472);
#16471 = CARTESIAN_POINT('',(26.,-42.375,-4.6E-02));
#16472 = VECTOR('',#16473,1.);
#16473 = DIRECTION('',(0.,0.,1.));
#16474 = ORIENTED_EDGE('',*,*,#16264,.F.);
#16475 = ORIENTED_EDGE('',*,*,#16469,.F.);
#16476 = CYLINDRICAL_SURFACE('',#16477,0.375);
#16477 = AXIS2_PLACEMENT_3D('',#16478,#16479,#16480);
#16478 = CARTESIAN_POINT('',(26.,-42.,-4.6E-02));
#16479 = DIRECTION('',(-0.,-0.,-1.));
#16480 = DIRECTION('',(-0.,-1.,0.));
#16481 = ADVANCED_FACE('',(#16482),#16493,.F.);
#16482 = FACE_BOUND('',#16483,.T.);
#16483 = EDGE_LOOP('',(#16484,#16485,#16491,#16492));
#16484 = ORIENTED_EDGE('',*,*,#16144,.T.);
#16485 = ORIENTED_EDGE('',*,*,#16486,.T.);
#16486 = EDGE_CURVE('',#16145,#16276,#16487,.T.);
#16487 = LINE('',#16488,#16489);
#16488 = CARTESIAN_POINT('',(33.,-42.375,-4.6E-02));
#16489 = VECTOR('',#16490,1.);
#16490 = DIRECTION('',(0.,0.,1.));
#16491 = ORIENTED_EDGE('',*,*,#16275,.F.);
#16492 = ORIENTED_EDGE('',*,*,#16486,.F.);
#16493 = CYLINDRICAL_SURFACE('',#16494,0.375);
#16494 = AXIS2_PLACEMENT_3D('',#16495,#16496,#16497);
#16495 = CARTESIAN_POINT('',(33.,-42.,-4.6E-02));
#16496 = DIRECTION('',(-0.,-0.,-1.));
#16497 = DIRECTION('',(-0.,-1.,0.));
#16498 = ADVANCED_FACE('',(#16499),#16510,.F.);
#16499 = FACE_BOUND('',#16500,.T.);
#16500 = EDGE_LOOP('',(#16501,#16502,#16508,#16509));
#16501 = ORIENTED_EDGE('',*,*,#16155,.T.);
#16502 = ORIENTED_EDGE('',*,*,#16503,.T.);
#16503 = EDGE_CURVE('',#16156,#16287,#16504,.T.);
#16504 = LINE('',#16505,#16506);
#16505 = CARTESIAN_POINT('',(35.,-42.375,-4.6E-02));
#16506 = VECTOR('',#16507,1.);
#16507 = DIRECTION('',(0.,0.,1.));
#16508 = ORIENTED_EDGE('',*,*,#16286,.F.);
#16509 = ORIENTED_EDGE('',*,*,#16503,.F.);
#16510 = CYLINDRICAL_SURFACE('',#16511,0.375);
#16511 = AXIS2_PLACEMENT_3D('',#16512,#16513,#16514);
#16512 = CARTESIAN_POINT('',(35.,-42.,-4.6E-02));
#16513 = DIRECTION('',(-0.,-0.,-1.));
#16514 = DIRECTION('',(-0.,-1.,0.));
#16515 = ( GEOMETRIC_REPRESENTATION_CONTEXT(3) 
GLOBAL_UNCERTAINTY_ASSIGNED_CONTEXT((#16519)) 
GLOBAL_UNIT_ASSIGNED_CONTEXT((#16516,#16517,#16518)) 
REPRESENTATION_CONTEXT('Context #1',
  '3D Context with UNIT and UNCERTAINTY') );
#16516 = ( LENGTH_UNIT() NAMED_UNIT(*) SI_UNIT(.MILLI.,.METRE.) );
#16517 = ( NAMED_UNIT(*) PLANE_ANGLE_UNIT() SI_UNIT($,.RADIAN.) );
#16518 = ( NAMED_UNIT(*) SI_UNIT($,.STERADIAN.) SOLID_ANGLE_UNIT() );
#16519 = UNCERTAINTY_MEASURE_WITH_UNIT(LENGTH_MEASURE(1.E-07),#16516,
  'distance_accuracy_value','confusion accuracy');
#16520 = CONTEXT_DEPENDENT_SHAPE_REPRESENTATION(#16521,#16523);
#16521 = ( REPRESENTATION_RELATIONSHIP('','',#15932,#10) 
REPRESENTATION_RELATIONSHIP_WITH_TRANSFORMATION(#16522) 
SHAPE_REPRESENTATION_RELATIONSHIP() );
#16522 = ITEM_DEFINED_TRANSFORMATION('','',#11,#87);
#16523 = PRODUCT_DEFINITION_SHAPE('Placement','Placement of an item',
  #16524);
#16524 = NEXT_ASSEMBLY_USAGE_OCCURRENCE('30','=>[0:1:1:24]','',#5,#15927
  ,$);
#16525 = PRODUCT_RELATED_PRODUCT_CATEGORY('part',$,(#15929));
#16526 = MECHANICAL_DESIGN_GEOMETRIC_PRESENTATION_REPRESENTATION('',(
    #16527,#16537,#16546,#16555,#16564,#16573,#16582,#16591,#16600,
    #16609,#16618,#16627,#16636,#16645,#16654,#16664,#16673,#16682,
    #16691,#16700,#16709,#16718,#16727,#16736,#16745,#16754,#16763,
    #16772,#16781,#16790,#16799,#16808,#16817,#16826,#16835,#16844,
    #16853,#16862,#16871,#16880,#16889,#16898,#16907,#16916,#16925,
    #16934,#16943,#16952,#16961,#16970,#16979,#16988,#16997,#17006,
    #17015,#17024,#17033,#17042,#17051,#17060,#17069,#17078,#17087,
    #17096,#17105,#17114,#17123,#17132,#17141),#9203);
#16527 = STYLED_ITEM('color',(#16528),#7223);
#16528 = PRESENTATION_STYLE_ASSIGNMENT((#16529,#16535));
#16529 = SURFACE_STYLE_USAGE(.BOTH.,#16530);
#16530 = SURFACE_SIDE_STYLE('',(#16531));
#16531 = SURFACE_STYLE_FILL_AREA(#16532);
#16532 = FILL_AREA_STYLE('',(#16533));
#16533 = FILL_AREA_STYLE_COLOUR('',#16534);
#16534 = COLOUR_RGB('',0.147999998088,0.145000001626,0.145000001626);
#16535 = CURVE_STYLE('',#16536,POSITIVE_LENGTH_MEASURE(0.1),#16534);
#16536 = DRAUGHTING_PRE_DEFINED_CURVE_FONT('continuous');
#16537 = STYLED_ITEM('color',(#16538),#7261);
#16538 = PRESENTATION_STYLE_ASSIGNMENT((#16539,#16544));
#16539 = SURFACE_STYLE_USAGE(.BOTH.,#16540);
#16540 = SURFACE_SIDE_STYLE('',(#16541));
#16541 = SURFACE_STYLE_FILL_AREA(#16542);
#16542 = FILL_AREA_STYLE('',(#16543));
#16543 = FILL_AREA_STYLE_COLOUR('',#16534);
#16544 = CURVE_STYLE('',#16545,POSITIVE_LENGTH_MEASURE(0.1),#16534);
#16545 = DRAUGHTING_PRE_DEFINED_CURVE_FONT('continuous');
#16546 = STYLED_ITEM('color',(#16547),#7324);
#16547 = PRESENTATION_STYLE_ASSIGNMENT((#16548,#16553));
#16548 = SURFACE_STYLE_USAGE(.BOTH.,#16549);
#16549 = SURFACE_SIDE_STYLE('',(#16550));
#16550 = SURFACE_STYLE_FILL_AREA(#16551);
#16551 = FILL_AREA_STYLE('',(#16552));
#16552 = FILL_AREA_STYLE_COLOUR('',#16534);
#16553 = CURVE_STYLE('',#16554,POSITIVE_LENGTH_MEASURE(0.1),#16534);
#16554 = DRAUGHTING_PRE_DEFINED_CURVE_FONT('continuous');
#16555 = STYLED_ITEM('color',(#16556),#7347);
#16556 = PRESENTATION_STYLE_ASSIGNMENT((#16557,#16562));
#16557 = SURFACE_STYLE_USAGE(.BOTH.,#16558);
#16558 = SURFACE_SIDE_STYLE('',(#16559));
#16559 = SURFACE_STYLE_FILL_AREA(#16560);
#16560 = FILL_AREA_STYLE('',(#16561));
#16561 = FILL_AREA_STYLE_COLOUR('',#16534);
#16562 = CURVE_STYLE('',#16563,POSITIVE_LENGTH_MEASURE(0.1),#16534);
#16563 = DRAUGHTING_PRE_DEFINED_CURVE_FONT('continuous');
#16564 = STYLED_ITEM('color',(#16565),#7376);
#16565 = PRESENTATION_STYLE_ASSIGNMENT((#16566,#16571));
#16566 = SURFACE_STYLE_USAGE(.BOTH.,#16567);
#16567 = SURFACE_SIDE_STYLE('',(#16568));
#16568 = SURFACE_STYLE_FILL_AREA(#16569);
#16569 = FILL_AREA_STYLE('',(#16570));
#16570 = FILL_AREA_STYLE_COLOUR('',#16534);
#16571 = CURVE_STYLE('',#16572,POSITIVE_LENGTH_MEASURE(0.1),#16534);
#16572 = DRAUGHTING_PRE_DEFINED_CURVE_FONT('continuous');
#16573 = STYLED_ITEM('color',(#16574),#7399);
#16574 = PRESENTATION_STYLE_ASSIGNMENT((#16575,#16580));
#16575 = SURFACE_STYLE_USAGE(.BOTH.,#16576);
#16576 = SURFACE_SIDE_STYLE('',(#16577));
#16577 = SURFACE_STYLE_FILL_AREA(#16578);
#16578 = FILL_AREA_STYLE('',(#16579));
#16579 = FILL_AREA_STYLE_COLOUR('',#16534);
#16580 = CURVE_STYLE('',#16581,POSITIVE_LENGTH_MEASURE(0.1),#16534);
#16581 = DRAUGHTING_PRE_DEFINED_CURVE_FONT('continuous');
#16582 = STYLED_ITEM('color',(#16583),#7454);
#16583 = PRESENTATION_STYLE_ASSIGNMENT((#16584,#16589));
#16584 = SURFACE_STYLE_USAGE(.BOTH.,#16585);
#16585 = SURFACE_SIDE_STYLE('',(#16586));
#16586 = SURFACE_STYLE_FILL_AREA(#16587);
#16587 = FILL_AREA_STYLE('',(#16588));
#16588 = FILL_AREA_STYLE_COLOUR('',#16534);
#16589 = CURVE_STYLE('',#16590,POSITIVE_LENGTH_MEASURE(0.1),#16534);
#16590 = DRAUGHTING_PRE_DEFINED_CURVE_FONT('continuous');
#16591 = STYLED_ITEM('color',(#16592),#7493);
#16592 = PRESENTATION_STYLE_ASSIGNMENT((#16593,#16598));
#16593 = SURFACE_STYLE_USAGE(.BOTH.,#16594);
#16594 = SURFACE_SIDE_STYLE('',(#16595));
#16595 = SURFACE_STYLE_FILL_AREA(#16596);
#16596 = FILL_AREA_STYLE('',(#16597));
#16597 = FILL_AREA_STYLE_COLOUR('',#16534);
#16598 = CURVE_STYLE('',#16599,POSITIVE_LENGTH_MEASURE(0.1),#16534);
#16599 = DRAUGHTING_PRE_DEFINED_CURVE_FONT('continuous');
#16600 = STYLED_ITEM('color',(#16601),#7516);
#16601 = PRESENTATION_STYLE_ASSIGNMENT((#16602,#16607));
#16602 = SURFACE_STYLE_USAGE(.BOTH.,#16603);
#16603 = SURFACE_SIDE_STYLE('',(#16604));
#16604 = SURFACE_STYLE_FILL_AREA(#16605);
#16605 = FILL_AREA_STYLE('',(#16606));
#16606 = FILL_AREA_STYLE_COLOUR('',#16534);
#16607 = CURVE_STYLE('',#16608,POSITIVE_LENGTH_MEASURE(0.1),#16534);
#16608 = DRAUGHTING_PRE_DEFINED_CURVE_FONT('continuous');
#16609 = STYLED_ITEM('color',(#16610),#7539);
#16610 = PRESENTATION_STYLE_ASSIGNMENT((#16611,#16616));
#16611 = SURFACE_STYLE_USAGE(.BOTH.,#16612);
#16612 = SURFACE_SIDE_STYLE('',(#16613));
#16613 = SURFACE_STYLE_FILL_AREA(#16614);
#16614 = FILL_AREA_STYLE('',(#16615));
#16615 = FILL_AREA_STYLE_COLOUR('',#16534);
#16616 = CURVE_STYLE('',#16617,POSITIVE_LENGTH_MEASURE(0.1),#16534);
#16617 = DRAUGHTING_PRE_DEFINED_CURVE_FONT('continuous');
#16618 = STYLED_ITEM('color',(#16619),#7556);
#16619 = PRESENTATION_STYLE_ASSIGNMENT((#16620,#16625));
#16620 = SURFACE_STYLE_USAGE(.BOTH.,#16621);
#16621 = SURFACE_SIDE_STYLE('',(#16622));
#16622 = SURFACE_STYLE_FILL_AREA(#16623);
#16623 = FILL_AREA_STYLE('',(#16624));
#16624 = FILL_AREA_STYLE_COLOUR('',#16534);
#16625 = CURVE_STYLE('',#16626,POSITIVE_LENGTH_MEASURE(0.1),#16534);
#16626 = DRAUGHTING_PRE_DEFINED_CURVE_FONT('continuous');
#16627 = STYLED_ITEM('color',(#16628),#7579);
#16628 = PRESENTATION_STYLE_ASSIGNMENT((#16629,#16634));
#16629 = SURFACE_STYLE_USAGE(.BOTH.,#16630);
#16630 = SURFACE_SIDE_STYLE('',(#16631));
#16631 = SURFACE_STYLE_FILL_AREA(#16632);
#16632 = FILL_AREA_STYLE('',(#16633));
#16633 = FILL_AREA_STYLE_COLOUR('',#16534);
#16634 = CURVE_STYLE('',#16635,POSITIVE_LENGTH_MEASURE(0.1),#16534);
#16635 = DRAUGHTING_PRE_DEFINED_CURVE_FONT('continuous');
#16636 = STYLED_ITEM('color',(#16637),#7667);
#16637 = PRESENTATION_STYLE_ASSIGNMENT((#16638,#16643));
#16638 = SURFACE_STYLE_USAGE(.BOTH.,#16639);
#16639 = SURFACE_SIDE_STYLE('',(#16640));
#16640 = SURFACE_STYLE_FILL_AREA(#16641);
#16641 = FILL_AREA_STYLE('',(#16642));
#16642 = FILL_AREA_STYLE_COLOUR('',#16534);
#16643 = CURVE_STYLE('',#16644,POSITIVE_LENGTH_MEASURE(0.1),#16534);
#16644 = DRAUGHTING_PRE_DEFINED_CURVE_FONT('continuous');
#16645 = STYLED_ITEM('color',(#16646),#7683);
#16646 = PRESENTATION_STYLE_ASSIGNMENT((#16647,#16652));
#16647 = SURFACE_STYLE_USAGE(.BOTH.,#16648);
#16648 = SURFACE_SIDE_STYLE('',(#16649));
#16649 = SURFACE_STYLE_FILL_AREA(#16650);
#16650 = FILL_AREA_STYLE('',(#16651));
#16651 = FILL_AREA_STYLE_COLOUR('',#16534);
#16652 = CURVE_STYLE('',#16653,POSITIVE_LENGTH_MEASURE(0.1),#16534);
#16653 = DRAUGHTING_PRE_DEFINED_CURVE_FONT('continuous');
#16654 = STYLED_ITEM('color',(#16655),#7713);
#16655 = PRESENTATION_STYLE_ASSIGNMENT((#16656,#16662));
#16656 = SURFACE_STYLE_USAGE(.BOTH.,#16657);
#16657 = SURFACE_SIDE_STYLE('',(#16658));
#16658 = SURFACE_STYLE_FILL_AREA(#16659);
#16659 = FILL_AREA_STYLE('',(#16660));
#16660 = FILL_AREA_STYLE_COLOUR('',#16661);
#16661 = COLOUR_RGB('',0.823999987314,0.819999987296,0.781000009244);
#16662 = CURVE_STYLE('',#16663,POSITIVE_LENGTH_MEASURE(0.1),#16661);
#16663 = DRAUGHTING_PRE_DEFINED_CURVE_FONT('continuous');
#16664 = STYLED_ITEM('color',(#16665),#7746);
#16665 = PRESENTATION_STYLE_ASSIGNMENT((#16666,#16671));
#16666 = SURFACE_STYLE_USAGE(.BOTH.,#16667);
#16667 = SURFACE_SIDE_STYLE('',(#16668));
#16668 = SURFACE_STYLE_FILL_AREA(#16669);
#16669 = FILL_AREA_STYLE('',(#16670));
#16670 = FILL_AREA_STYLE_COLOUR('',#16534);
#16671 = CURVE_STYLE('',#16672,POSITIVE_LENGTH_MEASURE(0.1),#16534);
#16672 = DRAUGHTING_PRE_DEFINED_CURVE_FONT('continuous');
#16673 = STYLED_ITEM('color',(#16674),#7777);
#16674 = PRESENTATION_STYLE_ASSIGNMENT((#16675,#16680));
#16675 = SURFACE_STYLE_USAGE(.BOTH.,#16676);
#16676 = SURFACE_SIDE_STYLE('',(#16677));
#16677 = SURFACE_STYLE_FILL_AREA(#16678);
#16678 = FILL_AREA_STYLE('',(#16679));
#16679 = FILL_AREA_STYLE_COLOUR('',#16661);
#16680 = CURVE_STYLE('',#16681,POSITIVE_LENGTH_MEASURE(0.1),#16661);
#16681 = DRAUGHTING_PRE_DEFINED_CURVE_FONT('continuous');
#16682 = STYLED_ITEM('color',(#16683),#7810);
#16683 = PRESENTATION_STYLE_ASSIGNMENT((#16684,#16689));
#16684 = SURFACE_STYLE_USAGE(.BOTH.,#16685);
#16685 = SURFACE_SIDE_STYLE('',(#16686));
#16686 = SURFACE_STYLE_FILL_AREA(#16687);
#16687 = FILL_AREA_STYLE('',(#16688));
#16688 = FILL_AREA_STYLE_COLOUR('',#16534);
#16689 = CURVE_STYLE('',#16690,POSITIVE_LENGTH_MEASURE(0.1),#16534);
#16690 = DRAUGHTING_PRE_DEFINED_CURVE_FONT('continuous');
#16691 = STYLED_ITEM('color',(#16692),#7827);
#16692 = PRESENTATION_STYLE_ASSIGNMENT((#16693,#16698));
#16693 = SURFACE_STYLE_USAGE(.BOTH.,#16694);
#16694 = SURFACE_SIDE_STYLE('',(#16695));
#16695 = SURFACE_STYLE_FILL_AREA(#16696);
#16696 = FILL_AREA_STYLE('',(#16697));
#16697 = FILL_AREA_STYLE_COLOUR('',#16534);
#16698 = CURVE_STYLE('',#16699,POSITIVE_LENGTH_MEASURE(0.1),#16534);
#16699 = DRAUGHTING_PRE_DEFINED_CURVE_FONT('continuous');
#16700 = STYLED_ITEM('color',(#16701),#7844);
#16701 = PRESENTATION_STYLE_ASSIGNMENT((#16702,#16707));
#16702 = SURFACE_STYLE_USAGE(.BOTH.,#16703);
#16703 = SURFACE_SIDE_STYLE('',(#16704));
#16704 = SURFACE_STYLE_FILL_AREA(#16705);
#16705 = FILL_AREA_STYLE('',(#16706));
#16706 = FILL_AREA_STYLE_COLOUR('',#16661);
#16707 = CURVE_STYLE('',#16708,POSITIVE_LENGTH_MEASURE(0.1),#16661);
#16708 = DRAUGHTING_PRE_DEFINED_CURVE_FONT('continuous');
#16709 = STYLED_ITEM('color',(#16710),#7877);
#16710 = PRESENTATION_STYLE_ASSIGNMENT((#16711,#16716));
#16711 = SURFACE_STYLE_USAGE(.BOTH.,#16712);
#16712 = SURFACE_SIDE_STYLE('',(#16713));
#16713 = SURFACE_STYLE_FILL_AREA(#16714);
#16714 = FILL_AREA_STYLE('',(#16715));
#16715 = FILL_AREA_STYLE_COLOUR('',#16534);
#16716 = CURVE_STYLE('',#16717,POSITIVE_LENGTH_MEASURE(0.1),#16534);
#16717 = DRAUGHTING_PRE_DEFINED_CURVE_FONT('continuous');
#16718 = STYLED_ITEM('color',(#16719),#7907);
#16719 = PRESENTATION_STYLE_ASSIGNMENT((#16720,#16725));
#16720 = SURFACE_STYLE_USAGE(.BOTH.,#16721);
#16721 = SURFACE_SIDE_STYLE('',(#16722));
#16722 = SURFACE_STYLE_FILL_AREA(#16723);
#16723 = FILL_AREA_STYLE('',(#16724));
#16724 = FILL_AREA_STYLE_COLOUR('',#16534);
#16725 = CURVE_STYLE('',#16726,POSITIVE_LENGTH_MEASURE(0.1),#16534);
#16726 = DRAUGHTING_PRE_DEFINED_CURVE_FONT('continuous');
#16727 = STYLED_ITEM('color',(#16728),#7930);
#16728 = PRESENTATION_STYLE_ASSIGNMENT((#16729,#16734));
#16729 = SURFACE_STYLE_USAGE(.BOTH.,#16730);
#16730 = SURFACE_SIDE_STYLE('',(#16731));
#16731 = SURFACE_STYLE_FILL_AREA(#16732);
#16732 = FILL_AREA_STYLE('',(#16733));
#16733 = FILL_AREA_STYLE_COLOUR('',#16534);
#16734 = CURVE_STYLE('',#16735,POSITIVE_LENGTH_MEASURE(0.1),#16534);
#16735 = DRAUGHTING_PRE_DEFINED_CURVE_FONT('continuous');
#16736 = STYLED_ITEM('color',(#16737),#7953);
#16737 = PRESENTATION_STYLE_ASSIGNMENT((#16738,#16743));
#16738 = SURFACE_STYLE_USAGE(.BOTH.,#16739);
#16739 = SURFACE_SIDE_STYLE('',(#16740));
#16740 = SURFACE_STYLE_FILL_AREA(#16741);
#16741 = FILL_AREA_STYLE('',(#16742));
#16742 = FILL_AREA_STYLE_COLOUR('',#16534);
#16743 = CURVE_STYLE('',#16744,POSITIVE_LENGTH_MEASURE(0.1),#16534);
#16744 = DRAUGHTING_PRE_DEFINED_CURVE_FONT('continuous');
#16745 = STYLED_ITEM('color',(#16746),#7970);
#16746 = PRESENTATION_STYLE_ASSIGNMENT((#16747,#16752));
#16747 = SURFACE_STYLE_USAGE(.BOTH.,#16748);
#16748 = SURFACE_SIDE_STYLE('',(#16749));
#16749 = SURFACE_STYLE_FILL_AREA(#16750);
#16750 = FILL_AREA_STYLE('',(#16751));
#16751 = FILL_AREA_STYLE_COLOUR('',#16661);
#16752 = CURVE_STYLE('',#16753,POSITIVE_LENGTH_MEASURE(0.1),#16661);
#16753 = DRAUGHTING_PRE_DEFINED_CURVE_FONT('continuous');
#16754 = STYLED_ITEM('color',(#16755),#7999);
#16755 = PRESENTATION_STYLE_ASSIGNMENT((#16756,#16761));
#16756 = SURFACE_STYLE_USAGE(.BOTH.,#16757);
#16757 = SURFACE_SIDE_STYLE('',(#16758));
#16758 = SURFACE_STYLE_FILL_AREA(#16759);
#16759 = FILL_AREA_STYLE('',(#16760));
#16760 = FILL_AREA_STYLE_COLOUR('',#16534);
#16761 = CURVE_STYLE('',#16762,POSITIVE_LENGTH_MEASURE(0.1),#16534);
#16762 = DRAUGHTING_PRE_DEFINED_CURVE_FONT('continuous');
#16763 = STYLED_ITEM('color',(#16764),#8053);
#16764 = PRESENTATION_STYLE_ASSIGNMENT((#16765,#16770));
#16765 = SURFACE_STYLE_USAGE(.BOTH.,#16766);
#16766 = SURFACE_SIDE_STYLE('',(#16767));
#16767 = SURFACE_STYLE_FILL_AREA(#16768);
#16768 = FILL_AREA_STYLE('',(#16769));
#16769 = FILL_AREA_STYLE_COLOUR('',#16534);
#16770 = CURVE_STYLE('',#16771,POSITIVE_LENGTH_MEASURE(0.1),#16534);
#16771 = DRAUGHTING_PRE_DEFINED_CURVE_FONT('continuous');
#16772 = STYLED_ITEM('color',(#16773),#8076);
#16773 = PRESENTATION_STYLE_ASSIGNMENT((#16774,#16779));
#16774 = SURFACE_STYLE_USAGE(.BOTH.,#16775);
#16775 = SURFACE_SIDE_STYLE('',(#16776));
#16776 = SURFACE_STYLE_FILL_AREA(#16777);
#16777 = FILL_AREA_STYLE('',(#16778));
#16778 = FILL_AREA_STYLE_COLOUR('',#16534);
#16779 = CURVE_STYLE('',#16780,POSITIVE_LENGTH_MEASURE(0.1),#16534);
#16780 = DRAUGHTING_PRE_DEFINED_CURVE_FONT('continuous');
#16781 = STYLED_ITEM('color',(#16782),#8099);
#16782 = PRESENTATION_STYLE_ASSIGNMENT((#16783,#16788));
#16783 = SURFACE_STYLE_USAGE(.BOTH.,#16784);
#16784 = SURFACE_SIDE_STYLE('',(#16785));
#16785 = SURFACE_STYLE_FILL_AREA(#16786);
#16786 = FILL_AREA_STYLE('',(#16787));
#16787 = FILL_AREA_STYLE_COLOUR('',#16534);
#16788 = CURVE_STYLE('',#16789,POSITIVE_LENGTH_MEASURE(0.1),#16534);
#16789 = DRAUGHTING_PRE_DEFINED_CURVE_FONT('continuous');
#16790 = STYLED_ITEM('color',(#16791),#8122);
#16791 = PRESENTATION_STYLE_ASSIGNMENT((#16792,#16797));
#16792 = SURFACE_STYLE_USAGE(.BOTH.,#16793);
#16793 = SURFACE_SIDE_STYLE('',(#16794));
#16794 = SURFACE_STYLE_FILL_AREA(#16795);
#16795 = FILL_AREA_STYLE('',(#16796));
#16796 = FILL_AREA_STYLE_COLOUR('',#16534);
#16797 = CURVE_STYLE('',#16798,POSITIVE_LENGTH_MEASURE(0.1),#16534);
#16798 = DRAUGHTING_PRE_DEFINED_CURVE_FONT('continuous');
#16799 = STYLED_ITEM('color',(#16800),#8161);
#16800 = PRESENTATION_STYLE_ASSIGNMENT((#16801,#16806));
#16801 = SURFACE_STYLE_USAGE(.BOTH.,#16802);
#16802 = SURFACE_SIDE_STYLE('',(#16803));
#16803 = SURFACE_STYLE_FILL_AREA(#16804);
#16804 = FILL_AREA_STYLE('',(#16805));
#16805 = FILL_AREA_STYLE_COLOUR('',#16661);
#16806 = CURVE_STYLE('',#16807,POSITIVE_LENGTH_MEASURE(0.1),#16661);
#16807 = DRAUGHTING_PRE_DEFINED_CURVE_FONT('continuous');
#16808 = STYLED_ITEM('color',(#16809),#8183);
#16809 = PRESENTATION_STYLE_ASSIGNMENT((#16810,#16815));
#16810 = SURFACE_STYLE_USAGE(.BOTH.,#16811);
#16811 = SURFACE_SIDE_STYLE('',(#16812));
#16812 = SURFACE_STYLE_FILL_AREA(#16813);
#16813 = FILL_AREA_STYLE('',(#16814));
#16814 = FILL_AREA_STYLE_COLOUR('',#16534);
#16815 = CURVE_STYLE('',#16816,POSITIVE_LENGTH_MEASURE(0.1),#16534);
#16816 = DRAUGHTING_PRE_DEFINED_CURVE_FONT('continuous');
#16817 = STYLED_ITEM('color',(#16818),#8227);
#16818 = PRESENTATION_STYLE_ASSIGNMENT((#16819,#16824));
#16819 = SURFACE_STYLE_USAGE(.BOTH.,#16820);
#16820 = SURFACE_SIDE_STYLE('',(#16821));
#16821 = SURFACE_STYLE_FILL_AREA(#16822);
#16822 = FILL_AREA_STYLE('',(#16823));
#16823 = FILL_AREA_STYLE_COLOUR('',#16661);
#16824 = CURVE_STYLE('',#16825,POSITIVE_LENGTH_MEASURE(0.1),#16661);
#16825 = DRAUGHTING_PRE_DEFINED_CURVE_FONT('continuous');
#16826 = STYLED_ITEM('color',(#16827),#8302);
#16827 = PRESENTATION_STYLE_ASSIGNMENT((#16828,#16833));
#16828 = SURFACE_STYLE_USAGE(.BOTH.,#16829);
#16829 = SURFACE_SIDE_STYLE('',(#16830));
#16830 = SURFACE_STYLE_FILL_AREA(#16831);
#16831 = FILL_AREA_STYLE('',(#16832));
#16832 = FILL_AREA_STYLE_COLOUR('',#16661);
#16833 = CURVE_STYLE('',#16834,POSITIVE_LENGTH_MEASURE(0.1),#16661);
#16834 = DRAUGHTING_PRE_DEFINED_CURVE_FONT('continuous');
#16835 = STYLED_ITEM('color',(#16836),#8326);
#16836 = PRESENTATION_STYLE_ASSIGNMENT((#16837,#16842));
#16837 = SURFACE_STYLE_USAGE(.BOTH.,#16838);
#16838 = SURFACE_SIDE_STYLE('',(#16839));
#16839 = SURFACE_STYLE_FILL_AREA(#16840);
#16840 = FILL_AREA_STYLE('',(#16841));
#16841 = FILL_AREA_STYLE_COLOUR('',#16661);
#16842 = CURVE_STYLE('',#16843,POSITIVE_LENGTH_MEASURE(0.1),#16661);
#16843 = DRAUGHTING_PRE_DEFINED_CURVE_FONT('continuous');
#16844 = STYLED_ITEM('color',(#16845),#8394);
#16845 = PRESENTATION_STYLE_ASSIGNMENT((#16846,#16851));
#16846 = SURFACE_STYLE_USAGE(.BOTH.,#16847);
#16847 = SURFACE_SIDE_STYLE('',(#16848));
#16848 = SURFACE_STYLE_FILL_AREA(#16849);
#16849 = FILL_AREA_STYLE('',(#16850));
#16850 = FILL_AREA_STYLE_COLOUR('',#16534);
#16851 = CURVE_STYLE('',#16852,POSITIVE_LENGTH_MEASURE(0.1),#16534);
#16852 = DRAUGHTING_PRE_DEFINED_CURVE_FONT('continuous');
#16853 = STYLED_ITEM('color',(#16854),#8411);
#16854 = PRESENTATION_STYLE_ASSIGNMENT((#16855,#16860));
#16855 = SURFACE_STYLE_USAGE(.BOTH.,#16856);
#16856 = SURFACE_SIDE_STYLE('',(#16857));
#16857 = SURFACE_STYLE_FILL_AREA(#16858);
#16858 = FILL_AREA_STYLE('',(#16859));
#16859 = FILL_AREA_STYLE_COLOUR('',#16661);
#16860 = CURVE_STYLE('',#16861,POSITIVE_LENGTH_MEASURE(0.1),#16661);
#16861 = DRAUGHTING_PRE_DEFINED_CURVE_FONT('continuous');
#16862 = STYLED_ITEM('color',(#16863),#8486);
#16863 = PRESENTATION_STYLE_ASSIGNMENT((#16864,#16869));
#16864 = SURFACE_STYLE_USAGE(.BOTH.,#16865);
#16865 = SURFACE_SIDE_STYLE('',(#16866));
#16866 = SURFACE_STYLE_FILL_AREA(#16867);
#16867 = FILL_AREA_STYLE('',(#16868));
#16868 = FILL_AREA_STYLE_COLOUR('',#16661);
#16869 = CURVE_STYLE('',#16870,POSITIVE_LENGTH_MEASURE(0.1),#16661);
#16870 = DRAUGHTING_PRE_DEFINED_CURVE_FONT('continuous');
#16871 = STYLED_ITEM('color',(#16872),#8510);
#16872 = PRESENTATION_STYLE_ASSIGNMENT((#16873,#16878));
#16873 = SURFACE_STYLE_USAGE(.BOTH.,#16874);
#16874 = SURFACE_SIDE_STYLE('',(#16875));
#16875 = SURFACE_STYLE_FILL_AREA(#16876);
#16876 = FILL_AREA_STYLE('',(#16877));
#16877 = FILL_AREA_STYLE_COLOUR('',#16661);
#16878 = CURVE_STYLE('',#16879,POSITIVE_LENGTH_MEASURE(0.1),#16661);
#16879 = DRAUGHTING_PRE_DEFINED_CURVE_FONT('continuous');
#16880 = STYLED_ITEM('color',(#16881),#8578);
#16881 = PRESENTATION_STYLE_ASSIGNMENT((#16882,#16887));
#16882 = SURFACE_STYLE_USAGE(.BOTH.,#16883);
#16883 = SURFACE_SIDE_STYLE('',(#16884));
#16884 = SURFACE_STYLE_FILL_AREA(#16885);
#16885 = FILL_AREA_STYLE('',(#16886));
#16886 = FILL_AREA_STYLE_COLOUR('',#16661);
#16887 = CURVE_STYLE('',#16888,POSITIVE_LENGTH_MEASURE(0.1),#16661);
#16888 = DRAUGHTING_PRE_DEFINED_CURVE_FONT('continuous');
#16889 = STYLED_ITEM('color',(#16890),#8653);
#16890 = PRESENTATION_STYLE_ASSIGNMENT((#16891,#16896));
#16891 = SURFACE_STYLE_USAGE(.BOTH.,#16892);
#16892 = SURFACE_SIDE_STYLE('',(#16893));
#16893 = SURFACE_STYLE_FILL_AREA(#16894);
#16894 = FILL_AREA_STYLE('',(#16895));
#16895 = FILL_AREA_STYLE_COLOUR('',#16661);
#16896 = CURVE_STYLE('',#16897,POSITIVE_LENGTH_MEASURE(0.1),#16661);
#16897 = DRAUGHTING_PRE_DEFINED_CURVE_FONT('continuous');
#16898 = STYLED_ITEM('color',(#16899),#8677);
#16899 = PRESENTATION_STYLE_ASSIGNMENT((#16900,#16905));
#16900 = SURFACE_STYLE_USAGE(.BOTH.,#16901);
#16901 = SURFACE_SIDE_STYLE('',(#16902));
#16902 = SURFACE_STYLE_FILL_AREA(#16903);
#16903 = FILL_AREA_STYLE('',(#16904));
#16904 = FILL_AREA_STYLE_COLOUR('',#16661);
#16905 = CURVE_STYLE('',#16906,POSITIVE_LENGTH_MEASURE(0.1),#16661);
#16906 = DRAUGHTING_PRE_DEFINED_CURVE_FONT('continuous');
#16907 = STYLED_ITEM('color',(#16908),#8745);
#16908 = PRESENTATION_STYLE_ASSIGNMENT((#16909,#16914));
#16909 = SURFACE_STYLE_USAGE(.BOTH.,#16910);
#16910 = SURFACE_SIDE_STYLE('',(#16911));
#16911 = SURFACE_STYLE_FILL_AREA(#16912);
#16912 = FILL_AREA_STYLE('',(#16913));
#16913 = FILL_AREA_STYLE_COLOUR('',#16661);
#16914 = CURVE_STYLE('',#16915,POSITIVE_LENGTH_MEASURE(0.1),#16661);
#16915 = DRAUGHTING_PRE_DEFINED_CURVE_FONT('continuous');
#16916 = STYLED_ITEM('color',(#16917),#8762);
#16917 = PRESENTATION_STYLE_ASSIGNMENT((#16918,#16923));
#16918 = SURFACE_STYLE_USAGE(.BOTH.,#16919);
#16919 = SURFACE_SIDE_STYLE('',(#16920));
#16920 = SURFACE_STYLE_FILL_AREA(#16921);
#16921 = FILL_AREA_STYLE('',(#16922));
#16922 = FILL_AREA_STYLE_COLOUR('',#16661);
#16923 = CURVE_STYLE('',#16924,POSITIVE_LENGTH_MEASURE(0.1),#16661);
#16924 = DRAUGHTING_PRE_DEFINED_CURVE_FONT('continuous');
#16925 = STYLED_ITEM('color',(#16926),#8779);
#16926 = PRESENTATION_STYLE_ASSIGNMENT((#16927,#16932));
#16927 = SURFACE_STYLE_USAGE(.BOTH.,#16928);
#16928 = SURFACE_SIDE_STYLE('',(#16929));
#16929 = SURFACE_STYLE_FILL_AREA(#16930);
#16930 = FILL_AREA_STYLE('',(#16931));
#16931 = FILL_AREA_STYLE_COLOUR('',#16534);
#16932 = CURVE_STYLE('',#16933,POSITIVE_LENGTH_MEASURE(0.1),#16534);
#16933 = DRAUGHTING_PRE_DEFINED_CURVE_FONT('continuous');
#16934 = STYLED_ITEM('color',(#16935),#8825);
#16935 = PRESENTATION_STYLE_ASSIGNMENT((#16936,#16941));
#16936 = SURFACE_STYLE_USAGE(.BOTH.,#16937);
#16937 = SURFACE_SIDE_STYLE('',(#16938));
#16938 = SURFACE_STYLE_FILL_AREA(#16939);
#16939 = FILL_AREA_STYLE('',(#16940));
#16940 = FILL_AREA_STYLE_COLOUR('',#16534);
#16941 = CURVE_STYLE('',#16942,POSITIVE_LENGTH_MEASURE(0.1),#16534);
#16942 = DRAUGHTING_PRE_DEFINED_CURVE_FONT('continuous');
#16943 = STYLED_ITEM('color',(#16944),#8841);
#16944 = PRESENTATION_STYLE_ASSIGNMENT((#16945,#16950));
#16945 = SURFACE_STYLE_USAGE(.BOTH.,#16946);
#16946 = SURFACE_SIDE_STYLE('',(#16947));
#16947 = SURFACE_STYLE_FILL_AREA(#16948);
#16948 = FILL_AREA_STYLE('',(#16949));
#16949 = FILL_AREA_STYLE_COLOUR('',#16534);
#16950 = CURVE_STYLE('',#16951,POSITIVE_LENGTH_MEASURE(0.1),#16534);
#16951 = DRAUGHTING_PRE_DEFINED_CURVE_FONT('continuous');
#16952 = STYLED_ITEM('color',(#16953),#8857);
#16953 = PRESENTATION_STYLE_ASSIGNMENT((#16954,#16959));
#16954 = SURFACE_STYLE_USAGE(.BOTH.,#16955);
#16955 = SURFACE_SIDE_STYLE('',(#16956));
#16956 = SURFACE_STYLE_FILL_AREA(#16957);
#16957 = FILL_AREA_STYLE('',(#16958));
#16958 = FILL_AREA_STYLE_COLOUR('',#16661);
#16959 = CURVE_STYLE('',#16960,POSITIVE_LENGTH_MEASURE(0.1),#16661);
#16960 = DRAUGHTING_PRE_DEFINED_CURVE_FONT('continuous');
#16961 = STYLED_ITEM('color',(#16962),#8874);
#16962 = PRESENTATION_STYLE_ASSIGNMENT((#16963,#16968));
#16963 = SURFACE_STYLE_USAGE(.BOTH.,#16964);
#16964 = SURFACE_SIDE_STYLE('',(#16965));
#16965 = SURFACE_STYLE_FILL_AREA(#16966);
#16966 = FILL_AREA_STYLE('',(#16967));
#16967 = FILL_AREA_STYLE_COLOUR('',#16534);
#16968 = CURVE_STYLE('',#16969,POSITIVE_LENGTH_MEASURE(0.1),#16534);
#16969 = DRAUGHTING_PRE_DEFINED_CURVE_FONT('continuous');
#16970 = STYLED_ITEM('color',(#16971),#8886);
#16971 = PRESENTATION_STYLE_ASSIGNMENT((#16972,#16977));
#16972 = SURFACE_STYLE_USAGE(.BOTH.,#16973);
#16973 = SURFACE_SIDE_STYLE('',(#16974));
#16974 = SURFACE_STYLE_FILL_AREA(#16975);
#16975 = FILL_AREA_STYLE('',(#16976));
#16976 = FILL_AREA_STYLE_COLOUR('',#16661);
#16977 = CURVE_STYLE('',#16978,POSITIVE_LENGTH_MEASURE(0.1),#16661);
#16978 = DRAUGHTING_PRE_DEFINED_CURVE_FONT('continuous');
#16979 = STYLED_ITEM('color',(#16980),#8903);
#16980 = PRESENTATION_STYLE_ASSIGNMENT((#16981,#16986));
#16981 = SURFACE_STYLE_USAGE(.BOTH.,#16982);
#16982 = SURFACE_SIDE_STYLE('',(#16983));
#16983 = SURFACE_STYLE_FILL_AREA(#16984);
#16984 = FILL_AREA_STYLE('',(#16985));
#16985 = FILL_AREA_STYLE_COLOUR('',#16661);
#16986 = CURVE_STYLE('',#16987,POSITIVE_LENGTH_MEASURE(0.1),#16661);
#16987 = DRAUGHTING_PRE_DEFINED_CURVE_FONT('continuous');
#16988 = STYLED_ITEM('color',(#16989),#8920);
#16989 = PRESENTATION_STYLE_ASSIGNMENT((#16990,#16995));
#16990 = SURFACE_STYLE_USAGE(.BOTH.,#16991);
#16991 = SURFACE_SIDE_STYLE('',(#16992));
#16992 = SURFACE_STYLE_FILL_AREA(#16993);
#16993 = FILL_AREA_STYLE('',(#16994));
#16994 = FILL_AREA_STYLE_COLOUR('',#16661);
#16995 = CURVE_STYLE('',#16996,POSITIVE_LENGTH_MEASURE(0.1),#16661);
#16996 = DRAUGHTING_PRE_DEFINED_CURVE_FONT('continuous');
#16997 = STYLED_ITEM('color',(#16998),#8937);
#16998 = PRESENTATION_STYLE_ASSIGNMENT((#16999,#17004));
#16999 = SURFACE_STYLE_USAGE(.BOTH.,#17000);
#17000 = SURFACE_SIDE_STYLE('',(#17001));
#17001 = SURFACE_STYLE_FILL_AREA(#17002);
#17002 = FILL_AREA_STYLE('',(#17003));
#17003 = FILL_AREA_STYLE_COLOUR('',#16661);
#17004 = CURVE_STYLE('',#17005,POSITIVE_LENGTH_MEASURE(0.1),#16661);
#17005 = DRAUGHTING_PRE_DEFINED_CURVE_FONT('continuous');
#17006 = STYLED_ITEM('color',(#17007),#8954);
#17007 = PRESENTATION_STYLE_ASSIGNMENT((#17008,#17013));
#17008 = SURFACE_STYLE_USAGE(.BOTH.,#17009);
#17009 = SURFACE_SIDE_STYLE('',(#17010));
#17010 = SURFACE_STYLE_FILL_AREA(#17011);
#17011 = FILL_AREA_STYLE('',(#17012));
#17012 = FILL_AREA_STYLE_COLOUR('',#16661);
#17013 = CURVE_STYLE('',#17014,POSITIVE_LENGTH_MEASURE(0.1),#16661);
#17014 = DRAUGHTING_PRE_DEFINED_CURVE_FONT('continuous');
#17015 = STYLED_ITEM('color',(#17016),#8971);
#17016 = PRESENTATION_STYLE_ASSIGNMENT((#17017,#17022));
#17017 = SURFACE_STYLE_USAGE(.BOTH.,#17018);
#17018 = SURFACE_SIDE_STYLE('',(#17019));
#17019 = SURFACE_STYLE_FILL_AREA(#17020);
#17020 = FILL_AREA_STYLE('',(#17021));
#17021 = FILL_AREA_STYLE_COLOUR('',#16661);
#17022 = CURVE_STYLE('',#17023,POSITIVE_LENGTH_MEASURE(0.1),#16661);
#17023 = DRAUGHTING_PRE_DEFINED_CURVE_FONT('continuous');
#17024 = STYLED_ITEM('color',(#17025),#8988);
#17025 = PRESENTATION_STYLE_ASSIGNMENT((#17026,#17031));
#17026 = SURFACE_STYLE_USAGE(.BOTH.,#17027);
#17027 = SURFACE_SIDE_STYLE('',(#17028));
#17028 = SURFACE_STYLE_FILL_AREA(#17029);
#17029 = FILL_AREA_STYLE('',(#17030));
#17030 = FILL_AREA_STYLE_COLOUR('',#16661);
#17031 = CURVE_STYLE('',#17032,POSITIVE_LENGTH_MEASURE(0.1),#16661);
#17032 = DRAUGHTING_PRE_DEFINED_CURVE_FONT('continuous');
#17033 = STYLED_ITEM('color',(#17034),#9000);
#17034 = PRESENTATION_STYLE_ASSIGNMENT((#17035,#17040));
#17035 = SURFACE_STYLE_USAGE(.BOTH.,#17036);
#17036 = SURFACE_SIDE_STYLE('',(#17037));
#17037 = SURFACE_STYLE_FILL_AREA(#17038);
#17038 = FILL_AREA_STYLE('',(#17039));
#17039 = FILL_AREA_STYLE_COLOUR('',#16661);
#17040 = CURVE_STYLE('',#17041,POSITIVE_LENGTH_MEASURE(0.1),#16661);
#17041 = DRAUGHTING_PRE_DEFINED_CURVE_FONT('continuous');
#17042 = STYLED_ITEM('color',(#17043),#9017);
#17043 = PRESENTATION_STYLE_ASSIGNMENT((#17044,#17049));
#17044 = SURFACE_STYLE_USAGE(.BOTH.,#17045);
#17045 = SURFACE_SIDE_STYLE('',(#17046));
#17046 = SURFACE_STYLE_FILL_AREA(#17047);
#17047 = FILL_AREA_STYLE('',(#17048));
#17048 = FILL_AREA_STYLE_COLOUR('',#16661);
#17049 = CURVE_STYLE('',#17050,POSITIVE_LENGTH_MEASURE(0.1),#16661);
#17050 = DRAUGHTING_PRE_DEFINED_CURVE_FONT('continuous');
#17051 = STYLED_ITEM('color',(#17052),#9034);
#17052 = PRESENTATION_STYLE_ASSIGNMENT((#17053,#17058));
#17053 = SURFACE_STYLE_USAGE(.BOTH.,#17054);
#17054 = SURFACE_SIDE_STYLE('',(#17055));
#17055 = SURFACE_STYLE_FILL_AREA(#17056);
#17056 = FILL_AREA_STYLE('',(#17057));
#17057 = FILL_AREA_STYLE_COLOUR('',#16661);
#17058 = CURVE_STYLE('',#17059,POSITIVE_LENGTH_MEASURE(0.1),#16661);
#17059 = DRAUGHTING_PRE_DEFINED_CURVE_FONT('continuous');
#17060 = STYLED_ITEM('color',(#17061),#9051);
#17061 = PRESENTATION_STYLE_ASSIGNMENT((#17062,#17067));
#17062 = SURFACE_STYLE_USAGE(.BOTH.,#17063);
#17063 = SURFACE_SIDE_STYLE('',(#17064));
#17064 = SURFACE_STYLE_FILL_AREA(#17065);
#17065 = FILL_AREA_STYLE('',(#17066));
#17066 = FILL_AREA_STYLE_COLOUR('',#16661);
#17067 = CURVE_STYLE('',#17068,POSITIVE_LENGTH_MEASURE(0.1),#16661);
#17068 = DRAUGHTING_PRE_DEFINED_CURVE_FONT('continuous');
#17069 = STYLED_ITEM('color',(#17070),#9068);
#17070 = PRESENTATION_STYLE_ASSIGNMENT((#17071,#17076));
#17071 = SURFACE_STYLE_USAGE(.BOTH.,#17072);
#17072 = SURFACE_SIDE_STYLE('',(#17073));
#17073 = SURFACE_STYLE_FILL_AREA(#17074);
#17074 = FILL_AREA_STYLE('',(#17075));
#17075 = FILL_AREA_STYLE_COLOUR('',#16661);
#17076 = CURVE_STYLE('',#17077,POSITIVE_LENGTH_MEASURE(0.1),#16661);
#17077 = DRAUGHTING_PRE_DEFINED_CURVE_FONT('continuous');
#17078 = STYLED_ITEM('color',(#17079),#9085);
#17079 = PRESENTATION_STYLE_ASSIGNMENT((#17080,#17085));
#17080 = SURFACE_STYLE_USAGE(.BOTH.,#17081);
#17081 = SURFACE_SIDE_STYLE('',(#17082));
#17082 = SURFACE_STYLE_FILL_AREA(#17083);
#17083 = FILL_AREA_STYLE('',(#17084));
#17084 = FILL_AREA_STYLE_COLOUR('',#16661);
#17085 = CURVE_STYLE('',#17086,POSITIVE_LENGTH_MEASURE(0.1),#16661);
#17086 = DRAUGHTING_PRE_DEFINED_CURVE_FONT('continuous');
#17087 = STYLED_ITEM('color',(#17088),#9097);
#17088 = PRESENTATION_STYLE_ASSIGNMENT((#17089,#17094));
#17089 = SURFACE_STYLE_USAGE(.BOTH.,#17090);
#17090 = SURFACE_SIDE_STYLE('',(#17091));
#17091 = SURFACE_STYLE_FILL_AREA(#17092);
#17092 = FILL_AREA_STYLE('',(#17093));
#17093 = FILL_AREA_STYLE_COLOUR('',#16661);
#17094 = CURVE_STYLE('',#17095,POSITIVE_LENGTH_MEASURE(0.1),#16661);
#17095 = DRAUGHTING_PRE_DEFINED_CURVE_FONT('continuous');
#17096 = STYLED_ITEM('color',(#17097),#9114);
#17097 = PRESENTATION_STYLE_ASSIGNMENT((#17098,#17103));
#17098 = SURFACE_STYLE_USAGE(.BOTH.,#17099);
#17099 = SURFACE_SIDE_STYLE('',(#17100));
#17100 = SURFACE_STYLE_FILL_AREA(#17101);
#17101 = FILL_AREA_STYLE('',(#17102));
#17102 = FILL_AREA_STYLE_COLOUR('',#16661);
#17103 = CURVE_STYLE('',#17104,POSITIVE_LENGTH_MEASURE(0.1),#16661);
#17104 = DRAUGHTING_PRE_DEFINED_CURVE_FONT('continuous');
#17105 = STYLED_ITEM('color',(#17106),#9131);
#17106 = PRESENTATION_STYLE_ASSIGNMENT((#17107,#17112));
#17107 = SURFACE_STYLE_USAGE(.BOTH.,#17108);
#17108 = SURFACE_SIDE_STYLE('',(#17109));
#17109 = SURFACE_STYLE_FILL_AREA(#17110);
#17110 = FILL_AREA_STYLE('',(#17111));
#17111 = FILL_AREA_STYLE_COLOUR('',#16661);
#17112 = CURVE_STYLE('',#17113,POSITIVE_LENGTH_MEASURE(0.1),#16661);
#17113 = DRAUGHTING_PRE_DEFINED_CURVE_FONT('continuous');
#17114 = STYLED_ITEM('color',(#17115),#9148);
#17115 = PRESENTATION_STYLE_ASSIGNMENT((#17116,#17121));
#17116 = SURFACE_STYLE_USAGE(.BOTH.,#17117);
#17117 = SURFACE_SIDE_STYLE('',(#17118));
#17118 = SURFACE_STYLE_FILL_AREA(#17119);
#17119 = FILL_AREA_STYLE('',(#17120));
#17120 = FILL_AREA_STYLE_COLOUR('',#16661);
#17121 = CURVE_STYLE('',#17122,POSITIVE_LENGTH_MEASURE(0.1),#16661);
#17122 = DRAUGHTING_PRE_DEFINED_CURVE_FONT('continuous');
#17123 = STYLED_ITEM('color',(#17124),#9165);
#17124 = PRESENTATION_STYLE_ASSIGNMENT((#17125,#17130));
#17125 = SURFACE_STYLE_USAGE(.BOTH.,#17126);
#17126 = SURFACE_SIDE_STYLE('',(#17127));
#17127 = SURFACE_STYLE_FILL_AREA(#17128);
#17128 = FILL_AREA_STYLE('',(#17129));
#17129 = FILL_AREA_STYLE_COLOUR('',#16661);
#17130 = CURVE_STYLE('',#17131,POSITIVE_LENGTH_MEASURE(0.1),#16661);
#17131 = DRAUGHTING_PRE_DEFINED_CURVE_FONT('continuous');
#17132 = STYLED_ITEM('color',(#17133),#9182);
#17133 = PRESENTATION_STYLE_ASSIGNMENT((#17134,#17139));
#17134 = SURFACE_STYLE_USAGE(.BOTH.,#17135);
#17135 = SURFACE_SIDE_STYLE('',(#17136));
#17136 = SURFACE_STYLE_FILL_AREA(#17137);
#17137 = FILL_AREA_STYLE('',(#17138));
#17138 = FILL_AREA_STYLE_COLOUR('',#16661);
#17139 = CURVE_STYLE('',#17140,POSITIVE_LENGTH_MEASURE(0.1),#16661);
#17140 = DRAUGHTING_PRE_DEFINED_CURVE_FONT('continuous');
#17141 = STYLED_ITEM('color',(#17142),#9194);
#17142 = PRESENTATION_STYLE_ASSIGNMENT((#17143,#17149));
#17143 = SURFACE_STYLE_USAGE(.BOTH.,#17144);
#17144 = SURFACE_SIDE_STYLE('',(#17145));
#17145 = SURFACE_STYLE_FILL_AREA(#17146);
#17146 = FILL_AREA_STYLE('',(#17147));
#17147 = FILL_AREA_STYLE_COLOUR('',#17148);
#17148 = COLOUR_RGB('',0.690999998585,0.664000007176,0.597999987832);
#17149 = CURVE_STYLE('',#17150,POSITIVE_LENGTH_MEASURE(0.1),#17148);
#17150 = DRAUGHTING_PRE_DEFINED_CURVE_FONT('continuous');
#17151 = MECHANICAL_DESIGN_GEOMETRIC_PRESENTATION_REPRESENTATION('',(
    #17152,#17159,#17166,#17173,#17180,#17187,#17194,#17201,#17208,
    #17215,#17222,#17230,#17237,#17244,#17251,#17258,#17265,#17272,
    #17279,#17286,#17293,#17300,#17307,#17314,#17321,#17328,#17335,
    #17342),#1650);
#17152 = STYLED_ITEM('color',(#17153),#798);
#17153 = PRESENTATION_STYLE_ASSIGNMENT((#17154));
#17154 = SURFACE_STYLE_USAGE(.BOTH.,#17155);
#17155 = SURFACE_SIDE_STYLE('',(#17156));
#17156 = SURFACE_STYLE_FILL_AREA(#17157);
#17157 = FILL_AREA_STYLE('',(#17158));
#17158 = FILL_AREA_STYLE_COLOUR('',#16661);
#17159 = STYLED_ITEM('color',(#17160),#874);
#17160 = PRESENTATION_STYLE_ASSIGNMENT((#17161));
#17161 = SURFACE_STYLE_USAGE(.BOTH.,#17162);
#17162 = SURFACE_SIDE_STYLE('',(#17163));
#17163 = SURFACE_STYLE_FILL_AREA(#17164);
#17164 = FILL_AREA_STYLE('',(#17165));
#17165 = FILL_AREA_STYLE_COLOUR('',#16661);
#17166 = STYLED_ITEM('color',(#17167),#905);
#17167 = PRESENTATION_STYLE_ASSIGNMENT((#17168));
#17168 = SURFACE_STYLE_USAGE(.BOTH.,#17169);
#17169 = SURFACE_SIDE_STYLE('',(#17170));
#17170 = SURFACE_STYLE_FILL_AREA(#17171);
#17171 = FILL_AREA_STYLE('',(#17172));
#17172 = FILL_AREA_STYLE_COLOUR('',#16661);
#17173 = STYLED_ITEM('color',(#17174),#930);
#17174 = PRESENTATION_STYLE_ASSIGNMENT((#17175));
#17175 = SURFACE_STYLE_USAGE(.BOTH.,#17176);
#17176 = SURFACE_SIDE_STYLE('',(#17177));
#17177 = SURFACE_STYLE_FILL_AREA(#17178);
#17178 = FILL_AREA_STYLE('',(#17179));
#17179 = FILL_AREA_STYLE_COLOUR('',#16661);
#17180 = STYLED_ITEM('color',(#17181),#955);
#17181 = PRESENTATION_STYLE_ASSIGNMENT((#17182));
#17182 = SURFACE_STYLE_USAGE(.BOTH.,#17183);
#17183 = SURFACE_SIDE_STYLE('',(#17184));
#17184 = SURFACE_STYLE_FILL_AREA(#17185);
#17185 = FILL_AREA_STYLE('',(#17186));
#17186 = FILL_AREA_STYLE_COLOUR('',#16661);
#17187 = STYLED_ITEM('color',(#17188),#979);
#17188 = PRESENTATION_STYLE_ASSIGNMENT((#17189));
#17189 = SURFACE_STYLE_USAGE(.BOTH.,#17190);
#17190 = SURFACE_SIDE_STYLE('',(#17191));
#17191 = SURFACE_STYLE_FILL_AREA(#17192);
#17192 = FILL_AREA_STYLE('',(#17193));
#17193 = FILL_AREA_STYLE_COLOUR('',#16661);
#17194 = STYLED_ITEM('color',(#17195),#1003);
#17195 = PRESENTATION_STYLE_ASSIGNMENT((#17196));
#17196 = SURFACE_STYLE_USAGE(.BOTH.,#17197);
#17197 = SURFACE_SIDE_STYLE('',(#17198));
#17198 = SURFACE_STYLE_FILL_AREA(#17199);
#17199 = FILL_AREA_STYLE('',(#17200));
#17200 = FILL_AREA_STYLE_COLOUR('',#16661);
#17201 = STYLED_ITEM('color',(#17202),#1028);
#17202 = PRESENTATION_STYLE_ASSIGNMENT((#17203));
#17203 = SURFACE_STYLE_USAGE(.BOTH.,#17204);
#17204 = SURFACE_SIDE_STYLE('',(#17205));
#17205 = SURFACE_STYLE_FILL_AREA(#17206);
#17206 = FILL_AREA_STYLE('',(#17207));
#17207 = FILL_AREA_STYLE_COLOUR('',#16661);
#17208 = STYLED_ITEM('color',(#17209),#1053);
#17209 = PRESENTATION_STYLE_ASSIGNMENT((#17210));
#17210 = SURFACE_STYLE_USAGE(.BOTH.,#17211);
#17211 = SURFACE_SIDE_STYLE('',(#17212));
#17212 = SURFACE_STYLE_FILL_AREA(#17213);
#17213 = FILL_AREA_STYLE('',(#17214));
#17214 = FILL_AREA_STYLE_COLOUR('',#16661);
#17215 = STYLED_ITEM('color',(#17216),#1070);
#17216 = PRESENTATION_STYLE_ASSIGNMENT((#17217));
#17217 = SURFACE_STYLE_USAGE(.BOTH.,#17218);
#17218 = SURFACE_SIDE_STYLE('',(#17219));
#17219 = SURFACE_STYLE_FILL_AREA(#17220);
#17220 = FILL_AREA_STYLE('',(#17221));
#17221 = FILL_AREA_STYLE_COLOUR('',#16661);
#17222 = STYLED_ITEM('color',(#17223),#1156);
#17223 = PRESENTATION_STYLE_ASSIGNMENT((#17224));
#17224 = SURFACE_STYLE_USAGE(.BOTH.,#17225);
#17225 = SURFACE_SIDE_STYLE('',(#17226));
#17226 = SURFACE_STYLE_FILL_AREA(#17227);
#17227 = FILL_AREA_STYLE('',(#17228));
#17228 = FILL_AREA_STYLE_COLOUR('',#17229);
#17229 = COLOUR_RGB('',0.379000005575,0.270000008848,0.214999999939);
#17230 = STYLED_ITEM('color',(#17231),#1188);
#17231 = PRESENTATION_STYLE_ASSIGNMENT((#17232));
#17232 = SURFACE_STYLE_USAGE(.BOTH.,#17233);
#17233 = SURFACE_SIDE_STYLE('',(#17234));
#17234 = SURFACE_STYLE_FILL_AREA(#17235);
#17235 = FILL_AREA_STYLE('',(#17236));
#17236 = FILL_AREA_STYLE_COLOUR('',#17229);
#17237 = STYLED_ITEM('color',(#17238),#1212);
#17238 = PRESENTATION_STYLE_ASSIGNMENT((#17239));
#17239 = SURFACE_STYLE_USAGE(.BOTH.,#17240);
#17240 = SURFACE_SIDE_STYLE('',(#17241));
#17241 = SURFACE_STYLE_FILL_AREA(#17242);
#17242 = FILL_AREA_STYLE('',(#17243));
#17243 = FILL_AREA_STYLE_COLOUR('',#17229);
#17244 = STYLED_ITEM('color',(#17245),#1237);
#17245 = PRESENTATION_STYLE_ASSIGNMENT((#17246));
#17246 = SURFACE_STYLE_USAGE(.BOTH.,#17247);
#17247 = SURFACE_SIDE_STYLE('',(#17248));
#17248 = SURFACE_STYLE_FILL_AREA(#17249);
#17249 = FILL_AREA_STYLE('',(#17250));
#17250 = FILL_AREA_STYLE_COLOUR('',#17229);
#17251 = STYLED_ITEM('color',(#17252),#1261);
#17252 = PRESENTATION_STYLE_ASSIGNMENT((#17253));
#17253 = SURFACE_STYLE_USAGE(.BOTH.,#17254);
#17254 = SURFACE_SIDE_STYLE('',(#17255));
#17255 = SURFACE_STYLE_FILL_AREA(#17256);
#17256 = FILL_AREA_STYLE('',(#17257));
#17257 = FILL_AREA_STYLE_COLOUR('',#17229);
#17258 = STYLED_ITEM('color',(#17259),#1286);
#17259 = PRESENTATION_STYLE_ASSIGNMENT((#17260));
#17260 = SURFACE_STYLE_USAGE(.BOTH.,#17261);
#17261 = SURFACE_SIDE_STYLE('',(#17262));
#17262 = SURFACE_STYLE_FILL_AREA(#17263);
#17263 = FILL_AREA_STYLE('',(#17264));
#17264 = FILL_AREA_STYLE_COLOUR('',#17229);
#17265 = STYLED_ITEM('color',(#17266),#1310);
#17266 = PRESENTATION_STYLE_ASSIGNMENT((#17267));
#17267 = SURFACE_STYLE_USAGE(.BOTH.,#17268);
#17268 = SURFACE_SIDE_STYLE('',(#17269));
#17269 = SURFACE_STYLE_FILL_AREA(#17270);
#17270 = FILL_AREA_STYLE('',(#17271));
#17271 = FILL_AREA_STYLE_COLOUR('',#17229);
#17272 = STYLED_ITEM('color',(#17273),#1335);
#17273 = PRESENTATION_STYLE_ASSIGNMENT((#17274));
#17274 = SURFACE_STYLE_USAGE(.BOTH.,#17275);
#17275 = SURFACE_SIDE_STYLE('',(#17276));
#17276 = SURFACE_STYLE_FILL_AREA(#17277);
#17277 = FILL_AREA_STYLE('',(#17278));
#17278 = FILL_AREA_STYLE_COLOUR('',#17229);
#17279 = STYLED_ITEM('color',(#17280),#1352);
#17280 = PRESENTATION_STYLE_ASSIGNMENT((#17281));
#17281 = SURFACE_STYLE_USAGE(.BOTH.,#17282);
#17282 = SURFACE_SIDE_STYLE('',(#17283));
#17283 = SURFACE_STYLE_FILL_AREA(#17284);
#17284 = FILL_AREA_STYLE('',(#17285));
#17285 = FILL_AREA_STYLE_COLOUR('',#16661);
#17286 = STYLED_ITEM('color',(#17287),#1438);
#17287 = PRESENTATION_STYLE_ASSIGNMENT((#17288));
#17288 = SURFACE_STYLE_USAGE(.BOTH.,#17289);
#17289 = SURFACE_SIDE_STYLE('',(#17290));
#17290 = SURFACE_STYLE_FILL_AREA(#17291);
#17291 = FILL_AREA_STYLE('',(#17292));
#17292 = FILL_AREA_STYLE_COLOUR('',#16661);
#17293 = STYLED_ITEM('color',(#17294),#1469);
#17294 = PRESENTATION_STYLE_ASSIGNMENT((#17295));
#17295 = SURFACE_STYLE_USAGE(.BOTH.,#17296);
#17296 = SURFACE_SIDE_STYLE('',(#17297));
#17297 = SURFACE_STYLE_FILL_AREA(#17298);
#17298 = FILL_AREA_STYLE('',(#17299));
#17299 = FILL_AREA_STYLE_COLOUR('',#16661);
#17300 = STYLED_ITEM('color',(#17301),#1494);
#17301 = PRESENTATION_STYLE_ASSIGNMENT((#17302));
#17302 = SURFACE_STYLE_USAGE(.BOTH.,#17303);
#17303 = SURFACE_SIDE_STYLE('',(#17304));
#17304 = SURFACE_STYLE_FILL_AREA(#17305);
#17305 = FILL_AREA_STYLE('',(#17306));
#17306 = FILL_AREA_STYLE_COLOUR('',#16661);
#17307 = STYLED_ITEM('color',(#17308),#1519);
#17308 = PRESENTATION_STYLE_ASSIGNMENT((#17309));
#17309 = SURFACE_STYLE_USAGE(.BOTH.,#17310);
#17310 = SURFACE_SIDE_STYLE('',(#17311));
#17311 = SURFACE_STYLE_FILL_AREA(#17312);
#17312 = FILL_AREA_STYLE('',(#17313));
#17313 = FILL_AREA_STYLE_COLOUR('',#16661);
#17314 = STYLED_ITEM('color',(#17315),#1543);
#17315 = PRESENTATION_STYLE_ASSIGNMENT((#17316));
#17316 = SURFACE_STYLE_USAGE(.BOTH.,#17317);
#17317 = SURFACE_SIDE_STYLE('',(#17318));
#17318 = SURFACE_STYLE_FILL_AREA(#17319);
#17319 = FILL_AREA_STYLE('',(#17320));
#17320 = FILL_AREA_STYLE_COLOUR('',#16661);
#17321 = STYLED_ITEM('color',(#17322),#1567);
#17322 = PRESENTATION_STYLE_ASSIGNMENT((#17323));
#17323 = SURFACE_STYLE_USAGE(.BOTH.,#17324);
#17324 = SURFACE_SIDE_STYLE('',(#17325));
#17325 = SURFACE_STYLE_FILL_AREA(#17326);
#17326 = FILL_AREA_STYLE('',(#17327));
#17327 = FILL_AREA_STYLE_COLOUR('',#16661);
#17328 = STYLED_ITEM('color',(#17329),#1592);
#17329 = PRESENTATION_STYLE_ASSIGNMENT((#17330));
#17330 = SURFACE_STYLE_USAGE(.BOTH.,#17331);
#17331 = SURFACE_SIDE_STYLE('',(#17332));
#17332 = SURFACE_STYLE_FILL_AREA(#17333);
#17333 = FILL_AREA_STYLE('',(#17334));
#17334 = FILL_AREA_STYLE_COLOUR('',#16661);
#17335 = STYLED_ITEM('color',(#17336),#1617);
#17336 = PRESENTATION_STYLE_ASSIGNMENT((#17337));
#17337 = SURFACE_STYLE_USAGE(.BOTH.,#17338);
#17338 = SURFACE_SIDE_STYLE('',(#17339));
#17339 = SURFACE_STYLE_FILL_AREA(#17340);
#17340 = FILL_AREA_STYLE('',(#17341));
#17341 = FILL_AREA_STYLE_COLOUR('',#16661);
#17342 = STYLED_ITEM('color',(#17343),#1634);
#17343 = PRESENTATION_STYLE_ASSIGNMENT((#17344));
#17344 = SURFACE_STYLE_USAGE(.BOTH.,#17345);
#17345 = SURFACE_SIDE_STYLE('',(#17346));
#17346 = SURFACE_STYLE_FILL_AREA(#17347);
#17347 = FILL_AREA_STYLE('',(#17348));
#17348 = FILL_AREA_STYLE_COLOUR('',#16661);
#17349 = MECHANICAL_DESIGN_GEOMETRIC_PRESENTATION_REPRESENTATION('',(
    #17350,#17357,#17364,#17371,#17378,#17385,#17392,#17399,#17406,
    #17413,#17420,#17427,#17434,#17441,#17448,#17455,#17462,#17469,
    #17476,#17483,#17490,#17497,#17504,#17511,#17518,#17525,#17532,
    #17539),#15904);
#17350 = STYLED_ITEM('color',(#17351),#15052);
#17351 = PRESENTATION_STYLE_ASSIGNMENT((#17352));
#17352 = SURFACE_STYLE_USAGE(.BOTH.,#17353);
#17353 = SURFACE_SIDE_STYLE('',(#17354));
#17354 = SURFACE_STYLE_FILL_AREA(#17355);
#17355 = FILL_AREA_STYLE('',(#17356));
#17356 = FILL_AREA_STYLE_COLOUR('',#16661);
#17357 = STYLED_ITEM('color',(#17358),#15128);
#17358 = PRESENTATION_STYLE_ASSIGNMENT((#17359));
#17359 = SURFACE_STYLE_USAGE(.BOTH.,#17360);
#17360 = SURFACE_SIDE_STYLE('',(#17361));
#17361 = SURFACE_STYLE_FILL_AREA(#17362);
#17362 = FILL_AREA_STYLE('',(#17363));
#17363 = FILL_AREA_STYLE_COLOUR('',#16661);
#17364 = STYLED_ITEM('color',(#17365),#15159);
#17365 = PRESENTATION_STYLE_ASSIGNMENT((#17366));
#17366 = SURFACE_STYLE_USAGE(.BOTH.,#17367);
#17367 = SURFACE_SIDE_STYLE('',(#17368));
#17368 = SURFACE_STYLE_FILL_AREA(#17369);
#17369 = FILL_AREA_STYLE('',(#17370));
#17370 = FILL_AREA_STYLE_COLOUR('',#16661);
#17371 = STYLED_ITEM('color',(#17372),#15184);
#17372 = PRESENTATION_STYLE_ASSIGNMENT((#17373));
#17373 = SURFACE_STYLE_USAGE(.BOTH.,#17374);
#17374 = SURFACE_SIDE_STYLE('',(#17375));
#17375 = SURFACE_STYLE_FILL_AREA(#17376);
#17376 = FILL_AREA_STYLE('',(#17377));
#17377 = FILL_AREA_STYLE_COLOUR('',#16661);
#17378 = STYLED_ITEM('color',(#17379),#15209);
#17379 = PRESENTATION_STYLE_ASSIGNMENT((#17380));
#17380 = SURFACE_STYLE_USAGE(.BOTH.,#17381);
#17381 = SURFACE_SIDE_STYLE('',(#17382));
#17382 = SURFACE_STYLE_FILL_AREA(#17383);
#17383 = FILL_AREA_STYLE('',(#17384));
#17384 = FILL_AREA_STYLE_COLOUR('',#16661);
#17385 = STYLED_ITEM('color',(#17386),#15233);
#17386 = PRESENTATION_STYLE_ASSIGNMENT((#17387));
#17387 = SURFACE_STYLE_USAGE(.BOTH.,#17388);
#17388 = SURFACE_SIDE_STYLE('',(#17389));
#17389 = SURFACE_STYLE_FILL_AREA(#17390);
#17390 = FILL_AREA_STYLE('',(#17391));
#17391 = FILL_AREA_STYLE_COLOUR('',#16661);
#17392 = STYLED_ITEM('color',(#17393),#15257);
#17393 = PRESENTATION_STYLE_ASSIGNMENT((#17394));
#17394 = SURFACE_STYLE_USAGE(.BOTH.,#17395);
#17395 = SURFACE_SIDE_STYLE('',(#17396));
#17396 = SURFACE_STYLE_FILL_AREA(#17397);
#17397 = FILL_AREA_STYLE('',(#17398));
#17398 = FILL_AREA_STYLE_COLOUR('',#16661);
#17399 = STYLED_ITEM('color',(#17400),#15282);
#17400 = PRESENTATION_STYLE_ASSIGNMENT((#17401));
#17401 = SURFACE_STYLE_USAGE(.BOTH.,#17402);
#17402 = SURFACE_SIDE_STYLE('',(#17403));
#17403 = SURFACE_STYLE_FILL_AREA(#17404);
#17404 = FILL_AREA_STYLE('',(#17405));
#17405 = FILL_AREA_STYLE_COLOUR('',#16661);
#17406 = STYLED_ITEM('color',(#17407),#15307);
#17407 = PRESENTATION_STYLE_ASSIGNMENT((#17408));
#17408 = SURFACE_STYLE_USAGE(.BOTH.,#17409);
#17409 = SURFACE_SIDE_STYLE('',(#17410));
#17410 = SURFACE_STYLE_FILL_AREA(#17411);
#17411 = FILL_AREA_STYLE('',(#17412));
#17412 = FILL_AREA_STYLE_COLOUR('',#16661);
#17413 = STYLED_ITEM('color',(#17414),#15324);
#17414 = PRESENTATION_STYLE_ASSIGNMENT((#17415));
#17415 = SURFACE_STYLE_USAGE(.BOTH.,#17416);
#17416 = SURFACE_SIDE_STYLE('',(#17417));
#17417 = SURFACE_STYLE_FILL_AREA(#17418);
#17418 = FILL_AREA_STYLE('',(#17419));
#17419 = FILL_AREA_STYLE_COLOUR('',#16661);
#17420 = STYLED_ITEM('color',(#17421),#15410);
#17421 = PRESENTATION_STYLE_ASSIGNMENT((#17422));
#17422 = SURFACE_STYLE_USAGE(.BOTH.,#17423);
#17423 = SURFACE_SIDE_STYLE('',(#17424));
#17424 = SURFACE_STYLE_FILL_AREA(#17425);
#17425 = FILL_AREA_STYLE('',(#17426));
#17426 = FILL_AREA_STYLE_COLOUR('',#17229);
#17427 = STYLED_ITEM('color',(#17428),#15442);
#17428 = PRESENTATION_STYLE_ASSIGNMENT((#17429));
#17429 = SURFACE_STYLE_USAGE(.BOTH.,#17430);
#17430 = SURFACE_SIDE_STYLE('',(#17431));
#17431 = SURFACE_STYLE_FILL_AREA(#17432);
#17432 = FILL_AREA_STYLE('',(#17433));
#17433 = FILL_AREA_STYLE_COLOUR('',#17229);
#17434 = STYLED_ITEM('color',(#17435),#15466);
#17435 = PRESENTATION_STYLE_ASSIGNMENT((#17436));
#17436 = SURFACE_STYLE_USAGE(.BOTH.,#17437);
#17437 = SURFACE_SIDE_STYLE('',(#17438));
#17438 = SURFACE_STYLE_FILL_AREA(#17439);
#17439 = FILL_AREA_STYLE('',(#17440));
#17440 = FILL_AREA_STYLE_COLOUR('',#17229);
#17441 = STYLED_ITEM('color',(#17442),#15491);
#17442 = PRESENTATION_STYLE_ASSIGNMENT((#17443));
#17443 = SURFACE_STYLE_USAGE(.BOTH.,#17444);
#17444 = SURFACE_SIDE_STYLE('',(#17445));
#17445 = SURFACE_STYLE_FILL_AREA(#17446);
#17446 = FILL_AREA_STYLE('',(#17447));
#17447 = FILL_AREA_STYLE_COLOUR('',#17229);
#17448 = STYLED_ITEM('color',(#17449),#15515);
#17449 = PRESENTATION_STYLE_ASSIGNMENT((#17450));
#17450 = SURFACE_STYLE_USAGE(.BOTH.,#17451);
#17451 = SURFACE_SIDE_STYLE('',(#17452));
#17452 = SURFACE_STYLE_FILL_AREA(#17453);
#17453 = FILL_AREA_STYLE('',(#17454));
#17454 = FILL_AREA_STYLE_COLOUR('',#17229);
#17455 = STYLED_ITEM('color',(#17456),#15540);
#17456 = PRESENTATION_STYLE_ASSIGNMENT((#17457));
#17457 = SURFACE_STYLE_USAGE(.BOTH.,#17458);
#17458 = SURFACE_SIDE_STYLE('',(#17459));
#17459 = SURFACE_STYLE_FILL_AREA(#17460);
#17460 = FILL_AREA_STYLE('',(#17461));
#17461 = FILL_AREA_STYLE_COLOUR('',#17229);
#17462 = STYLED_ITEM('color',(#17463),#15564);
#17463 = PRESENTATION_STYLE_ASSIGNMENT((#17464));
#17464 = SURFACE_STYLE_USAGE(.BOTH.,#17465);
#17465 = SURFACE_SIDE_STYLE('',(#17466));
#17466 = SURFACE_STYLE_FILL_AREA(#17467);
#17467 = FILL_AREA_STYLE('',(#17468));
#17468 = FILL_AREA_STYLE_COLOUR('',#17229);
#17469 = STYLED_ITEM('color',(#17470),#15589);
#17470 = PRESENTATION_STYLE_ASSIGNMENT((#17471));
#17471 = SURFACE_STYLE_USAGE(.BOTH.,#17472);
#17472 = SURFACE_SIDE_STYLE('',(#17473));
#17473 = SURFACE_STYLE_FILL_AREA(#17474);
#17474 = FILL_AREA_STYLE('',(#17475));
#17475 = FILL_AREA_STYLE_COLOUR('',#17229);
#17476 = STYLED_ITEM('color',(#17477),#15606);
#17477 = PRESENTATION_STYLE_ASSIGNMENT((#17478));
#17478 = SURFACE_STYLE_USAGE(.BOTH.,#17479);
#17479 = SURFACE_SIDE_STYLE('',(#17480));
#17480 = SURFACE_STYLE_FILL_AREA(#17481);
#17481 = FILL_AREA_STYLE('',(#17482));
#17482 = FILL_AREA_STYLE_COLOUR('',#16661);
#17483 = STYLED_ITEM('color',(#17484),#15692);
#17484 = PRESENTATION_STYLE_ASSIGNMENT((#17485));
#17485 = SURFACE_STYLE_USAGE(.BOTH.,#17486);
#17486 = SURFACE_SIDE_STYLE('',(#17487));
#17487 = SURFACE_STYLE_FILL_AREA(#17488);
#17488 = FILL_AREA_STYLE('',(#17489));
#17489 = FILL_AREA_STYLE_COLOUR('',#16661);
#17490 = STYLED_ITEM('color',(#17491),#15723);
#17491 = PRESENTATION_STYLE_ASSIGNMENT((#17492));
#17492 = SURFACE_STYLE_USAGE(.BOTH.,#17493);
#17493 = SURFACE_SIDE_STYLE('',(#17494));
#17494 = SURFACE_STYLE_FILL_AREA(#17495);
#17495 = FILL_AREA_STYLE('',(#17496));
#17496 = FILL_AREA_STYLE_COLOUR('',#16661);
#17497 = STYLED_ITEM('color',(#17498),#15748);
#17498 = PRESENTATION_STYLE_ASSIGNMENT((#17499));
#17499 = SURFACE_STYLE_USAGE(.BOTH.,#17500);
#17500 = SURFACE_SIDE_STYLE('',(#17501));
#17501 = SURFACE_STYLE_FILL_AREA(#17502);
#17502 = FILL_AREA_STYLE('',(#17503));
#17503 = FILL_AREA_STYLE_COLOUR('',#16661);
#17504 = STYLED_ITEM('color',(#17505),#15773);
#17505 = PRESENTATION_STYLE_ASSIGNMENT((#17506));
#17506 = SURFACE_STYLE_USAGE(.BOTH.,#17507);
#17507 = SURFACE_SIDE_STYLE('',(#17508));
#17508 = SURFACE_STYLE_FILL_AREA(#17509);
#17509 = FILL_AREA_STYLE('',(#17510));
#17510 = FILL_AREA_STYLE_COLOUR('',#16661);
#17511 = STYLED_ITEM('color',(#17512),#15797);
#17512 = PRESENTATION_STYLE_ASSIGNMENT((#17513));
#17513 = SURFACE_STYLE_USAGE(.BOTH.,#17514);
#17514 = SURFACE_SIDE_STYLE('',(#17515));
#17515 = SURFACE_STYLE_FILL_AREA(#17516);
#17516 = FILL_AREA_STYLE('',(#17517));
#17517 = FILL_AREA_STYLE_COLOUR('',#16661);
#17518 = STYLED_ITEM('color',(#17519),#15821);
#17519 = PRESENTATION_STYLE_ASSIGNMENT((#17520));
#17520 = SURFACE_STYLE_USAGE(.BOTH.,#17521);
#17521 = SURFACE_SIDE_STYLE('',(#17522));
#17522 = SURFACE_STYLE_FILL_AREA(#17523);
#17523 = FILL_AREA_STYLE('',(#17524));
#17524 = FILL_AREA_STYLE_COLOUR('',#16661);
#17525 = STYLED_ITEM('color',(#17526),#15846);
#17526 = PRESENTATION_STYLE_ASSIGNMENT((#17527));
#17527 = SURFACE_STYLE_USAGE(.BOTH.,#17528);
#17528 = SURFACE_SIDE_STYLE('',(#17529));
#17529 = SURFACE_STYLE_FILL_AREA(#17530);
#17530 = FILL_AREA_STYLE('',(#17531));
#17531 = FILL_AREA_STYLE_COLOUR('',#16661);
#17532 = STYLED_ITEM('color',(#17533),#15871);
#17533 = PRESENTATION_STYLE_ASSIGNMENT((#17534));
#17534 = SURFACE_STYLE_USAGE(.BOTH.,#17535);
#17535 = SURFACE_SIDE_STYLE('',(#17536));
#17536 = SURFACE_STYLE_FILL_AREA(#17537);
#17537 = FILL_AREA_STYLE('',(#17538));
#17538 = FILL_AREA_STYLE_COLOUR('',#16661);
#17539 = STYLED_ITEM('color',(#17540),#15888);
#17540 = PRESENTATION_STYLE_ASSIGNMENT((#17541));
#17541 = SURFACE_STYLE_USAGE(.BOTH.,#17542);
#17542 = SURFACE_SIDE_STYLE('',(#17543));
#17543 = SURFACE_STYLE_FILL_AREA(#17544);
#17544 = FILL_AREA_STYLE('',(#17545));
#17545 = FILL_AREA_STYLE_COLOUR('',#16661);
#17546 = MECHANICAL_DESIGN_GEOMETRIC_PRESENTATION_REPRESENTATION('',(
    #17547,#17554,#17561,#17568,#17575,#17582,#17589,#17596,#17604,
    #17611,#17618,#17625,#17632,#17639,#17647,#17654,#17661,#17668,
    #17675,#17682,#17689,#17696,#17703,#17710,#17717,#17724),#7179);
#17547 = STYLED_ITEM('color',(#17548),#6391);
#17548 = PRESENTATION_STYLE_ASSIGNMENT((#17549));
#17549 = SURFACE_STYLE_USAGE(.BOTH.,#17550);
#17550 = SURFACE_SIDE_STYLE('',(#17551));
#17551 = SURFACE_STYLE_FILL_AREA(#17552);
#17552 = FILL_AREA_STYLE('',(#17553));
#17553 = FILL_AREA_STYLE_COLOUR('',#16661);
#17554 = STYLED_ITEM('color',(#17555),#6431);
#17555 = PRESENTATION_STYLE_ASSIGNMENT((#17556));
#17556 = SURFACE_STYLE_USAGE(.BOTH.,#17557);
#17557 = SURFACE_SIDE_STYLE('',(#17558));
#17558 = SURFACE_STYLE_FILL_AREA(#17559);
#17559 = FILL_AREA_STYLE('',(#17560));
#17560 = FILL_AREA_STYLE_COLOUR('',#16661);
#17561 = STYLED_ITEM('color',(#17562),#6514);
#17562 = PRESENTATION_STYLE_ASSIGNMENT((#17563));
#17563 = SURFACE_STYLE_USAGE(.BOTH.,#17564);
#17564 = SURFACE_SIDE_STYLE('',(#17565));
#17565 = SURFACE_STYLE_FILL_AREA(#17566);
#17566 = FILL_AREA_STYLE('',(#17567));
#17567 = FILL_AREA_STYLE_COLOUR('',#16661);
#17568 = STYLED_ITEM('color',(#17569),#6539);
#17569 = PRESENTATION_STYLE_ASSIGNMENT((#17570));
#17570 = SURFACE_STYLE_USAGE(.BOTH.,#17571);
#17571 = SURFACE_SIDE_STYLE('',(#17572));
#17572 = SURFACE_STYLE_FILL_AREA(#17573);
#17573 = FILL_AREA_STYLE('',(#17574));
#17574 = FILL_AREA_STYLE_COLOUR('',#16661);
#17575 = STYLED_ITEM('color',(#17576),#6564);
#17576 = PRESENTATION_STYLE_ASSIGNMENT((#17577));
#17577 = SURFACE_STYLE_USAGE(.BOTH.,#17578);
#17578 = SURFACE_SIDE_STYLE('',(#17579));
#17579 = SURFACE_STYLE_FILL_AREA(#17580);
#17580 = FILL_AREA_STYLE('',(#17581));
#17581 = FILL_AREA_STYLE_COLOUR('',#16661);
#17582 = STYLED_ITEM('color',(#17583),#6631);
#17583 = PRESENTATION_STYLE_ASSIGNMENT((#17584));
#17584 = SURFACE_STYLE_USAGE(.BOTH.,#17585);
#17585 = SURFACE_SIDE_STYLE('',(#17586));
#17586 = SURFACE_STYLE_FILL_AREA(#17587);
#17587 = FILL_AREA_STYLE('',(#17588));
#17588 = FILL_AREA_STYLE_COLOUR('',#16661);
#17589 = STYLED_ITEM('color',(#17590),#6648);
#17590 = PRESENTATION_STYLE_ASSIGNMENT((#17591));
#17591 = SURFACE_STYLE_USAGE(.BOTH.,#17592);
#17592 = SURFACE_SIDE_STYLE('',(#17593));
#17593 = SURFACE_STYLE_FILL_AREA(#17594);
#17594 = FILL_AREA_STYLE('',(#17595));
#17595 = FILL_AREA_STYLE_COLOUR('',#16661);
#17596 = STYLED_ITEM('color',(#17597),#6665);
#17597 = PRESENTATION_STYLE_ASSIGNMENT((#17598));
#17598 = SURFACE_STYLE_USAGE(.BOTH.,#17599);
#17599 = SURFACE_SIDE_STYLE('',(#17600));
#17600 = SURFACE_STYLE_FILL_AREA(#17601);
#17601 = FILL_AREA_STYLE('',(#17602));
#17602 = FILL_AREA_STYLE_COLOUR('',#17603);
#17603 = COLOUR_RGB('',0.894999966383,0.890999961016,0.813000030345);
#17604 = STYLED_ITEM('color',(#17605),#6714);
#17605 = PRESENTATION_STYLE_ASSIGNMENT((#17606));
#17606 = SURFACE_STYLE_USAGE(.BOTH.,#17607);
#17607 = SURFACE_SIDE_STYLE('',(#17608));
#17608 = SURFACE_STYLE_FILL_AREA(#17609);
#17609 = FILL_AREA_STYLE('',(#17610));
#17610 = FILL_AREA_STYLE_COLOUR('',#16661);
#17611 = STYLED_ITEM('color',(#17612),#6736);
#17612 = PRESENTATION_STYLE_ASSIGNMENT((#17613));
#17613 = SURFACE_STYLE_USAGE(.BOTH.,#17614);
#17614 = SURFACE_SIDE_STYLE('',(#17615));
#17615 = SURFACE_STYLE_FILL_AREA(#17616);
#17616 = FILL_AREA_STYLE('',(#17617));
#17617 = FILL_AREA_STYLE_COLOUR('',#16661);
#17618 = STYLED_ITEM('color',(#17619),#6748);
#17619 = PRESENTATION_STYLE_ASSIGNMENT((#17620));
#17620 = SURFACE_STYLE_USAGE(.BOTH.,#17621);
#17621 = SURFACE_SIDE_STYLE('',(#17622));
#17622 = SURFACE_STYLE_FILL_AREA(#17623);
#17623 = FILL_AREA_STYLE('',(#17624));
#17624 = FILL_AREA_STYLE_COLOUR('',#17603);
#17625 = STYLED_ITEM('color',(#17626),#6797);
#17626 = PRESENTATION_STYLE_ASSIGNMENT((#17627));
#17627 = SURFACE_STYLE_USAGE(.BOTH.,#17628);
#17628 = SURFACE_SIDE_STYLE('',(#17629));
#17629 = SURFACE_STYLE_FILL_AREA(#17630);
#17630 = FILL_AREA_STYLE('',(#17631));
#17631 = FILL_AREA_STYLE_COLOUR('',#17603);
#17632 = STYLED_ITEM('color',(#17633),#6814);
#17633 = PRESENTATION_STYLE_ASSIGNMENT((#17634));
#17634 = SURFACE_STYLE_USAGE(.BOTH.,#17635);
#17635 = SURFACE_SIDE_STYLE('',(#17636));
#17636 = SURFACE_STYLE_FILL_AREA(#17637);
#17637 = FILL_AREA_STYLE('',(#17638));
#17638 = FILL_AREA_STYLE_COLOUR('',#16661);
#17639 = STYLED_ITEM('color',(#17640),#6883);
#17640 = PRESENTATION_STYLE_ASSIGNMENT((#17641));
#17641 = SURFACE_STYLE_USAGE(.BOTH.,#17642);
#17642 = SURFACE_SIDE_STYLE('',(#17643));
#17643 = SURFACE_STYLE_FILL_AREA(#17644);
#17644 = FILL_AREA_STYLE('',(#17645));
#17645 = FILL_AREA_STYLE_COLOUR('',#17646);
#17646 = COLOUR_RGB('',8.200000279077E-02,8.600000121357E-02,
  9.399999706163E-02);
#17647 = STYLED_ITEM('color',(#17648),#6914);
#17648 = PRESENTATION_STYLE_ASSIGNMENT((#17649));
#17649 = SURFACE_STYLE_USAGE(.BOTH.,#17650);
#17650 = SURFACE_SIDE_STYLE('',(#17651));
#17651 = SURFACE_STYLE_FILL_AREA(#17652);
#17652 = FILL_AREA_STYLE('',(#17653));
#17653 = FILL_AREA_STYLE_COLOUR('',#17646);
#17654 = STYLED_ITEM('color',(#17655),#6938);
#17655 = PRESENTATION_STYLE_ASSIGNMENT((#17656));
#17656 = SURFACE_STYLE_USAGE(.BOTH.,#17657);
#17657 = SURFACE_SIDE_STYLE('',(#17658));
#17658 = SURFACE_STYLE_FILL_AREA(#17659);
#17659 = FILL_AREA_STYLE('',(#17660));
#17660 = FILL_AREA_STYLE_COLOUR('',#16661);
#17661 = STYLED_ITEM('color',(#17662),#7007);
#17662 = PRESENTATION_STYLE_ASSIGNMENT((#17663));
#17663 = SURFACE_STYLE_USAGE(.BOTH.,#17664);
#17664 = SURFACE_SIDE_STYLE('',(#17665));
#17665 = SURFACE_STYLE_FILL_AREA(#17666);
#17666 = FILL_AREA_STYLE('',(#17667));
#17667 = FILL_AREA_STYLE_COLOUR('',#17646);
#17668 = STYLED_ITEM('color',(#17669),#7031);
#17669 = PRESENTATION_STYLE_ASSIGNMENT((#17670));
#17670 = SURFACE_STYLE_USAGE(.BOTH.,#17671);
#17671 = SURFACE_SIDE_STYLE('',(#17672));
#17672 = SURFACE_STYLE_FILL_AREA(#17673);
#17673 = FILL_AREA_STYLE('',(#17674));
#17674 = FILL_AREA_STYLE_COLOUR('',#16661);
#17675 = STYLED_ITEM('color',(#17676),#7048);
#17676 = PRESENTATION_STYLE_ASSIGNMENT((#17677));
#17677 = SURFACE_STYLE_USAGE(.BOTH.,#17678);
#17678 = SURFACE_SIDE_STYLE('',(#17679));
#17679 = SURFACE_STYLE_FILL_AREA(#17680);
#17680 = FILL_AREA_STYLE('',(#17681));
#17681 = FILL_AREA_STYLE_COLOUR('',#16661);
#17682 = STYLED_ITEM('color',(#17683),#7065);
#17683 = PRESENTATION_STYLE_ASSIGNMENT((#17684));
#17684 = SURFACE_STYLE_USAGE(.BOTH.,#17685);
#17685 = SURFACE_SIDE_STYLE('',(#17686));
#17686 = SURFACE_STYLE_FILL_AREA(#17687);
#17687 = FILL_AREA_STYLE('',(#17688));
#17688 = FILL_AREA_STYLE_COLOUR('',#16661);
#17689 = STYLED_ITEM('color',(#17690),#7082);
#17690 = PRESENTATION_STYLE_ASSIGNMENT((#17691));
#17691 = SURFACE_STYLE_USAGE(.BOTH.,#17692);
#17692 = SURFACE_SIDE_STYLE('',(#17693));
#17693 = SURFACE_STYLE_FILL_AREA(#17694);
#17694 = FILL_AREA_STYLE('',(#17695));
#17695 = FILL_AREA_STYLE_COLOUR('',#16661);
#17696 = STYLED_ITEM('color',(#17697),#7099);
#17697 = PRESENTATION_STYLE_ASSIGNMENT((#17698));
#17698 = SURFACE_STYLE_USAGE(.BOTH.,#17699);
#17699 = SURFACE_SIDE_STYLE('',(#17700));
#17700 = SURFACE_STYLE_FILL_AREA(#17701);
#17701 = FILL_AREA_STYLE('',(#17702));
#17702 = FILL_AREA_STYLE_COLOUR('',#16661);
#17703 = STYLED_ITEM('color',(#17704),#7116);
#17704 = PRESENTATION_STYLE_ASSIGNMENT((#17705));
#17705 = SURFACE_STYLE_USAGE(.BOTH.,#17706);
#17706 = SURFACE_SIDE_STYLE('',(#17707));
#17707 = SURFACE_STYLE_FILL_AREA(#17708);
#17708 = FILL_AREA_STYLE('',(#17709));
#17709 = FILL_AREA_STYLE_COLOUR('',#16661);
#17710 = STYLED_ITEM('color',(#17711),#7133);
#17711 = PRESENTATION_STYLE_ASSIGNMENT((#17712));
#17712 = SURFACE_STYLE_USAGE(.BOTH.,#17713);
#17713 = SURFACE_SIDE_STYLE('',(#17714));
#17714 = SURFACE_STYLE_FILL_AREA(#17715);
#17715 = FILL_AREA_STYLE('',(#17716));
#17716 = FILL_AREA_STYLE_COLOUR('',#16661);
#17717 = STYLED_ITEM('color',(#17718),#7150);
#17718 = PRESENTATION_STYLE_ASSIGNMENT((#17719));
#17719 = SURFACE_STYLE_USAGE(.BOTH.,#17720);
#17720 = SURFACE_SIDE_STYLE('',(#17721));
#17721 = SURFACE_STYLE_FILL_AREA(#17722);
#17722 = FILL_AREA_STYLE('',(#17723));
#17723 = FILL_AREA_STYLE_COLOUR('',#17646);
#17724 = STYLED_ITEM('color',(#17725),#7167);
#17725 = PRESENTATION_STYLE_ASSIGNMENT((#17726));
#17726 = SURFACE_STYLE_USAGE(.BOTH.,#17727);
#17727 = SURFACE_SIDE_STYLE('',(#17728));
#17728 = SURFACE_STYLE_FILL_AREA(#17729);
#17729 = FILL_AREA_STYLE('',(#17730));
#17730 = FILL_AREA_STYLE_COLOUR('',#17646);
#17731 = MECHANICAL_DESIGN_GEOMETRIC_PRESENTATION_REPRESENTATION('',(
    #17732),#16515);
#17732 = STYLED_ITEM('color',(#17733),#15933);
#17733 = PRESENTATION_STYLE_ASSIGNMENT((#17734));
#17734 = SURFACE_STYLE_USAGE(.BOTH.,#17735);
#17735 = SURFACE_SIDE_STYLE('',(#17736));
#17736 = SURFACE_STYLE_FILL_AREA(#17737);
#17737 = FILL_AREA_STYLE('',(#17738));
#17738 = FILL_AREA_STYLE_COLOUR('',#17739);
#17739 = COLOUR_RGB('',0.313304153717,0.484529207832,0.410020903123);
#17740 = MECHANICAL_DESIGN_GEOMETRIC_PRESENTATION_REPRESENTATION('',(
    #17741,#17750,#17759,#17768,#17777,#17786,#17795,#17804,#17813,
    #17822,#17831,#17840,#17849,#17858,#17867,#17876,#17885,#17894,
    #17903,#17912,#17921,#17930,#17939,#17948,#17957,#17966,#17975,
    #17984,#17993,#18002,#18011,#18020,#18029,#18038,#18047,#18056,
    #18065,#18074,#18083,#18092,#18101,#18110,#18119,#18128,#18137,
    #18146,#18155,#18164,#18173,#18182,#18191,#18200,#18209,#18218,
    #18227,#18236,#18245,#18254,#18263,#18272,#18281,#18290,#18299,
    #18308,#18317,#18326,#18335,#18344,#18353,#18362,#18371,#18380,
    #18389,#18398,#18407,#18416,#18425,#18434,#18443,#18452,#18461,
    #18470,#18479,#18488,#18497,#18506,#18515,#18524,#18533,#18542,
    #18551,#18560,#18569,#18578,#18587,#18596,#18605,#18614,#18623,
    #18632,#18641,#18650),#4761);
#17741 = STYLED_ITEM('color',(#17742),#1694);
#17742 = PRESENTATION_STYLE_ASSIGNMENT((#17743,#17748));
#17743 = SURFACE_STYLE_USAGE(.BOTH.,#17744);
#17744 = SURFACE_SIDE_STYLE('',(#17745));
#17745 = SURFACE_STYLE_FILL_AREA(#17746);
#17746 = FILL_AREA_STYLE('',(#17747));
#17747 = FILL_AREA_STYLE_COLOUR('',#16534);
#17748 = CURVE_STYLE('',#17749,POSITIVE_LENGTH_MEASURE(0.1),#16534);
#17749 = DRAUGHTING_PRE_DEFINED_CURVE_FONT('continuous');
#17750 = STYLED_ITEM('color',(#17751),#1732);
#17751 = PRESENTATION_STYLE_ASSIGNMENT((#17752,#17757));
#17752 = SURFACE_STYLE_USAGE(.BOTH.,#17753);
#17753 = SURFACE_SIDE_STYLE('',(#17754));
#17754 = SURFACE_STYLE_FILL_AREA(#17755);
#17755 = FILL_AREA_STYLE('',(#17756));
#17756 = FILL_AREA_STYLE_COLOUR('',#16534);
#17757 = CURVE_STYLE('',#17758,POSITIVE_LENGTH_MEASURE(0.1),#16534);
#17758 = DRAUGHTING_PRE_DEFINED_CURVE_FONT('continuous');
#17759 = STYLED_ITEM('color',(#17760),#1795);
#17760 = PRESENTATION_STYLE_ASSIGNMENT((#17761,#17766));
#17761 = SURFACE_STYLE_USAGE(.BOTH.,#17762);
#17762 = SURFACE_SIDE_STYLE('',(#17763));
#17763 = SURFACE_STYLE_FILL_AREA(#17764);
#17764 = FILL_AREA_STYLE('',(#17765));
#17765 = FILL_AREA_STYLE_COLOUR('',#16534);
#17766 = CURVE_STYLE('',#17767,POSITIVE_LENGTH_MEASURE(0.1),#16534);
#17767 = DRAUGHTING_PRE_DEFINED_CURVE_FONT('continuous');
#17768 = STYLED_ITEM('color',(#17769),#1818);
#17769 = PRESENTATION_STYLE_ASSIGNMENT((#17770,#17775));
#17770 = SURFACE_STYLE_USAGE(.BOTH.,#17771);
#17771 = SURFACE_SIDE_STYLE('',(#17772));
#17772 = SURFACE_STYLE_FILL_AREA(#17773);
#17773 = FILL_AREA_STYLE('',(#17774));
#17774 = FILL_AREA_STYLE_COLOUR('',#16534);
#17775 = CURVE_STYLE('',#17776,POSITIVE_LENGTH_MEASURE(0.1),#16534);
#17776 = DRAUGHTING_PRE_DEFINED_CURVE_FONT('continuous');
#17777 = STYLED_ITEM('color',(#17778),#1847);
#17778 = PRESENTATION_STYLE_ASSIGNMENT((#17779,#17784));
#17779 = SURFACE_STYLE_USAGE(.BOTH.,#17780);
#17780 = SURFACE_SIDE_STYLE('',(#17781));
#17781 = SURFACE_STYLE_FILL_AREA(#17782);
#17782 = FILL_AREA_STYLE('',(#17783));
#17783 = FILL_AREA_STYLE_COLOUR('',#16534);
#17784 = CURVE_STYLE('',#17785,POSITIVE_LENGTH_MEASURE(0.1),#16534);
#17785 = DRAUGHTING_PRE_DEFINED_CURVE_FONT('continuous');
#17786 = STYLED_ITEM('color',(#17787),#1870);
#17787 = PRESENTATION_STYLE_ASSIGNMENT((#17788,#17793));
#17788 = SURFACE_STYLE_USAGE(.BOTH.,#17789);
#17789 = SURFACE_SIDE_STYLE('',(#17790));
#17790 = SURFACE_STYLE_FILL_AREA(#17791);
#17791 = FILL_AREA_STYLE('',(#17792));
#17792 = FILL_AREA_STYLE_COLOUR('',#16534);
#17793 = CURVE_STYLE('',#17794,POSITIVE_LENGTH_MEASURE(0.1),#16534);
#17794 = DRAUGHTING_PRE_DEFINED_CURVE_FONT('continuous');
#17795 = STYLED_ITEM('color',(#17796),#1941);
#17796 = PRESENTATION_STYLE_ASSIGNMENT((#17797,#17802));
#17797 = SURFACE_STYLE_USAGE(.BOTH.,#17798);
#17798 = SURFACE_SIDE_STYLE('',(#17799));
#17799 = SURFACE_STYLE_FILL_AREA(#17800);
#17800 = FILL_AREA_STYLE('',(#17801));
#17801 = FILL_AREA_STYLE_COLOUR('',#16534);
#17802 = CURVE_STYLE('',#17803,POSITIVE_LENGTH_MEASURE(0.1),#16534);
#17803 = DRAUGHTING_PRE_DEFINED_CURVE_FONT('continuous');
#17804 = STYLED_ITEM('color',(#17805),#1996);
#17805 = PRESENTATION_STYLE_ASSIGNMENT((#17806,#17811));
#17806 = SURFACE_STYLE_USAGE(.BOTH.,#17807);
#17807 = SURFACE_SIDE_STYLE('',(#17808));
#17808 = SURFACE_STYLE_FILL_AREA(#17809);
#17809 = FILL_AREA_STYLE('',(#17810));
#17810 = FILL_AREA_STYLE_COLOUR('',#16534);
#17811 = CURVE_STYLE('',#17812,POSITIVE_LENGTH_MEASURE(0.1),#16534);
#17812 = DRAUGHTING_PRE_DEFINED_CURVE_FONT('continuous');
#17813 = STYLED_ITEM('color',(#17814),#2019);
#17814 = PRESENTATION_STYLE_ASSIGNMENT((#17815,#17820));
#17815 = SURFACE_STYLE_USAGE(.BOTH.,#17816);
#17816 = SURFACE_SIDE_STYLE('',(#17817));
#17817 = SURFACE_STYLE_FILL_AREA(#17818);
#17818 = FILL_AREA_STYLE('',(#17819));
#17819 = FILL_AREA_STYLE_COLOUR('',#16534);
#17820 = CURVE_STYLE('',#17821,POSITIVE_LENGTH_MEASURE(0.1),#16534);
#17821 = DRAUGHTING_PRE_DEFINED_CURVE_FONT('continuous');
#17822 = STYLED_ITEM('color',(#17823),#2042);
#17823 = PRESENTATION_STYLE_ASSIGNMENT((#17824,#17829));
#17824 = SURFACE_STYLE_USAGE(.BOTH.,#17825);
#17825 = SURFACE_SIDE_STYLE('',(#17826));
#17826 = SURFACE_STYLE_FILL_AREA(#17827);
#17827 = FILL_AREA_STYLE('',(#17828));
#17828 = FILL_AREA_STYLE_COLOUR('',#16534);
#17829 = CURVE_STYLE('',#17830,POSITIVE_LENGTH_MEASURE(0.1),#16534);
#17830 = DRAUGHTING_PRE_DEFINED_CURVE_FONT('continuous');
#17831 = STYLED_ITEM('color',(#17832),#2059);
#17832 = PRESENTATION_STYLE_ASSIGNMENT((#17833,#17838));
#17833 = SURFACE_STYLE_USAGE(.BOTH.,#17834);
#17834 = SURFACE_SIDE_STYLE('',(#17835));
#17835 = SURFACE_STYLE_FILL_AREA(#17836);
#17836 = FILL_AREA_STYLE('',(#17837));
#17837 = FILL_AREA_STYLE_COLOUR('',#16534);
#17838 = CURVE_STYLE('',#17839,POSITIVE_LENGTH_MEASURE(0.1),#16534);
#17839 = DRAUGHTING_PRE_DEFINED_CURVE_FONT('continuous');
#17840 = STYLED_ITEM('color',(#17841),#2082);
#17841 = PRESENTATION_STYLE_ASSIGNMENT((#17842,#17847));
#17842 = SURFACE_STYLE_USAGE(.BOTH.,#17843);
#17843 = SURFACE_SIDE_STYLE('',(#17844));
#17844 = SURFACE_STYLE_FILL_AREA(#17845);
#17845 = FILL_AREA_STYLE('',(#17846));
#17846 = FILL_AREA_STYLE_COLOUR('',#16534);
#17847 = CURVE_STYLE('',#17848,POSITIVE_LENGTH_MEASURE(0.1),#16534);
#17848 = DRAUGHTING_PRE_DEFINED_CURVE_FONT('continuous');
#17849 = STYLED_ITEM('color',(#17850),#2170);
#17850 = PRESENTATION_STYLE_ASSIGNMENT((#17851,#17856));
#17851 = SURFACE_STYLE_USAGE(.BOTH.,#17852);
#17852 = SURFACE_SIDE_STYLE('',(#17853));
#17853 = SURFACE_STYLE_FILL_AREA(#17854);
#17854 = FILL_AREA_STYLE('',(#17855));
#17855 = FILL_AREA_STYLE_COLOUR('',#16534);
#17856 = CURVE_STYLE('',#17857,POSITIVE_LENGTH_MEASURE(0.1),#16534);
#17857 = DRAUGHTING_PRE_DEFINED_CURVE_FONT('continuous');
#17858 = STYLED_ITEM('color',(#17859),#2186);
#17859 = PRESENTATION_STYLE_ASSIGNMENT((#17860,#17865));
#17860 = SURFACE_STYLE_USAGE(.BOTH.,#17861);
#17861 = SURFACE_SIDE_STYLE('',(#17862));
#17862 = SURFACE_STYLE_FILL_AREA(#17863);
#17863 = FILL_AREA_STYLE('',(#17864));
#17864 = FILL_AREA_STYLE_COLOUR('',#16534);
#17865 = CURVE_STYLE('',#17866,POSITIVE_LENGTH_MEASURE(0.1),#16534);
#17866 = DRAUGHTING_PRE_DEFINED_CURVE_FONT('continuous');
#17867 = STYLED_ITEM('color',(#17868),#2216);
#17868 = PRESENTATION_STYLE_ASSIGNMENT((#17869,#17874));
#17869 = SURFACE_STYLE_USAGE(.BOTH.,#17870);
#17870 = SURFACE_SIDE_STYLE('',(#17871));
#17871 = SURFACE_STYLE_FILL_AREA(#17872);
#17872 = FILL_AREA_STYLE('',(#17873));
#17873 = FILL_AREA_STYLE_COLOUR('',#16661);
#17874 = CURVE_STYLE('',#17875,POSITIVE_LENGTH_MEASURE(0.1),#16661);
#17875 = DRAUGHTING_PRE_DEFINED_CURVE_FONT('continuous');
#17876 = STYLED_ITEM('color',(#17877),#2247);
#17877 = PRESENTATION_STYLE_ASSIGNMENT((#17878,#17883));
#17878 = SURFACE_STYLE_USAGE(.BOTH.,#17879);
#17879 = SURFACE_SIDE_STYLE('',(#17880));
#17880 = SURFACE_STYLE_FILL_AREA(#17881);
#17881 = FILL_AREA_STYLE('',(#17882));
#17882 = FILL_AREA_STYLE_COLOUR('',#16534);
#17883 = CURVE_STYLE('',#17884,POSITIVE_LENGTH_MEASURE(0.1),#16534);
#17884 = DRAUGHTING_PRE_DEFINED_CURVE_FONT('continuous');
#17885 = STYLED_ITEM('color',(#17886),#2278);
#17886 = PRESENTATION_STYLE_ASSIGNMENT((#17887,#17892));
#17887 = SURFACE_STYLE_USAGE(.BOTH.,#17888);
#17888 = SURFACE_SIDE_STYLE('',(#17889));
#17889 = SURFACE_STYLE_FILL_AREA(#17890);
#17890 = FILL_AREA_STYLE('',(#17891));
#17891 = FILL_AREA_STYLE_COLOUR('',#16661);
#17892 = CURVE_STYLE('',#17893,POSITIVE_LENGTH_MEASURE(0.1),#16661);
#17893 = DRAUGHTING_PRE_DEFINED_CURVE_FONT('continuous');
#17894 = STYLED_ITEM('color',(#17895),#2309);
#17895 = PRESENTATION_STYLE_ASSIGNMENT((#17896,#17901));
#17896 = SURFACE_STYLE_USAGE(.BOTH.,#17897);
#17897 = SURFACE_SIDE_STYLE('',(#17898));
#17898 = SURFACE_STYLE_FILL_AREA(#17899);
#17899 = FILL_AREA_STYLE('',(#17900));
#17900 = FILL_AREA_STYLE_COLOUR('',#16534);
#17901 = CURVE_STYLE('',#17902,POSITIVE_LENGTH_MEASURE(0.1),#16534);
#17902 = DRAUGHTING_PRE_DEFINED_CURVE_FONT('continuous');
#17903 = STYLED_ITEM('color',(#17904),#2340);
#17904 = PRESENTATION_STYLE_ASSIGNMENT((#17905,#17910));
#17905 = SURFACE_STYLE_USAGE(.BOTH.,#17906);
#17906 = SURFACE_SIDE_STYLE('',(#17907));
#17907 = SURFACE_STYLE_FILL_AREA(#17908);
#17908 = FILL_AREA_STYLE('',(#17909));
#17909 = FILL_AREA_STYLE_COLOUR('',#16661);
#17910 = CURVE_STYLE('',#17911,POSITIVE_LENGTH_MEASURE(0.1),#16661);
#17911 = DRAUGHTING_PRE_DEFINED_CURVE_FONT('continuous');
#17912 = STYLED_ITEM('color',(#17913),#2371);
#17913 = PRESENTATION_STYLE_ASSIGNMENT((#17914,#17919));
#17914 = SURFACE_STYLE_USAGE(.BOTH.,#17915);
#17915 = SURFACE_SIDE_STYLE('',(#17916));
#17916 = SURFACE_STYLE_FILL_AREA(#17917);
#17917 = FILL_AREA_STYLE('',(#17918));
#17918 = FILL_AREA_STYLE_COLOUR('',#16534);
#17919 = CURVE_STYLE('',#17920,POSITIVE_LENGTH_MEASURE(0.1),#16534);
#17920 = DRAUGHTING_PRE_DEFINED_CURVE_FONT('continuous');
#17921 = STYLED_ITEM('color',(#17922),#2388);
#17922 = PRESENTATION_STYLE_ASSIGNMENT((#17923,#17928));
#17923 = SURFACE_STYLE_USAGE(.BOTH.,#17924);
#17924 = SURFACE_SIDE_STYLE('',(#17925));
#17925 = SURFACE_STYLE_FILL_AREA(#17926);
#17926 = FILL_AREA_STYLE('',(#17927));
#17927 = FILL_AREA_STYLE_COLOUR('',#16534);
#17928 = CURVE_STYLE('',#17929,POSITIVE_LENGTH_MEASURE(0.1),#16534);
#17929 = DRAUGHTING_PRE_DEFINED_CURVE_FONT('continuous');
#17930 = STYLED_ITEM('color',(#17931),#2405);
#17931 = PRESENTATION_STYLE_ASSIGNMENT((#17932,#17937));
#17932 = SURFACE_STYLE_USAGE(.BOTH.,#17933);
#17933 = SURFACE_SIDE_STYLE('',(#17934));
#17934 = SURFACE_STYLE_FILL_AREA(#17935);
#17935 = FILL_AREA_STYLE('',(#17936));
#17936 = FILL_AREA_STYLE_COLOUR('',#16661);
#17937 = CURVE_STYLE('',#17938,POSITIVE_LENGTH_MEASURE(0.1),#16661);
#17938 = DRAUGHTING_PRE_DEFINED_CURVE_FONT('continuous');
#17939 = STYLED_ITEM('color',(#17940),#2436);
#17940 = PRESENTATION_STYLE_ASSIGNMENT((#17941,#17946));
#17941 = SURFACE_STYLE_USAGE(.BOTH.,#17942);
#17942 = SURFACE_SIDE_STYLE('',(#17943));
#17943 = SURFACE_STYLE_FILL_AREA(#17944);
#17944 = FILL_AREA_STYLE('',(#17945));
#17945 = FILL_AREA_STYLE_COLOUR('',#16534);
#17946 = CURVE_STYLE('',#17947,POSITIVE_LENGTH_MEASURE(0.1),#16534);
#17947 = DRAUGHTING_PRE_DEFINED_CURVE_FONT('continuous');
#17948 = STYLED_ITEM('color',(#17949),#2467);
#17949 = PRESENTATION_STYLE_ASSIGNMENT((#17950,#17955));
#17950 = SURFACE_STYLE_USAGE(.BOTH.,#17951);
#17951 = SURFACE_SIDE_STYLE('',(#17952));
#17952 = SURFACE_STYLE_FILL_AREA(#17953);
#17953 = FILL_AREA_STYLE('',(#17954));
#17954 = FILL_AREA_STYLE_COLOUR('',#16661);
#17955 = CURVE_STYLE('',#17956,POSITIVE_LENGTH_MEASURE(0.1),#16661);
#17956 = DRAUGHTING_PRE_DEFINED_CURVE_FONT('continuous');
#17957 = STYLED_ITEM('color',(#17958),#2498);
#17958 = PRESENTATION_STYLE_ASSIGNMENT((#17959,#17964));
#17959 = SURFACE_STYLE_USAGE(.BOTH.,#17960);
#17960 = SURFACE_SIDE_STYLE('',(#17961));
#17961 = SURFACE_STYLE_FILL_AREA(#17962);
#17962 = FILL_AREA_STYLE('',(#17963));
#17963 = FILL_AREA_STYLE_COLOUR('',#16534);
#17964 = CURVE_STYLE('',#17965,POSITIVE_LENGTH_MEASURE(0.1),#16534);
#17965 = DRAUGHTING_PRE_DEFINED_CURVE_FONT('continuous');
#17966 = STYLED_ITEM('color',(#17967),#2528);
#17967 = PRESENTATION_STYLE_ASSIGNMENT((#17968,#17973));
#17968 = SURFACE_STYLE_USAGE(.BOTH.,#17969);
#17969 = SURFACE_SIDE_STYLE('',(#17970));
#17970 = SURFACE_STYLE_FILL_AREA(#17971);
#17971 = FILL_AREA_STYLE('',(#17972));
#17972 = FILL_AREA_STYLE_COLOUR('',#16534);
#17973 = CURVE_STYLE('',#17974,POSITIVE_LENGTH_MEASURE(0.1),#16534);
#17974 = DRAUGHTING_PRE_DEFINED_CURVE_FONT('continuous');
#17975 = STYLED_ITEM('color',(#17976),#2551);
#17976 = PRESENTATION_STYLE_ASSIGNMENT((#17977,#17982));
#17977 = SURFACE_STYLE_USAGE(.BOTH.,#17978);
#17978 = SURFACE_SIDE_STYLE('',(#17979));
#17979 = SURFACE_STYLE_FILL_AREA(#17980);
#17980 = FILL_AREA_STYLE('',(#17981));
#17981 = FILL_AREA_STYLE_COLOUR('',#16534);
#17982 = CURVE_STYLE('',#17983,POSITIVE_LENGTH_MEASURE(0.1),#16534);
#17983 = DRAUGHTING_PRE_DEFINED_CURVE_FONT('continuous');
#17984 = STYLED_ITEM('color',(#17985),#2574);
#17985 = PRESENTATION_STYLE_ASSIGNMENT((#17986,#17991));
#17986 = SURFACE_STYLE_USAGE(.BOTH.,#17987);
#17987 = SURFACE_SIDE_STYLE('',(#17988));
#17988 = SURFACE_STYLE_FILL_AREA(#17989);
#17989 = FILL_AREA_STYLE('',(#17990));
#17990 = FILL_AREA_STYLE_COLOUR('',#16534);
#17991 = CURVE_STYLE('',#17992,POSITIVE_LENGTH_MEASURE(0.1),#16534);
#17992 = DRAUGHTING_PRE_DEFINED_CURVE_FONT('continuous');
#17993 = STYLED_ITEM('color',(#17994),#2591);
#17994 = PRESENTATION_STYLE_ASSIGNMENT((#17995,#18000));
#17995 = SURFACE_STYLE_USAGE(.BOTH.,#17996);
#17996 = SURFACE_SIDE_STYLE('',(#17997));
#17997 = SURFACE_STYLE_FILL_AREA(#17998);
#17998 = FILL_AREA_STYLE('',(#17999));
#17999 = FILL_AREA_STYLE_COLOUR('',#16661);
#18000 = CURVE_STYLE('',#18001,POSITIVE_LENGTH_MEASURE(0.1),#16661);
#18001 = DRAUGHTING_PRE_DEFINED_CURVE_FONT('continuous');
#18002 = STYLED_ITEM('color',(#18003),#2636);
#18003 = PRESENTATION_STYLE_ASSIGNMENT((#18004,#18009));
#18004 = SURFACE_STYLE_USAGE(.BOTH.,#18005);
#18005 = SURFACE_SIDE_STYLE('',(#18006));
#18006 = SURFACE_STYLE_FILL_AREA(#18007);
#18007 = FILL_AREA_STYLE('',(#18008));
#18008 = FILL_AREA_STYLE_COLOUR('',#16534);
#18009 = CURVE_STYLE('',#18010,POSITIVE_LENGTH_MEASURE(0.1),#16534);
#18010 = DRAUGHTING_PRE_DEFINED_CURVE_FONT('continuous');
#18011 = STYLED_ITEM('color',(#18012),#2706);
#18012 = PRESENTATION_STYLE_ASSIGNMENT((#18013,#18018));
#18013 = SURFACE_STYLE_USAGE(.BOTH.,#18014);
#18014 = SURFACE_SIDE_STYLE('',(#18015));
#18015 = SURFACE_STYLE_FILL_AREA(#18016);
#18016 = FILL_AREA_STYLE('',(#18017));
#18017 = FILL_AREA_STYLE_COLOUR('',#16534);
#18018 = CURVE_STYLE('',#18019,POSITIVE_LENGTH_MEASURE(0.1),#16534);
#18019 = DRAUGHTING_PRE_DEFINED_CURVE_FONT('continuous');
#18020 = STYLED_ITEM('color',(#18021),#2729);
#18021 = PRESENTATION_STYLE_ASSIGNMENT((#18022,#18027));
#18022 = SURFACE_STYLE_USAGE(.BOTH.,#18023);
#18023 = SURFACE_SIDE_STYLE('',(#18024));
#18024 = SURFACE_STYLE_FILL_AREA(#18025);
#18025 = FILL_AREA_STYLE('',(#18026));
#18026 = FILL_AREA_STYLE_COLOUR('',#16534);
#18027 = CURVE_STYLE('',#18028,POSITIVE_LENGTH_MEASURE(0.1),#16534);
#18028 = DRAUGHTING_PRE_DEFINED_CURVE_FONT('continuous');
#18029 = STYLED_ITEM('color',(#18030),#2752);
#18030 = PRESENTATION_STYLE_ASSIGNMENT((#18031,#18036));
#18031 = SURFACE_STYLE_USAGE(.BOTH.,#18032);
#18032 = SURFACE_SIDE_STYLE('',(#18033));
#18033 = SURFACE_STYLE_FILL_AREA(#18034);
#18034 = FILL_AREA_STYLE('',(#18035));
#18035 = FILL_AREA_STYLE_COLOUR('',#16534);
#18036 = CURVE_STYLE('',#18037,POSITIVE_LENGTH_MEASURE(0.1),#16534);
#18037 = DRAUGHTING_PRE_DEFINED_CURVE_FONT('continuous');
#18038 = STYLED_ITEM('color',(#18039),#2775);
#18039 = PRESENTATION_STYLE_ASSIGNMENT((#18040,#18045));
#18040 = SURFACE_STYLE_USAGE(.BOTH.,#18041);
#18041 = SURFACE_SIDE_STYLE('',(#18042));
#18042 = SURFACE_STYLE_FILL_AREA(#18043);
#18043 = FILL_AREA_STYLE('',(#18044));
#18044 = FILL_AREA_STYLE_COLOUR('',#16534);
#18045 = CURVE_STYLE('',#18046,POSITIVE_LENGTH_MEASURE(0.1),#16534);
#18046 = DRAUGHTING_PRE_DEFINED_CURVE_FONT('continuous');
#18047 = STYLED_ITEM('color',(#18048),#2830);
#18048 = PRESENTATION_STYLE_ASSIGNMENT((#18049,#18054));
#18049 = SURFACE_STYLE_USAGE(.BOTH.,#18050);
#18050 = SURFACE_SIDE_STYLE('',(#18051));
#18051 = SURFACE_STYLE_FILL_AREA(#18052);
#18052 = FILL_AREA_STYLE('',(#18053));
#18053 = FILL_AREA_STYLE_COLOUR('',#16661);
#18054 = CURVE_STYLE('',#18055,POSITIVE_LENGTH_MEASURE(0.1),#16661);
#18055 = DRAUGHTING_PRE_DEFINED_CURVE_FONT('continuous');
#18056 = STYLED_ITEM('color',(#18057),#2868);
#18057 = PRESENTATION_STYLE_ASSIGNMENT((#18058,#18063));
#18058 = SURFACE_STYLE_USAGE(.BOTH.,#18059);
#18059 = SURFACE_SIDE_STYLE('',(#18060));
#18060 = SURFACE_STYLE_FILL_AREA(#18061);
#18061 = FILL_AREA_STYLE('',(#18062));
#18062 = FILL_AREA_STYLE_COLOUR('',#16534);
#18063 = CURVE_STYLE('',#18064,POSITIVE_LENGTH_MEASURE(0.1),#16534);
#18064 = DRAUGHTING_PRE_DEFINED_CURVE_FONT('continuous');
#18065 = STYLED_ITEM('color',(#18066),#2917);
#18066 = PRESENTATION_STYLE_ASSIGNMENT((#18067,#18072));
#18067 = SURFACE_STYLE_USAGE(.BOTH.,#18068);
#18068 = SURFACE_SIDE_STYLE('',(#18069));
#18069 = SURFACE_STYLE_FILL_AREA(#18070);
#18070 = FILL_AREA_STYLE('',(#18071));
#18071 = FILL_AREA_STYLE_COLOUR('',#16661);
#18072 = CURVE_STYLE('',#18073,POSITIVE_LENGTH_MEASURE(0.1),#16661);
#18073 = DRAUGHTING_PRE_DEFINED_CURVE_FONT('continuous');
#18074 = STYLED_ITEM('color',(#18075),#3009);
#18075 = PRESENTATION_STYLE_ASSIGNMENT((#18076,#18081));
#18076 = SURFACE_STYLE_USAGE(.BOTH.,#18077);
#18077 = SURFACE_SIDE_STYLE('',(#18078));
#18078 = SURFACE_STYLE_FILL_AREA(#18079);
#18079 = FILL_AREA_STYLE('',(#18080));
#18080 = FILL_AREA_STYLE_COLOUR('',#16661);
#18081 = CURVE_STYLE('',#18082,POSITIVE_LENGTH_MEASURE(0.1),#16661);
#18082 = DRAUGHTING_PRE_DEFINED_CURVE_FONT('continuous');
#18083 = STYLED_ITEM('color',(#18084),#3034);
#18084 = PRESENTATION_STYLE_ASSIGNMENT((#18085,#18090));
#18085 = SURFACE_STYLE_USAGE(.BOTH.,#18086);
#18086 = SURFACE_SIDE_STYLE('',(#18087));
#18087 = SURFACE_STYLE_FILL_AREA(#18088);
#18088 = FILL_AREA_STYLE('',(#18089));
#18089 = FILL_AREA_STYLE_COLOUR('',#16661);
#18090 = CURVE_STYLE('',#18091,POSITIVE_LENGTH_MEASURE(0.1),#16661);
#18091 = DRAUGHTING_PRE_DEFINED_CURVE_FONT('continuous');
#18092 = STYLED_ITEM('color',(#18093),#3118);
#18093 = PRESENTATION_STYLE_ASSIGNMENT((#18094,#18099));
#18094 = SURFACE_STYLE_USAGE(.BOTH.,#18095);
#18095 = SURFACE_SIDE_STYLE('',(#18096));
#18096 = SURFACE_STYLE_FILL_AREA(#18097);
#18097 = FILL_AREA_STYLE('',(#18098));
#18098 = FILL_AREA_STYLE_COLOUR('',#16534);
#18099 = CURVE_STYLE('',#18100,POSITIVE_LENGTH_MEASURE(0.1),#16534);
#18100 = DRAUGHTING_PRE_DEFINED_CURVE_FONT('continuous');
#18101 = STYLED_ITEM('color',(#18102),#3140);
#18102 = PRESENTATION_STYLE_ASSIGNMENT((#18103,#18108));
#18103 = SURFACE_STYLE_USAGE(.BOTH.,#18104);
#18104 = SURFACE_SIDE_STYLE('',(#18105));
#18105 = SURFACE_STYLE_FILL_AREA(#18106);
#18106 = FILL_AREA_STYLE('',(#18107));
#18107 = FILL_AREA_STYLE_COLOUR('',#16661);
#18108 = CURVE_STYLE('',#18109,POSITIVE_LENGTH_MEASURE(0.1),#16661);
#18109 = DRAUGHTING_PRE_DEFINED_CURVE_FONT('continuous');
#18110 = STYLED_ITEM('color',(#18111),#3232);
#18111 = PRESENTATION_STYLE_ASSIGNMENT((#18112,#18117));
#18112 = SURFACE_STYLE_USAGE(.BOTH.,#18113);
#18113 = SURFACE_SIDE_STYLE('',(#18114));
#18114 = SURFACE_STYLE_FILL_AREA(#18115);
#18115 = FILL_AREA_STYLE('',(#18116));
#18116 = FILL_AREA_STYLE_COLOUR('',#16661);
#18117 = CURVE_STYLE('',#18118,POSITIVE_LENGTH_MEASURE(0.1),#16661);
#18118 = DRAUGHTING_PRE_DEFINED_CURVE_FONT('continuous');
#18119 = STYLED_ITEM('color',(#18120),#3257);
#18120 = PRESENTATION_STYLE_ASSIGNMENT((#18121,#18126));
#18121 = SURFACE_STYLE_USAGE(.BOTH.,#18122);
#18122 = SURFACE_SIDE_STYLE('',(#18123));
#18123 = SURFACE_STYLE_FILL_AREA(#18124);
#18124 = FILL_AREA_STYLE('',(#18125));
#18125 = FILL_AREA_STYLE_COLOUR('',#16661);
#18126 = CURVE_STYLE('',#18127,POSITIVE_LENGTH_MEASURE(0.1),#16661);
#18127 = DRAUGHTING_PRE_DEFINED_CURVE_FONT('continuous');
#18128 = STYLED_ITEM('color',(#18129),#3341);
#18129 = PRESENTATION_STYLE_ASSIGNMENT((#18130,#18135));
#18130 = SURFACE_STYLE_USAGE(.BOTH.,#18131);
#18131 = SURFACE_SIDE_STYLE('',(#18132));
#18132 = SURFACE_STYLE_FILL_AREA(#18133);
#18133 = FILL_AREA_STYLE('',(#18134));
#18134 = FILL_AREA_STYLE_COLOUR('',#16534);
#18135 = CURVE_STYLE('',#18136,POSITIVE_LENGTH_MEASURE(0.1),#16534);
#18136 = DRAUGHTING_PRE_DEFINED_CURVE_FONT('continuous');
#18137 = STYLED_ITEM('color',(#18138),#3358);
#18138 = PRESENTATION_STYLE_ASSIGNMENT((#18139,#18144));
#18139 = SURFACE_STYLE_USAGE(.BOTH.,#18140);
#18140 = SURFACE_SIDE_STYLE('',(#18141));
#18141 = SURFACE_STYLE_FILL_AREA(#18142);
#18142 = FILL_AREA_STYLE('',(#18143));
#18143 = FILL_AREA_STYLE_COLOUR('',#16661);
#18144 = CURVE_STYLE('',#18145,POSITIVE_LENGTH_MEASURE(0.1),#16661);
#18145 = DRAUGHTING_PRE_DEFINED_CURVE_FONT('continuous');
#18146 = STYLED_ITEM('color',(#18147),#3443);
#18147 = PRESENTATION_STYLE_ASSIGNMENT((#18148,#18153));
#18148 = SURFACE_STYLE_USAGE(.BOTH.,#18149);
#18149 = SURFACE_SIDE_STYLE('',(#18150));
#18150 = SURFACE_STYLE_FILL_AREA(#18151);
#18151 = FILL_AREA_STYLE('',(#18152));
#18152 = FILL_AREA_STYLE_COLOUR('',#16661);
#18153 = CURVE_STYLE('',#18154,POSITIVE_LENGTH_MEASURE(0.1),#16661);
#18154 = DRAUGHTING_PRE_DEFINED_CURVE_FONT('continuous');
#18155 = STYLED_ITEM('color',(#18156),#3468);
#18156 = PRESENTATION_STYLE_ASSIGNMENT((#18157,#18162));
#18157 = SURFACE_STYLE_USAGE(.BOTH.,#18158);
#18158 = SURFACE_SIDE_STYLE('',(#18159));
#18159 = SURFACE_STYLE_FILL_AREA(#18160);
#18160 = FILL_AREA_STYLE('',(#18161));
#18161 = FILL_AREA_STYLE_COLOUR('',#16661);
#18162 = CURVE_STYLE('',#18163,POSITIVE_LENGTH_MEASURE(0.1),#16661);
#18163 = DRAUGHTING_PRE_DEFINED_CURVE_FONT('continuous');
#18164 = STYLED_ITEM('color',(#18165),#3545);
#18165 = PRESENTATION_STYLE_ASSIGNMENT((#18166,#18171));
#18166 = SURFACE_STYLE_USAGE(.BOTH.,#18167);
#18167 = SURFACE_SIDE_STYLE('',(#18168));
#18168 = SURFACE_STYLE_FILL_AREA(#18169);
#18169 = FILL_AREA_STYLE('',(#18170));
#18170 = FILL_AREA_STYLE_COLOUR('',#16661);
#18171 = CURVE_STYLE('',#18172,POSITIVE_LENGTH_MEASURE(0.1),#16661);
#18172 = DRAUGHTING_PRE_DEFINED_CURVE_FONT('continuous');
#18173 = STYLED_ITEM('color',(#18174),#3630);
#18174 = PRESENTATION_STYLE_ASSIGNMENT((#18175,#18180));
#18175 = SURFACE_STYLE_USAGE(.BOTH.,#18176);
#18176 = SURFACE_SIDE_STYLE('',(#18177));
#18177 = SURFACE_STYLE_FILL_AREA(#18178);
#18178 = FILL_AREA_STYLE('',(#18179));
#18179 = FILL_AREA_STYLE_COLOUR('',#16661);
#18180 = CURVE_STYLE('',#18181,POSITIVE_LENGTH_MEASURE(0.1),#16661);
#18181 = DRAUGHTING_PRE_DEFINED_CURVE_FONT('continuous');
#18182 = STYLED_ITEM('color',(#18183),#3655);
#18183 = PRESENTATION_STYLE_ASSIGNMENT((#18184,#18189));
#18184 = SURFACE_STYLE_USAGE(.BOTH.,#18185);
#18185 = SURFACE_SIDE_STYLE('',(#18186));
#18186 = SURFACE_STYLE_FILL_AREA(#18187);
#18187 = FILL_AREA_STYLE('',(#18188));
#18188 = FILL_AREA_STYLE_COLOUR('',#16661);
#18189 = CURVE_STYLE('',#18190,POSITIVE_LENGTH_MEASURE(0.1),#16661);
#18190 = DRAUGHTING_PRE_DEFINED_CURVE_FONT('continuous');
#18191 = STYLED_ITEM('color',(#18192),#3732);
#18192 = PRESENTATION_STYLE_ASSIGNMENT((#18193,#18198));
#18193 = SURFACE_STYLE_USAGE(.BOTH.,#18194);
#18194 = SURFACE_SIDE_STYLE('',(#18195));
#18195 = SURFACE_STYLE_FILL_AREA(#18196);
#18196 = FILL_AREA_STYLE('',(#18197));
#18197 = FILL_AREA_STYLE_COLOUR('',#16534);
#18198 = CURVE_STYLE('',#18199,POSITIVE_LENGTH_MEASURE(0.1),#16534);
#18199 = DRAUGHTING_PRE_DEFINED_CURVE_FONT('continuous');
#18200 = STYLED_ITEM('color',(#18201),#3749);
#18201 = PRESENTATION_STYLE_ASSIGNMENT((#18202,#18207));
#18202 = SURFACE_STYLE_USAGE(.BOTH.,#18203);
#18203 = SURFACE_SIDE_STYLE('',(#18204));
#18204 = SURFACE_STYLE_FILL_AREA(#18205);
#18205 = FILL_AREA_STYLE('',(#18206));
#18206 = FILL_AREA_STYLE_COLOUR('',#16661);
#18207 = CURVE_STYLE('',#18208,POSITIVE_LENGTH_MEASURE(0.1),#16661);
#18208 = DRAUGHTING_PRE_DEFINED_CURVE_FONT('continuous');
#18209 = STYLED_ITEM('color',(#18210),#3841);
#18210 = PRESENTATION_STYLE_ASSIGNMENT((#18211,#18216));
#18211 = SURFACE_STYLE_USAGE(.BOTH.,#18212);
#18212 = SURFACE_SIDE_STYLE('',(#18213));
#18213 = SURFACE_STYLE_FILL_AREA(#18214);
#18214 = FILL_AREA_STYLE('',(#18215));
#18215 = FILL_AREA_STYLE_COLOUR('',#16661);
#18216 = CURVE_STYLE('',#18217,POSITIVE_LENGTH_MEASURE(0.1),#16661);
#18217 = DRAUGHTING_PRE_DEFINED_CURVE_FONT('continuous');
#18218 = STYLED_ITEM('color',(#18219),#3866);
#18219 = PRESENTATION_STYLE_ASSIGNMENT((#18220,#18225));
#18220 = SURFACE_STYLE_USAGE(.BOTH.,#18221);
#18221 = SURFACE_SIDE_STYLE('',(#18222));
#18222 = SURFACE_STYLE_FILL_AREA(#18223);
#18223 = FILL_AREA_STYLE('',(#18224));
#18224 = FILL_AREA_STYLE_COLOUR('',#16661);
#18225 = CURVE_STYLE('',#18226,POSITIVE_LENGTH_MEASURE(0.1),#16661);
#18226 = DRAUGHTING_PRE_DEFINED_CURVE_FONT('continuous');
#18227 = STYLED_ITEM('color',(#18228),#3950);
#18228 = PRESENTATION_STYLE_ASSIGNMENT((#18229,#18234));
#18229 = SURFACE_STYLE_USAGE(.BOTH.,#18230);
#18230 = SURFACE_SIDE_STYLE('',(#18231));
#18231 = SURFACE_STYLE_FILL_AREA(#18232);
#18232 = FILL_AREA_STYLE('',(#18233));
#18233 = FILL_AREA_STYLE_COLOUR('',#16661);
#18234 = CURVE_STYLE('',#18235,POSITIVE_LENGTH_MEASURE(0.1),#16661);
#18235 = DRAUGHTING_PRE_DEFINED_CURVE_FONT('continuous');
#18236 = STYLED_ITEM('color',(#18237),#3967);
#18237 = PRESENTATION_STYLE_ASSIGNMENT((#18238,#18243));
#18238 = SURFACE_STYLE_USAGE(.BOTH.,#18239);
#18239 = SURFACE_SIDE_STYLE('',(#18240));
#18240 = SURFACE_STYLE_FILL_AREA(#18241);
#18241 = FILL_AREA_STYLE('',(#18242));
#18242 = FILL_AREA_STYLE_COLOUR('',#16661);
#18243 = CURVE_STYLE('',#18244,POSITIVE_LENGTH_MEASURE(0.1),#16661);
#18244 = DRAUGHTING_PRE_DEFINED_CURVE_FONT('continuous');
#18245 = STYLED_ITEM('color',(#18246),#3986);
#18246 = PRESENTATION_STYLE_ASSIGNMENT((#18247,#18252));
#18247 = SURFACE_STYLE_USAGE(.BOTH.,#18248);
#18248 = SURFACE_SIDE_STYLE('',(#18249));
#18249 = SURFACE_STYLE_FILL_AREA(#18250);
#18250 = FILL_AREA_STYLE('',(#18251));
#18251 = FILL_AREA_STYLE_COLOUR('',#16661);
#18252 = CURVE_STYLE('',#18253,POSITIVE_LENGTH_MEASURE(0.1),#16661);
#18253 = DRAUGHTING_PRE_DEFINED_CURVE_FONT('continuous');
#18254 = STYLED_ITEM('color',(#18255),#4005);
#18255 = PRESENTATION_STYLE_ASSIGNMENT((#18256,#18261));
#18256 = SURFACE_STYLE_USAGE(.BOTH.,#18257);
#18257 = SURFACE_SIDE_STYLE('',(#18258));
#18258 = SURFACE_STYLE_FILL_AREA(#18259);
#18259 = FILL_AREA_STYLE('',(#18260));
#18260 = FILL_AREA_STYLE_COLOUR('',#16534);
#18261 = CURVE_STYLE('',#18262,POSITIVE_LENGTH_MEASURE(0.1),#16534);
#18262 = DRAUGHTING_PRE_DEFINED_CURVE_FONT('continuous');
#18263 = STYLED_ITEM('color',(#18264),#4051);
#18264 = PRESENTATION_STYLE_ASSIGNMENT((#18265,#18270));
#18265 = SURFACE_STYLE_USAGE(.BOTH.,#18266);
#18266 = SURFACE_SIDE_STYLE('',(#18267));
#18267 = SURFACE_STYLE_FILL_AREA(#18268);
#18268 = FILL_AREA_STYLE('',(#18269));
#18269 = FILL_AREA_STYLE_COLOUR('',#16534);
#18270 = CURVE_STYLE('',#18271,POSITIVE_LENGTH_MEASURE(0.1),#16534);
#18271 = DRAUGHTING_PRE_DEFINED_CURVE_FONT('continuous');
#18272 = STYLED_ITEM('color',(#18273),#4067);
#18273 = PRESENTATION_STYLE_ASSIGNMENT((#18274,#18279));
#18274 = SURFACE_STYLE_USAGE(.BOTH.,#18275);
#18275 = SURFACE_SIDE_STYLE('',(#18276));
#18276 = SURFACE_STYLE_FILL_AREA(#18277);
#18277 = FILL_AREA_STYLE('',(#18278));
#18278 = FILL_AREA_STYLE_COLOUR('',#16661);
#18279 = CURVE_STYLE('',#18280,POSITIVE_LENGTH_MEASURE(0.1),#16661);
#18280 = DRAUGHTING_PRE_DEFINED_CURVE_FONT('continuous');
#18281 = STYLED_ITEM('color',(#18282),#4086);
#18282 = PRESENTATION_STYLE_ASSIGNMENT((#18283,#18288));
#18283 = SURFACE_STYLE_USAGE(.BOTH.,#18284);
#18284 = SURFACE_SIDE_STYLE('',(#18285));
#18285 = SURFACE_STYLE_FILL_AREA(#18286);
#18286 = FILL_AREA_STYLE('',(#18287));
#18287 = FILL_AREA_STYLE_COLOUR('',#16534);
#18288 = CURVE_STYLE('',#18289,POSITIVE_LENGTH_MEASURE(0.1),#16534);
#18289 = DRAUGHTING_PRE_DEFINED_CURVE_FONT('continuous');
#18290 = STYLED_ITEM('color',(#18291),#4102);
#18291 = PRESENTATION_STYLE_ASSIGNMENT((#18292,#18297));
#18292 = SURFACE_STYLE_USAGE(.BOTH.,#18293);
#18293 = SURFACE_SIDE_STYLE('',(#18294));
#18294 = SURFACE_STYLE_FILL_AREA(#18295);
#18295 = FILL_AREA_STYLE('',(#18296));
#18296 = FILL_AREA_STYLE_COLOUR('',#16661);
#18297 = CURVE_STYLE('',#18298,POSITIVE_LENGTH_MEASURE(0.1),#16661);
#18298 = DRAUGHTING_PRE_DEFINED_CURVE_FONT('continuous');
#18299 = STYLED_ITEM('color',(#18300),#4119);
#18300 = PRESENTATION_STYLE_ASSIGNMENT((#18301,#18306));
#18301 = SURFACE_STYLE_USAGE(.BOTH.,#18302);
#18302 = SURFACE_SIDE_STYLE('',(#18303));
#18303 = SURFACE_STYLE_FILL_AREA(#18304);
#18304 = FILL_AREA_STYLE('',(#18305));
#18305 = FILL_AREA_STYLE_COLOUR('',#16534);
#18306 = CURVE_STYLE('',#18307,POSITIVE_LENGTH_MEASURE(0.1),#16534);
#18307 = DRAUGHTING_PRE_DEFINED_CURVE_FONT('continuous');
#18308 = STYLED_ITEM('color',(#18309),#4131);
#18309 = PRESENTATION_STYLE_ASSIGNMENT((#18310,#18315));
#18310 = SURFACE_STYLE_USAGE(.BOTH.,#18311);
#18311 = SURFACE_SIDE_STYLE('',(#18312));
#18312 = SURFACE_STYLE_FILL_AREA(#18313);
#18313 = FILL_AREA_STYLE('',(#18314));
#18314 = FILL_AREA_STYLE_COLOUR('',#16661);
#18315 = CURVE_STYLE('',#18316,POSITIVE_LENGTH_MEASURE(0.1),#16661);
#18316 = DRAUGHTING_PRE_DEFINED_CURVE_FONT('continuous');
#18317 = STYLED_ITEM('color',(#18318),#4148);
#18318 = PRESENTATION_STYLE_ASSIGNMENT((#18319,#18324));
#18319 = SURFACE_STYLE_USAGE(.BOTH.,#18320);
#18320 = SURFACE_SIDE_STYLE('',(#18321));
#18321 = SURFACE_STYLE_FILL_AREA(#18322);
#18322 = FILL_AREA_STYLE('',(#18323));
#18323 = FILL_AREA_STYLE_COLOUR('',#16661);
#18324 = CURVE_STYLE('',#18325,POSITIVE_LENGTH_MEASURE(0.1),#16661);
#18325 = DRAUGHTING_PRE_DEFINED_CURVE_FONT('continuous');
#18326 = STYLED_ITEM('color',(#18327),#4165);
#18327 = PRESENTATION_STYLE_ASSIGNMENT((#18328,#18333));
#18328 = SURFACE_STYLE_USAGE(.BOTH.,#18329);
#18329 = SURFACE_SIDE_STYLE('',(#18330));
#18330 = SURFACE_STYLE_FILL_AREA(#18331);
#18331 = FILL_AREA_STYLE('',(#18332));
#18332 = FILL_AREA_STYLE_COLOUR('',#16661);
#18333 = CURVE_STYLE('',#18334,POSITIVE_LENGTH_MEASURE(0.1),#16661);
#18334 = DRAUGHTING_PRE_DEFINED_CURVE_FONT('continuous');
#18335 = STYLED_ITEM('color',(#18336),#4182);
#18336 = PRESENTATION_STYLE_ASSIGNMENT((#18337,#18342));
#18337 = SURFACE_STYLE_USAGE(.BOTH.,#18338);
#18338 = SURFACE_SIDE_STYLE('',(#18339));
#18339 = SURFACE_STYLE_FILL_AREA(#18340);
#18340 = FILL_AREA_STYLE('',(#18341));
#18341 = FILL_AREA_STYLE_COLOUR('',#16661);
#18342 = CURVE_STYLE('',#18343,POSITIVE_LENGTH_MEASURE(0.1),#16661);
#18343 = DRAUGHTING_PRE_DEFINED_CURVE_FONT('continuous');
#18344 = STYLED_ITEM('color',(#18345),#4199);
#18345 = PRESENTATION_STYLE_ASSIGNMENT((#18346,#18351));
#18346 = SURFACE_STYLE_USAGE(.BOTH.,#18347);
#18347 = SURFACE_SIDE_STYLE('',(#18348));
#18348 = SURFACE_STYLE_FILL_AREA(#18349);
#18349 = FILL_AREA_STYLE('',(#18350));
#18350 = FILL_AREA_STYLE_COLOUR('',#16661);
#18351 = CURVE_STYLE('',#18352,POSITIVE_LENGTH_MEASURE(0.1),#16661);
#18352 = DRAUGHTING_PRE_DEFINED_CURVE_FONT('continuous');
#18353 = STYLED_ITEM('color',(#18354),#4216);
#18354 = PRESENTATION_STYLE_ASSIGNMENT((#18355,#18360));
#18355 = SURFACE_STYLE_USAGE(.BOTH.,#18356);
#18356 = SURFACE_SIDE_STYLE('',(#18357));
#18357 = SURFACE_STYLE_FILL_AREA(#18358);
#18358 = FILL_AREA_STYLE('',(#18359));
#18359 = FILL_AREA_STYLE_COLOUR('',#16661);
#18360 = CURVE_STYLE('',#18361,POSITIVE_LENGTH_MEASURE(0.1),#16661);
#18361 = DRAUGHTING_PRE_DEFINED_CURVE_FONT('continuous');
#18362 = STYLED_ITEM('color',(#18363),#4233);
#18363 = PRESENTATION_STYLE_ASSIGNMENT((#18364,#18369));
#18364 = SURFACE_STYLE_USAGE(.BOTH.,#18365);
#18365 = SURFACE_SIDE_STYLE('',(#18366));
#18366 = SURFACE_STYLE_FILL_AREA(#18367);
#18367 = FILL_AREA_STYLE('',(#18368));
#18368 = FILL_AREA_STYLE_COLOUR('',#16661);
#18369 = CURVE_STYLE('',#18370,POSITIVE_LENGTH_MEASURE(0.1),#16661);
#18370 = DRAUGHTING_PRE_DEFINED_CURVE_FONT('continuous');
#18371 = STYLED_ITEM('color',(#18372),#4250);
#18372 = PRESENTATION_STYLE_ASSIGNMENT((#18373,#18378));
#18373 = SURFACE_STYLE_USAGE(.BOTH.,#18374);
#18374 = SURFACE_SIDE_STYLE('',(#18375));
#18375 = SURFACE_STYLE_FILL_AREA(#18376);
#18376 = FILL_AREA_STYLE('',(#18377));
#18377 = FILL_AREA_STYLE_COLOUR('',#16661);
#18378 = CURVE_STYLE('',#18379,POSITIVE_LENGTH_MEASURE(0.1),#16661);
#18379 = DRAUGHTING_PRE_DEFINED_CURVE_FONT('continuous');
#18380 = STYLED_ITEM('color',(#18381),#4262);
#18381 = PRESENTATION_STYLE_ASSIGNMENT((#18382,#18387));
#18382 = SURFACE_STYLE_USAGE(.BOTH.,#18383);
#18383 = SURFACE_SIDE_STYLE('',(#18384));
#18384 = SURFACE_STYLE_FILL_AREA(#18385);
#18385 = FILL_AREA_STYLE('',(#18386));
#18386 = FILL_AREA_STYLE_COLOUR('',#16661);
#18387 = CURVE_STYLE('',#18388,POSITIVE_LENGTH_MEASURE(0.1),#16661);
#18388 = DRAUGHTING_PRE_DEFINED_CURVE_FONT('continuous');
#18389 = STYLED_ITEM('color',(#18390),#4279);
#18390 = PRESENTATION_STYLE_ASSIGNMENT((#18391,#18396));
#18391 = SURFACE_STYLE_USAGE(.BOTH.,#18392);
#18392 = SURFACE_SIDE_STYLE('',(#18393));
#18393 = SURFACE_STYLE_FILL_AREA(#18394);
#18394 = FILL_AREA_STYLE('',(#18395));
#18395 = FILL_AREA_STYLE_COLOUR('',#16661);
#18396 = CURVE_STYLE('',#18397,POSITIVE_LENGTH_MEASURE(0.1),#16661);
#18397 = DRAUGHTING_PRE_DEFINED_CURVE_FONT('continuous');
#18398 = STYLED_ITEM('color',(#18399),#4296);
#18399 = PRESENTATION_STYLE_ASSIGNMENT((#18400,#18405));
#18400 = SURFACE_STYLE_USAGE(.BOTH.,#18401);
#18401 = SURFACE_SIDE_STYLE('',(#18402));
#18402 = SURFACE_STYLE_FILL_AREA(#18403);
#18403 = FILL_AREA_STYLE('',(#18404));
#18404 = FILL_AREA_STYLE_COLOUR('',#16661);
#18405 = CURVE_STYLE('',#18406,POSITIVE_LENGTH_MEASURE(0.1),#16661);
#18406 = DRAUGHTING_PRE_DEFINED_CURVE_FONT('continuous');
#18407 = STYLED_ITEM('color',(#18408),#4313);
#18408 = PRESENTATION_STYLE_ASSIGNMENT((#18409,#18414));
#18409 = SURFACE_STYLE_USAGE(.BOTH.,#18410);
#18410 = SURFACE_SIDE_STYLE('',(#18411));
#18411 = SURFACE_STYLE_FILL_AREA(#18412);
#18412 = FILL_AREA_STYLE('',(#18413));
#18413 = FILL_AREA_STYLE_COLOUR('',#16661);
#18414 = CURVE_STYLE('',#18415,POSITIVE_LENGTH_MEASURE(0.1),#16661);
#18415 = DRAUGHTING_PRE_DEFINED_CURVE_FONT('continuous');
#18416 = STYLED_ITEM('color',(#18417),#4330);
#18417 = PRESENTATION_STYLE_ASSIGNMENT((#18418,#18423));
#18418 = SURFACE_STYLE_USAGE(.BOTH.,#18419);
#18419 = SURFACE_SIDE_STYLE('',(#18420));
#18420 = SURFACE_STYLE_FILL_AREA(#18421);
#18421 = FILL_AREA_STYLE('',(#18422));
#18422 = FILL_AREA_STYLE_COLOUR('',#16661);
#18423 = CURVE_STYLE('',#18424,POSITIVE_LENGTH_MEASURE(0.1),#16661);
#18424 = DRAUGHTING_PRE_DEFINED_CURVE_FONT('continuous');
#18425 = STYLED_ITEM('color',(#18426),#4347);
#18426 = PRESENTATION_STYLE_ASSIGNMENT((#18427,#18432));
#18427 = SURFACE_STYLE_USAGE(.BOTH.,#18428);
#18428 = SURFACE_SIDE_STYLE('',(#18429));
#18429 = SURFACE_STYLE_FILL_AREA(#18430);
#18430 = FILL_AREA_STYLE('',(#18431));
#18431 = FILL_AREA_STYLE_COLOUR('',#16661);
#18432 = CURVE_STYLE('',#18433,POSITIVE_LENGTH_MEASURE(0.1),#16661);
#18433 = DRAUGHTING_PRE_DEFINED_CURVE_FONT('continuous');
#18434 = STYLED_ITEM('color',(#18435),#4364);
#18435 = PRESENTATION_STYLE_ASSIGNMENT((#18436,#18441));
#18436 = SURFACE_STYLE_USAGE(.BOTH.,#18437);
#18437 = SURFACE_SIDE_STYLE('',(#18438));
#18438 = SURFACE_STYLE_FILL_AREA(#18439);
#18439 = FILL_AREA_STYLE('',(#18440));
#18440 = FILL_AREA_STYLE_COLOUR('',#16661);
#18441 = CURVE_STYLE('',#18442,POSITIVE_LENGTH_MEASURE(0.1),#16661);
#18442 = DRAUGHTING_PRE_DEFINED_CURVE_FONT('continuous');
#18443 = STYLED_ITEM('color',(#18444),#4381);
#18444 = PRESENTATION_STYLE_ASSIGNMENT((#18445,#18450));
#18445 = SURFACE_STYLE_USAGE(.BOTH.,#18446);
#18446 = SURFACE_SIDE_STYLE('',(#18447));
#18447 = SURFACE_STYLE_FILL_AREA(#18448);
#18448 = FILL_AREA_STYLE('',(#18449));
#18449 = FILL_AREA_STYLE_COLOUR('',#16661);
#18450 = CURVE_STYLE('',#18451,POSITIVE_LENGTH_MEASURE(0.1),#16661);
#18451 = DRAUGHTING_PRE_DEFINED_CURVE_FONT('continuous');
#18452 = STYLED_ITEM('color',(#18453),#4393);
#18453 = PRESENTATION_STYLE_ASSIGNMENT((#18454,#18459));
#18454 = SURFACE_STYLE_USAGE(.BOTH.,#18455);
#18455 = SURFACE_SIDE_STYLE('',(#18456));
#18456 = SURFACE_STYLE_FILL_AREA(#18457);
#18457 = FILL_AREA_STYLE('',(#18458));
#18458 = FILL_AREA_STYLE_COLOUR('',#16661);
#18459 = CURVE_STYLE('',#18460,POSITIVE_LENGTH_MEASURE(0.1),#16661);
#18460 = DRAUGHTING_PRE_DEFINED_CURVE_FONT('continuous');
#18461 = STYLED_ITEM('color',(#18462),#4410);
#18462 = PRESENTATION_STYLE_ASSIGNMENT((#18463,#18468));
#18463 = SURFACE_STYLE_USAGE(.BOTH.,#18464);
#18464 = SURFACE_SIDE_STYLE('',(#18465));
#18465 = SURFACE_STYLE_FILL_AREA(#18466);
#18466 = FILL_AREA_STYLE('',(#18467));
#18467 = FILL_AREA_STYLE_COLOUR('',#16661);
#18468 = CURVE_STYLE('',#18469,POSITIVE_LENGTH_MEASURE(0.1),#16661);
#18469 = DRAUGHTING_PRE_DEFINED_CURVE_FONT('continuous');
#18470 = STYLED_ITEM('color',(#18471),#4427);
#18471 = PRESENTATION_STYLE_ASSIGNMENT((#18472,#18477));
#18472 = SURFACE_STYLE_USAGE(.BOTH.,#18473);
#18473 = SURFACE_SIDE_STYLE('',(#18474));
#18474 = SURFACE_STYLE_FILL_AREA(#18475);
#18475 = FILL_AREA_STYLE('',(#18476));
#18476 = FILL_AREA_STYLE_COLOUR('',#16661);
#18477 = CURVE_STYLE('',#18478,POSITIVE_LENGTH_MEASURE(0.1),#16661);
#18478 = DRAUGHTING_PRE_DEFINED_CURVE_FONT('continuous');
#18479 = STYLED_ITEM('color',(#18480),#4444);
#18480 = PRESENTATION_STYLE_ASSIGNMENT((#18481,#18486));
#18481 = SURFACE_STYLE_USAGE(.BOTH.,#18482);
#18482 = SURFACE_SIDE_STYLE('',(#18483));
#18483 = SURFACE_STYLE_FILL_AREA(#18484);
#18484 = FILL_AREA_STYLE('',(#18485));
#18485 = FILL_AREA_STYLE_COLOUR('',#16661);
#18486 = CURVE_STYLE('',#18487,POSITIVE_LENGTH_MEASURE(0.1),#16661);
#18487 = DRAUGHTING_PRE_DEFINED_CURVE_FONT('continuous');
#18488 = STYLED_ITEM('color',(#18489),#4461);
#18489 = PRESENTATION_STYLE_ASSIGNMENT((#18490,#18495));
#18490 = SURFACE_STYLE_USAGE(.BOTH.,#18491);
#18491 = SURFACE_SIDE_STYLE('',(#18492));
#18492 = SURFACE_STYLE_FILL_AREA(#18493);
#18493 = FILL_AREA_STYLE('',(#18494));
#18494 = FILL_AREA_STYLE_COLOUR('',#16661);
#18495 = CURVE_STYLE('',#18496,POSITIVE_LENGTH_MEASURE(0.1),#16661);
#18496 = DRAUGHTING_PRE_DEFINED_CURVE_FONT('continuous');
#18497 = STYLED_ITEM('color',(#18498),#4478);
#18498 = PRESENTATION_STYLE_ASSIGNMENT((#18499,#18504));
#18499 = SURFACE_STYLE_USAGE(.BOTH.,#18500);
#18500 = SURFACE_SIDE_STYLE('',(#18501));
#18501 = SURFACE_STYLE_FILL_AREA(#18502);
#18502 = FILL_AREA_STYLE('',(#18503));
#18503 = FILL_AREA_STYLE_COLOUR('',#16661);
#18504 = CURVE_STYLE('',#18505,POSITIVE_LENGTH_MEASURE(0.1),#16661);
#18505 = DRAUGHTING_PRE_DEFINED_CURVE_FONT('continuous');
#18506 = STYLED_ITEM('color',(#18507),#4495);
#18507 = PRESENTATION_STYLE_ASSIGNMENT((#18508,#18513));
#18508 = SURFACE_STYLE_USAGE(.BOTH.,#18509);
#18509 = SURFACE_SIDE_STYLE('',(#18510));
#18510 = SURFACE_STYLE_FILL_AREA(#18511);
#18511 = FILL_AREA_STYLE('',(#18512));
#18512 = FILL_AREA_STYLE_COLOUR('',#16661);
#18513 = CURVE_STYLE('',#18514,POSITIVE_LENGTH_MEASURE(0.1),#16661);
#18514 = DRAUGHTING_PRE_DEFINED_CURVE_FONT('continuous');
#18515 = STYLED_ITEM('color',(#18516),#4507);
#18516 = PRESENTATION_STYLE_ASSIGNMENT((#18517,#18522));
#18517 = SURFACE_STYLE_USAGE(.BOTH.,#18518);
#18518 = SURFACE_SIDE_STYLE('',(#18519));
#18519 = SURFACE_STYLE_FILL_AREA(#18520);
#18520 = FILL_AREA_STYLE('',(#18521));
#18521 = FILL_AREA_STYLE_COLOUR('',#16661);
#18522 = CURVE_STYLE('',#18523,POSITIVE_LENGTH_MEASURE(0.1),#16661);
#18523 = DRAUGHTING_PRE_DEFINED_CURVE_FONT('continuous');
#18524 = STYLED_ITEM('color',(#18525),#4524);
#18525 = PRESENTATION_STYLE_ASSIGNMENT((#18526,#18531));
#18526 = SURFACE_STYLE_USAGE(.BOTH.,#18527);
#18527 = SURFACE_SIDE_STYLE('',(#18528));
#18528 = SURFACE_STYLE_FILL_AREA(#18529);
#18529 = FILL_AREA_STYLE('',(#18530));
#18530 = FILL_AREA_STYLE_COLOUR('',#16661);
#18531 = CURVE_STYLE('',#18532,POSITIVE_LENGTH_MEASURE(0.1),#16661);
#18532 = DRAUGHTING_PRE_DEFINED_CURVE_FONT('continuous');
#18533 = STYLED_ITEM('color',(#18534),#4541);
#18534 = PRESENTATION_STYLE_ASSIGNMENT((#18535,#18540));
#18535 = SURFACE_STYLE_USAGE(.BOTH.,#18536);
#18536 = SURFACE_SIDE_STYLE('',(#18537));
#18537 = SURFACE_STYLE_FILL_AREA(#18538);
#18538 = FILL_AREA_STYLE('',(#18539));
#18539 = FILL_AREA_STYLE_COLOUR('',#16661);
#18540 = CURVE_STYLE('',#18541,POSITIVE_LENGTH_MEASURE(0.1),#16661);
#18541 = DRAUGHTING_PRE_DEFINED_CURVE_FONT('continuous');
#18542 = STYLED_ITEM('color',(#18543),#4558);
#18543 = PRESENTATION_STYLE_ASSIGNMENT((#18544,#18549));
#18544 = SURFACE_STYLE_USAGE(.BOTH.,#18545);
#18545 = SURFACE_SIDE_STYLE('',(#18546));
#18546 = SURFACE_STYLE_FILL_AREA(#18547);
#18547 = FILL_AREA_STYLE('',(#18548));
#18548 = FILL_AREA_STYLE_COLOUR('',#16661);
#18549 = CURVE_STYLE('',#18550,POSITIVE_LENGTH_MEASURE(0.1),#16661);
#18550 = DRAUGHTING_PRE_DEFINED_CURVE_FONT('continuous');
#18551 = STYLED_ITEM('color',(#18552),#4575);
#18552 = PRESENTATION_STYLE_ASSIGNMENT((#18553,#18558));
#18553 = SURFACE_STYLE_USAGE(.BOTH.,#18554);
#18554 = SURFACE_SIDE_STYLE('',(#18555));
#18555 = SURFACE_STYLE_FILL_AREA(#18556);
#18556 = FILL_AREA_STYLE('',(#18557));
#18557 = FILL_AREA_STYLE_COLOUR('',#16661);
#18558 = CURVE_STYLE('',#18559,POSITIVE_LENGTH_MEASURE(0.1),#16661);
#18559 = DRAUGHTING_PRE_DEFINED_CURVE_FONT('continuous');
#18560 = STYLED_ITEM('color',(#18561),#4592);
#18561 = PRESENTATION_STYLE_ASSIGNMENT((#18562,#18567));
#18562 = SURFACE_STYLE_USAGE(.BOTH.,#18563);
#18563 = SURFACE_SIDE_STYLE('',(#18564));
#18564 = SURFACE_STYLE_FILL_AREA(#18565);
#18565 = FILL_AREA_STYLE('',(#18566));
#18566 = FILL_AREA_STYLE_COLOUR('',#16661);
#18567 = CURVE_STYLE('',#18568,POSITIVE_LENGTH_MEASURE(0.1),#16661);
#18568 = DRAUGHTING_PRE_DEFINED_CURVE_FONT('continuous');
#18569 = STYLED_ITEM('color',(#18570),#4609);
#18570 = PRESENTATION_STYLE_ASSIGNMENT((#18571,#18576));
#18571 = SURFACE_STYLE_USAGE(.BOTH.,#18572);
#18572 = SURFACE_SIDE_STYLE('',(#18573));
#18573 = SURFACE_STYLE_FILL_AREA(#18574);
#18574 = FILL_AREA_STYLE('',(#18575));
#18575 = FILL_AREA_STYLE_COLOUR('',#16661);
#18576 = CURVE_STYLE('',#18577,POSITIVE_LENGTH_MEASURE(0.1),#16661);
#18577 = DRAUGHTING_PRE_DEFINED_CURVE_FONT('continuous');
#18578 = STYLED_ITEM('color',(#18579),#4621);
#18579 = PRESENTATION_STYLE_ASSIGNMENT((#18580,#18585));
#18580 = SURFACE_STYLE_USAGE(.BOTH.,#18581);
#18581 = SURFACE_SIDE_STYLE('',(#18582));
#18582 = SURFACE_STYLE_FILL_AREA(#18583);
#18583 = FILL_AREA_STYLE('',(#18584));
#18584 = FILL_AREA_STYLE_COLOUR('',#16661);
#18585 = CURVE_STYLE('',#18586,POSITIVE_LENGTH_MEASURE(0.1),#16661);
#18586 = DRAUGHTING_PRE_DEFINED_CURVE_FONT('continuous');
#18587 = STYLED_ITEM('color',(#18588),#4638);
#18588 = PRESENTATION_STYLE_ASSIGNMENT((#18589,#18594));
#18589 = SURFACE_STYLE_USAGE(.BOTH.,#18590);
#18590 = SURFACE_SIDE_STYLE('',(#18591));
#18591 = SURFACE_STYLE_FILL_AREA(#18592);
#18592 = FILL_AREA_STYLE('',(#18593));
#18593 = FILL_AREA_STYLE_COLOUR('',#16661);
#18594 = CURVE_STYLE('',#18595,POSITIVE_LENGTH_MEASURE(0.1),#16661);
#18595 = DRAUGHTING_PRE_DEFINED_CURVE_FONT('continuous');
#18596 = STYLED_ITEM('color',(#18597),#4655);
#18597 = PRESENTATION_STYLE_ASSIGNMENT((#18598,#18603));
#18598 = SURFACE_STYLE_USAGE(.BOTH.,#18599);
#18599 = SURFACE_SIDE_STYLE('',(#18600));
#18600 = SURFACE_STYLE_FILL_AREA(#18601);
#18601 = FILL_AREA_STYLE('',(#18602));
#18602 = FILL_AREA_STYLE_COLOUR('',#16661);
#18603 = CURVE_STYLE('',#18604,POSITIVE_LENGTH_MEASURE(0.1),#16661);
#18604 = DRAUGHTING_PRE_DEFINED_CURVE_FONT('continuous');
#18605 = STYLED_ITEM('color',(#18606),#4672);
#18606 = PRESENTATION_STYLE_ASSIGNMENT((#18607,#18612));
#18607 = SURFACE_STYLE_USAGE(.BOTH.,#18608);
#18608 = SURFACE_SIDE_STYLE('',(#18609));
#18609 = SURFACE_STYLE_FILL_AREA(#18610);
#18610 = FILL_AREA_STYLE('',(#18611));
#18611 = FILL_AREA_STYLE_COLOUR('',#16661);
#18612 = CURVE_STYLE('',#18613,POSITIVE_LENGTH_MEASURE(0.1),#16661);
#18613 = DRAUGHTING_PRE_DEFINED_CURVE_FONT('continuous');
#18614 = STYLED_ITEM('color',(#18615),#4689);
#18615 = PRESENTATION_STYLE_ASSIGNMENT((#18616,#18621));
#18616 = SURFACE_STYLE_USAGE(.BOTH.,#18617);
#18617 = SURFACE_SIDE_STYLE('',(#18618));
#18618 = SURFACE_STYLE_FILL_AREA(#18619);
#18619 = FILL_AREA_STYLE('',(#18620));
#18620 = FILL_AREA_STYLE_COLOUR('',#16661);
#18621 = CURVE_STYLE('',#18622,POSITIVE_LENGTH_MEASURE(0.1),#16661);
#18622 = DRAUGHTING_PRE_DEFINED_CURVE_FONT('continuous');
#18623 = STYLED_ITEM('color',(#18624),#4706);
#18624 = PRESENTATION_STYLE_ASSIGNMENT((#18625,#18630));
#18625 = SURFACE_STYLE_USAGE(.BOTH.,#18626);
#18626 = SURFACE_SIDE_STYLE('',(#18627));
#18627 = SURFACE_STYLE_FILL_AREA(#18628);
#18628 = FILL_AREA_STYLE('',(#18629));
#18629 = FILL_AREA_STYLE_COLOUR('',#16661);
#18630 = CURVE_STYLE('',#18631,POSITIVE_LENGTH_MEASURE(0.1),#16661);
#18631 = DRAUGHTING_PRE_DEFINED_CURVE_FONT('continuous');
#18632 = STYLED_ITEM('color',(#18633),#4723);
#18633 = PRESENTATION_STYLE_ASSIGNMENT((#18634,#18639));
#18634 = SURFACE_STYLE_USAGE(.BOTH.,#18635);
#18635 = SURFACE_SIDE_STYLE('',(#18636));
#18636 = SURFACE_STYLE_FILL_AREA(#18637);
#18637 = FILL_AREA_STYLE('',(#18638));
#18638 = FILL_AREA_STYLE_COLOUR('',#16661);
#18639 = CURVE_STYLE('',#18640,POSITIVE_LENGTH_MEASURE(0.1),#16661);
#18640 = DRAUGHTING_PRE_DEFINED_CURVE_FONT('continuous');
#18641 = STYLED_ITEM('color',(#18642),#4740);
#18642 = PRESENTATION_STYLE_ASSIGNMENT((#18643,#18648));
#18643 = SURFACE_STYLE_USAGE(.BOTH.,#18644);
#18644 = SURFACE_SIDE_STYLE('',(#18645));
#18645 = SURFACE_STYLE_FILL_AREA(#18646);
#18646 = FILL_AREA_STYLE('',(#18647));
#18647 = FILL_AREA_STYLE_COLOUR('',#16661);
#18648 = CURVE_STYLE('',#18649,POSITIVE_LENGTH_MEASURE(0.1),#16661);
#18649 = DRAUGHTING_PRE_DEFINED_CURVE_FONT('continuous');
#18650 = STYLED_ITEM('color',(#18651),#4752);
#18651 = PRESENTATION_STYLE_ASSIGNMENT((#18652,#18657));
#18652 = SURFACE_STYLE_USAGE(.BOTH.,#18653);
#18653 = SURFACE_SIDE_STYLE('',(#18654));
#18654 = SURFACE_STYLE_FILL_AREA(#18655);
#18655 = FILL_AREA_STYLE('',(#18656));
#18656 = FILL_AREA_STYLE_COLOUR('',#17148);
#18657 = CURVE_STYLE('',#18658,POSITIVE_LENGTH_MEASURE(0.1),#17148);
#18658 = DRAUGHTING_PRE_DEFINED_CURVE_FONT('continuous');
#18659 = MECHANICAL_DESIGN_GEOMETRIC_PRESENTATION_REPRESENTATION('',(
    #18660,#18667,#18674,#18681,#18688,#18695,#18702,#18709,#18716,
    #18723,#18730,#18737,#18744,#18751,#18758,#18765,#18772,#18779,
    #18786,#18793,#18800,#18807,#18814,#18821,#18828,#18835),#5593);
#18660 = STYLED_ITEM('color',(#18661),#4805);
#18661 = PRESENTATION_STYLE_ASSIGNMENT((#18662));
#18662 = SURFACE_STYLE_USAGE(.BOTH.,#18663);
#18663 = SURFACE_SIDE_STYLE('',(#18664));
#18664 = SURFACE_STYLE_FILL_AREA(#18665);
#18665 = FILL_AREA_STYLE('',(#18666));
#18666 = FILL_AREA_STYLE_COLOUR('',#16661);
#18667 = STYLED_ITEM('color',(#18668),#4845);
#18668 = PRESENTATION_STYLE_ASSIGNMENT((#18669));
#18669 = SURFACE_STYLE_USAGE(.BOTH.,#18670);
#18670 = SURFACE_SIDE_STYLE('',(#18671));
#18671 = SURFACE_STYLE_FILL_AREA(#18672);
#18672 = FILL_AREA_STYLE('',(#18673));
#18673 = FILL_AREA_STYLE_COLOUR('',#16661);
#18674 = STYLED_ITEM('color',(#18675),#4928);
#18675 = PRESENTATION_STYLE_ASSIGNMENT((#18676));
#18676 = SURFACE_STYLE_USAGE(.BOTH.,#18677);
#18677 = SURFACE_SIDE_STYLE('',(#18678));
#18678 = SURFACE_STYLE_FILL_AREA(#18679);
#18679 = FILL_AREA_STYLE('',(#18680));
#18680 = FILL_AREA_STYLE_COLOUR('',#16661);
#18681 = STYLED_ITEM('color',(#18682),#4953);
#18682 = PRESENTATION_STYLE_ASSIGNMENT((#18683));
#18683 = SURFACE_STYLE_USAGE(.BOTH.,#18684);
#18684 = SURFACE_SIDE_STYLE('',(#18685));
#18685 = SURFACE_STYLE_FILL_AREA(#18686);
#18686 = FILL_AREA_STYLE('',(#18687));
#18687 = FILL_AREA_STYLE_COLOUR('',#16661);
#18688 = STYLED_ITEM('color',(#18689),#4978);
#18689 = PRESENTATION_STYLE_ASSIGNMENT((#18690));
#18690 = SURFACE_STYLE_USAGE(.BOTH.,#18691);
#18691 = SURFACE_SIDE_STYLE('',(#18692));
#18692 = SURFACE_STYLE_FILL_AREA(#18693);
#18693 = FILL_AREA_STYLE('',(#18694));
#18694 = FILL_AREA_STYLE_COLOUR('',#16661);
#18695 = STYLED_ITEM('color',(#18696),#5045);
#18696 = PRESENTATION_STYLE_ASSIGNMENT((#18697));
#18697 = SURFACE_STYLE_USAGE(.BOTH.,#18698);
#18698 = SURFACE_SIDE_STYLE('',(#18699));
#18699 = SURFACE_STYLE_FILL_AREA(#18700);
#18700 = FILL_AREA_STYLE('',(#18701));
#18701 = FILL_AREA_STYLE_COLOUR('',#16661);
#18702 = STYLED_ITEM('color',(#18703),#5062);
#18703 = PRESENTATION_STYLE_ASSIGNMENT((#18704));
#18704 = SURFACE_STYLE_USAGE(.BOTH.,#18705);
#18705 = SURFACE_SIDE_STYLE('',(#18706));
#18706 = SURFACE_STYLE_FILL_AREA(#18707);
#18707 = FILL_AREA_STYLE('',(#18708));
#18708 = FILL_AREA_STYLE_COLOUR('',#16661);
#18709 = STYLED_ITEM('color',(#18710),#5079);
#18710 = PRESENTATION_STYLE_ASSIGNMENT((#18711));
#18711 = SURFACE_STYLE_USAGE(.BOTH.,#18712);
#18712 = SURFACE_SIDE_STYLE('',(#18713));
#18713 = SURFACE_STYLE_FILL_AREA(#18714);
#18714 = FILL_AREA_STYLE('',(#18715));
#18715 = FILL_AREA_STYLE_COLOUR('',#17603);
#18716 = STYLED_ITEM('color',(#18717),#5128);
#18717 = PRESENTATION_STYLE_ASSIGNMENT((#18718));
#18718 = SURFACE_STYLE_USAGE(.BOTH.,#18719);
#18719 = SURFACE_SIDE_STYLE('',(#18720));
#18720 = SURFACE_STYLE_FILL_AREA(#18721);
#18721 = FILL_AREA_STYLE('',(#18722));
#18722 = FILL_AREA_STYLE_COLOUR('',#16661);
#18723 = STYLED_ITEM('color',(#18724),#5145);
#18724 = PRESENTATION_STYLE_ASSIGNMENT((#18725));
#18725 = SURFACE_STYLE_USAGE(.BOTH.,#18726);
#18726 = SURFACE_SIDE_STYLE('',(#18727));
#18727 = SURFACE_STYLE_FILL_AREA(#18728);
#18728 = FILL_AREA_STYLE('',(#18729));
#18729 = FILL_AREA_STYLE_COLOUR('',#16661);
#18730 = STYLED_ITEM('color',(#18731),#5162);
#18731 = PRESENTATION_STYLE_ASSIGNMENT((#18732));
#18732 = SURFACE_STYLE_USAGE(.BOTH.,#18733);
#18733 = SURFACE_SIDE_STYLE('',(#18734));
#18734 = SURFACE_STYLE_FILL_AREA(#18735);
#18735 = FILL_AREA_STYLE('',(#18736));
#18736 = FILL_AREA_STYLE_COLOUR('',#17603);
#18737 = STYLED_ITEM('color',(#18738),#5211);
#18738 = PRESENTATION_STYLE_ASSIGNMENT((#18739));
#18739 = SURFACE_STYLE_USAGE(.BOTH.,#18740);
#18740 = SURFACE_SIDE_STYLE('',(#18741));
#18741 = SURFACE_STYLE_FILL_AREA(#18742);
#18742 = FILL_AREA_STYLE('',(#18743));
#18743 = FILL_AREA_STYLE_COLOUR('',#17603);
#18744 = STYLED_ITEM('color',(#18745),#5228);
#18745 = PRESENTATION_STYLE_ASSIGNMENT((#18746));
#18746 = SURFACE_STYLE_USAGE(.BOTH.,#18747);
#18747 = SURFACE_SIDE_STYLE('',(#18748));
#18748 = SURFACE_STYLE_FILL_AREA(#18749);
#18749 = FILL_AREA_STYLE('',(#18750));
#18750 = FILL_AREA_STYLE_COLOUR('',#16661);
#18751 = STYLED_ITEM('color',(#18752),#5297);
#18752 = PRESENTATION_STYLE_ASSIGNMENT((#18753));
#18753 = SURFACE_STYLE_USAGE(.BOTH.,#18754);
#18754 = SURFACE_SIDE_STYLE('',(#18755));
#18755 = SURFACE_STYLE_FILL_AREA(#18756);
#18756 = FILL_AREA_STYLE('',(#18757));
#18757 = FILL_AREA_STYLE_COLOUR('',#17646);
#18758 = STYLED_ITEM('color',(#18759),#5328);
#18759 = PRESENTATION_STYLE_ASSIGNMENT((#18760));
#18760 = SURFACE_STYLE_USAGE(.BOTH.,#18761);
#18761 = SURFACE_SIDE_STYLE('',(#18762));
#18762 = SURFACE_STYLE_FILL_AREA(#18763);
#18763 = FILL_AREA_STYLE('',(#18764));
#18764 = FILL_AREA_STYLE_COLOUR('',#17646);
#18765 = STYLED_ITEM('color',(#18766),#5352);
#18766 = PRESENTATION_STYLE_ASSIGNMENT((#18767));
#18767 = SURFACE_STYLE_USAGE(.BOTH.,#18768);
#18768 = SURFACE_SIDE_STYLE('',(#18769));
#18769 = SURFACE_STYLE_FILL_AREA(#18770);
#18770 = FILL_AREA_STYLE('',(#18771));
#18771 = FILL_AREA_STYLE_COLOUR('',#16661);
#18772 = STYLED_ITEM('color',(#18773),#5421);
#18773 = PRESENTATION_STYLE_ASSIGNMENT((#18774));
#18774 = SURFACE_STYLE_USAGE(.BOTH.,#18775);
#18775 = SURFACE_SIDE_STYLE('',(#18776));
#18776 = SURFACE_STYLE_FILL_AREA(#18777);
#18777 = FILL_AREA_STYLE('',(#18778));
#18778 = FILL_AREA_STYLE_COLOUR('',#17646);
#18779 = STYLED_ITEM('color',(#18780),#5445);
#18780 = PRESENTATION_STYLE_ASSIGNMENT((#18781));
#18781 = SURFACE_STYLE_USAGE(.BOTH.,#18782);
#18782 = SURFACE_SIDE_STYLE('',(#18783));
#18783 = SURFACE_STYLE_FILL_AREA(#18784);
#18784 = FILL_AREA_STYLE('',(#18785));
#18785 = FILL_AREA_STYLE_COLOUR('',#16661);
#18786 = STYLED_ITEM('color',(#18787),#5462);
#18787 = PRESENTATION_STYLE_ASSIGNMENT((#18788));
#18788 = SURFACE_STYLE_USAGE(.BOTH.,#18789);
#18789 = SURFACE_SIDE_STYLE('',(#18790));
#18790 = SURFACE_STYLE_FILL_AREA(#18791);
#18791 = FILL_AREA_STYLE('',(#18792));
#18792 = FILL_AREA_STYLE_COLOUR('',#16661);
#18793 = STYLED_ITEM('color',(#18794),#5479);
#18794 = PRESENTATION_STYLE_ASSIGNMENT((#18795));
#18795 = SURFACE_STYLE_USAGE(.BOTH.,#18796);
#18796 = SURFACE_SIDE_STYLE('',(#18797));
#18797 = SURFACE_STYLE_FILL_AREA(#18798);
#18798 = FILL_AREA_STYLE('',(#18799));
#18799 = FILL_AREA_STYLE_COLOUR('',#16661);
#18800 = STYLED_ITEM('color',(#18801),#5496);
#18801 = PRESENTATION_STYLE_ASSIGNMENT((#18802));
#18802 = SURFACE_STYLE_USAGE(.BOTH.,#18803);
#18803 = SURFACE_SIDE_STYLE('',(#18804));
#18804 = SURFACE_STYLE_FILL_AREA(#18805);
#18805 = FILL_AREA_STYLE('',(#18806));
#18806 = FILL_AREA_STYLE_COLOUR('',#16661);
#18807 = STYLED_ITEM('color',(#18808),#5513);
#18808 = PRESENTATION_STYLE_ASSIGNMENT((#18809));
#18809 = SURFACE_STYLE_USAGE(.BOTH.,#18810);
#18810 = SURFACE_SIDE_STYLE('',(#18811));
#18811 = SURFACE_STYLE_FILL_AREA(#18812);
#18812 = FILL_AREA_STYLE('',(#18813));
#18813 = FILL_AREA_STYLE_COLOUR('',#16661);
#18814 = STYLED_ITEM('color',(#18815),#5530);
#18815 = PRESENTATION_STYLE_ASSIGNMENT((#18816));
#18816 = SURFACE_STYLE_USAGE(.BOTH.,#18817);
#18817 = SURFACE_SIDE_STYLE('',(#18818));
#18818 = SURFACE_STYLE_FILL_AREA(#18819);
#18819 = FILL_AREA_STYLE('',(#18820));
#18820 = FILL_AREA_STYLE_COLOUR('',#16661);
#18821 = STYLED_ITEM('color',(#18822),#5547);
#18822 = PRESENTATION_STYLE_ASSIGNMENT((#18823));
#18823 = SURFACE_STYLE_USAGE(.BOTH.,#18824);
#18824 = SURFACE_SIDE_STYLE('',(#18825));
#18825 = SURFACE_STYLE_FILL_AREA(#18826);
#18826 = FILL_AREA_STYLE('',(#18827));
#18827 = FILL_AREA_STYLE_COLOUR('',#16661);
#18828 = STYLED_ITEM('color',(#18829),#5564);
#18829 = PRESENTATION_STYLE_ASSIGNMENT((#18830));
#18830 = SURFACE_STYLE_USAGE(.BOTH.,#18831);
#18831 = SURFACE_SIDE_STYLE('',(#18832));
#18832 = SURFACE_STYLE_FILL_AREA(#18833);
#18833 = FILL_AREA_STYLE('',(#18834));
#18834 = FILL_AREA_STYLE_COLOUR('',#17646);
#18835 = STYLED_ITEM('color',(#18836),#5581);
#18836 = PRESENTATION_STYLE_ASSIGNMENT((#18837));
#18837 = SURFACE_STYLE_USAGE(.BOTH.,#18838);
#18838 = SURFACE_SIDE_STYLE('',(#18839));
#18839 = SURFACE_STYLE_FILL_AREA(#18840);
#18840 = FILL_AREA_STYLE('',(#18841));
#18841 = FILL_AREA_STYLE_COLOUR('',#17646);
#18842 = MECHANICAL_DESIGN_GEOMETRIC_PRESENTATION_REPRESENTATION('',(
    #18843,#18851,#18858,#18865,#18872,#18879,#18886,#18893,#18900,
    #18907,#18914,#18921,#18928,#18935,#18942,#18949,#18956,#18963,
    #18970,#18977,#18984,#18991,#18998,#19005,#19012,#19019,#19026,
    #19033,#19040,#19047,#19054,#19061,#19068,#19075,#19082,#19089,
    #19096,#19103,#19110,#19117,#19124,#19131,#19138,#19145,#19153,
    #19160,#19167,#19174,#19181,#19188,#19195,#19202,#19209,#19216,
    #19223,#19230,#19237,#19244,#19251,#19258,#19265,#19272,#19279,
    #19286,#19293,#19300,#19307,#19314,#19321,#19328,#19335,#19342,
    #19349,#19356,#19363,#19370,#19377,#19384,#19391,#19398,#19405,
    #19412,#19419,#19426,#19433,#19440,#19447,#19454,#19461,#19468,
    #19475,#19482,#19489),#12142);
#18843 = STYLED_ITEM('color',(#18844),#9252);
#18844 = PRESENTATION_STYLE_ASSIGNMENT((#18845));
#18845 = SURFACE_STYLE_USAGE(.BOTH.,#18846);
#18846 = SURFACE_SIDE_STYLE('',(#18847));
#18847 = SURFACE_STYLE_FILL_AREA(#18848);
#18848 = FILL_AREA_STYLE('',(#18849));
#18849 = FILL_AREA_STYLE_COLOUR('',#18850);
#18850 = COLOUR_RGB('',0.894117649055,0.890196087049,0.811764731185);
#18851 = STYLED_ITEM('color',(#18852),#9292);
#18852 = PRESENTATION_STYLE_ASSIGNMENT((#18853));
#18853 = SURFACE_STYLE_USAGE(.BOTH.,#18854);
#18854 = SURFACE_SIDE_STYLE('',(#18855));
#18855 = SURFACE_STYLE_FILL_AREA(#18856);
#18856 = FILL_AREA_STYLE('',(#18857));
#18857 = FILL_AREA_STYLE_COLOUR('',#18850);
#18858 = STYLED_ITEM('color',(#18859),#9356);
#18859 = PRESENTATION_STYLE_ASSIGNMENT((#18860));
#18860 = SURFACE_STYLE_USAGE(.BOTH.,#18861);
#18861 = SURFACE_SIDE_STYLE('',(#18862));
#18862 = SURFACE_STYLE_FILL_AREA(#18863);
#18863 = FILL_AREA_STYLE('',(#18864));
#18864 = FILL_AREA_STYLE_COLOUR('',#18850);
#18865 = STYLED_ITEM('color',(#18866),#9444);
#18866 = PRESENTATION_STYLE_ASSIGNMENT((#18867));
#18867 = SURFACE_STYLE_USAGE(.BOTH.,#18868);
#18868 = SURFACE_SIDE_STYLE('',(#18869));
#18869 = SURFACE_STYLE_FILL_AREA(#18870);
#18870 = FILL_AREA_STYLE('',(#18871));
#18871 = FILL_AREA_STYLE_COLOUR('',#18850);
#18872 = STYLED_ITEM('color',(#18873),#9484);
#18873 = PRESENTATION_STYLE_ASSIGNMENT((#18874));
#18874 = SURFACE_STYLE_USAGE(.BOTH.,#18875);
#18875 = SURFACE_SIDE_STYLE('',(#18876));
#18876 = SURFACE_STYLE_FILL_AREA(#18877);
#18877 = FILL_AREA_STYLE('',(#18878));
#18878 = FILL_AREA_STYLE_COLOUR('',#18850);
#18879 = STYLED_ITEM('color',(#18880),#9695);
#18880 = PRESENTATION_STYLE_ASSIGNMENT((#18881));
#18881 = SURFACE_STYLE_USAGE(.BOTH.,#18882);
#18882 = SURFACE_SIDE_STYLE('',(#18883));
#18883 = SURFACE_STYLE_FILL_AREA(#18884);
#18884 = FILL_AREA_STYLE('',(#18885));
#18885 = FILL_AREA_STYLE_COLOUR('',#18850);
#18886 = STYLED_ITEM('color',(#18887),#9735);
#18887 = PRESENTATION_STYLE_ASSIGNMENT((#18888));
#18888 = SURFACE_STYLE_USAGE(.BOTH.,#18889);
#18889 = SURFACE_SIDE_STYLE('',(#18890));
#18890 = SURFACE_STYLE_FILL_AREA(#18891);
#18891 = FILL_AREA_STYLE('',(#18892));
#18892 = FILL_AREA_STYLE_COLOUR('',#18850);
#18893 = STYLED_ITEM('color',(#18894),#9759);
#18894 = PRESENTATION_STYLE_ASSIGNMENT((#18895));
#18895 = SURFACE_STYLE_USAGE(.BOTH.,#18896);
#18896 = SURFACE_SIDE_STYLE('',(#18897));
#18897 = SURFACE_STYLE_FILL_AREA(#18898);
#18898 = FILL_AREA_STYLE('',(#18899));
#18899 = FILL_AREA_STYLE_COLOUR('',#18850);
#18900 = STYLED_ITEM('color',(#18901),#9784);
#18901 = PRESENTATION_STYLE_ASSIGNMENT((#18902));
#18902 = SURFACE_STYLE_USAGE(.BOTH.,#18903);
#18903 = SURFACE_SIDE_STYLE('',(#18904));
#18904 = SURFACE_STYLE_FILL_AREA(#18905);
#18905 = FILL_AREA_STYLE('',(#18906));
#18906 = FILL_AREA_STYLE_COLOUR('',#18850);
#18907 = STYLED_ITEM('color',(#18908),#9808);
#18908 = PRESENTATION_STYLE_ASSIGNMENT((#18909));
#18909 = SURFACE_STYLE_USAGE(.BOTH.,#18910);
#18910 = SURFACE_SIDE_STYLE('',(#18911));
#18911 = SURFACE_STYLE_FILL_AREA(#18912);
#18912 = FILL_AREA_STYLE('',(#18913));
#18913 = FILL_AREA_STYLE_COLOUR('',#18850);
#18914 = STYLED_ITEM('color',(#18915),#9857);
#18915 = PRESENTATION_STYLE_ASSIGNMENT((#18916));
#18916 = SURFACE_STYLE_USAGE(.BOTH.,#18917);
#18917 = SURFACE_SIDE_STYLE('',(#18918));
#18918 = SURFACE_STYLE_FILL_AREA(#18919);
#18919 = FILL_AREA_STYLE('',(#18920));
#18920 = FILL_AREA_STYLE_COLOUR('',#18850);
#18921 = STYLED_ITEM('color',(#18922),#9879);
#18922 = PRESENTATION_STYLE_ASSIGNMENT((#18923));
#18923 = SURFACE_STYLE_USAGE(.BOTH.,#18924);
#18924 = SURFACE_SIDE_STYLE('',(#18925));
#18925 = SURFACE_STYLE_FILL_AREA(#18926);
#18926 = FILL_AREA_STYLE('',(#18927));
#18927 = FILL_AREA_STYLE_COLOUR('',#18850);
#18928 = STYLED_ITEM('color',(#18929),#9912);
#18929 = PRESENTATION_STYLE_ASSIGNMENT((#18930));
#18930 = SURFACE_STYLE_USAGE(.BOTH.,#18931);
#18931 = SURFACE_SIDE_STYLE('',(#18932));
#18932 = SURFACE_STYLE_FILL_AREA(#18933);
#18933 = FILL_AREA_STYLE('',(#18934));
#18934 = FILL_AREA_STYLE_COLOUR('',#18850);
#18935 = STYLED_ITEM('color',(#18936),#9936);
#18936 = PRESENTATION_STYLE_ASSIGNMENT((#18937));
#18937 = SURFACE_STYLE_USAGE(.BOTH.,#18938);
#18938 = SURFACE_SIDE_STYLE('',(#18939));
#18939 = SURFACE_STYLE_FILL_AREA(#18940);
#18940 = FILL_AREA_STYLE('',(#18941));
#18941 = FILL_AREA_STYLE_COLOUR('',#18850);
#18942 = STYLED_ITEM('color',(#18943),#9967);
#18943 = PRESENTATION_STYLE_ASSIGNMENT((#18944));
#18944 = SURFACE_STYLE_USAGE(.BOTH.,#18945);
#18945 = SURFACE_SIDE_STYLE('',(#18946));
#18946 = SURFACE_STYLE_FILL_AREA(#18947);
#18947 = FILL_AREA_STYLE('',(#18948));
#18948 = FILL_AREA_STYLE_COLOUR('',#18850);
#18949 = STYLED_ITEM('color',(#18950),#9984);
#18950 = PRESENTATION_STYLE_ASSIGNMENT((#18951));
#18951 = SURFACE_STYLE_USAGE(.BOTH.,#18952);
#18952 = SURFACE_SIDE_STYLE('',(#18953));
#18953 = SURFACE_STYLE_FILL_AREA(#18954);
#18954 = FILL_AREA_STYLE('',(#18955));
#18955 = FILL_AREA_STYLE_COLOUR('',#18850);
#18956 = STYLED_ITEM('color',(#18957),#10017);
#18957 = PRESENTATION_STYLE_ASSIGNMENT((#18958));
#18958 = SURFACE_STYLE_USAGE(.BOTH.,#18959);
#18959 = SURFACE_SIDE_STYLE('',(#18960));
#18960 = SURFACE_STYLE_FILL_AREA(#18961);
#18961 = FILL_AREA_STYLE('',(#18962));
#18962 = FILL_AREA_STYLE_COLOUR('',#18850);
#18963 = STYLED_ITEM('color',(#18964),#10034);
#18964 = PRESENTATION_STYLE_ASSIGNMENT((#18965));
#18965 = SURFACE_STYLE_USAGE(.BOTH.,#18966);
#18966 = SURFACE_SIDE_STYLE('',(#18967));
#18967 = SURFACE_STYLE_FILL_AREA(#18968);
#18968 = FILL_AREA_STYLE('',(#18969));
#18969 = FILL_AREA_STYLE_COLOUR('',#18850);
#18970 = STYLED_ITEM('color',(#18971),#10077);
#18971 = PRESENTATION_STYLE_ASSIGNMENT((#18972));
#18972 = SURFACE_STYLE_USAGE(.BOTH.,#18973);
#18973 = SURFACE_SIDE_STYLE('',(#18974));
#18974 = SURFACE_STYLE_FILL_AREA(#18975);
#18975 = FILL_AREA_STYLE('',(#18976));
#18976 = FILL_AREA_STYLE_COLOUR('',#18850);
#18977 = STYLED_ITEM('color',(#18978),#10094);
#18978 = PRESENTATION_STYLE_ASSIGNMENT((#18979));
#18979 = SURFACE_STYLE_USAGE(.BOTH.,#18980);
#18980 = SURFACE_SIDE_STYLE('',(#18981));
#18981 = SURFACE_STYLE_FILL_AREA(#18982);
#18982 = FILL_AREA_STYLE('',(#18983));
#18983 = FILL_AREA_STYLE_COLOUR('',#18850);
#18984 = STYLED_ITEM('color',(#18985),#10140);
#18985 = PRESENTATION_STYLE_ASSIGNMENT((#18986));
#18986 = SURFACE_STYLE_USAGE(.BOTH.,#18987);
#18987 = SURFACE_SIDE_STYLE('',(#18988));
#18988 = SURFACE_STYLE_FILL_AREA(#18989);
#18989 = FILL_AREA_STYLE('',(#18990));
#18990 = FILL_AREA_STYLE_COLOUR('',#18850);
#18991 = STYLED_ITEM('color',(#18992),#10157);
#18992 = PRESENTATION_STYLE_ASSIGNMENT((#18993));
#18993 = SURFACE_STYLE_USAGE(.BOTH.,#18994);
#18994 = SURFACE_SIDE_STYLE('',(#18995));
#18995 = SURFACE_STYLE_FILL_AREA(#18996);
#18996 = FILL_AREA_STYLE('',(#18997));
#18997 = FILL_AREA_STYLE_COLOUR('',#18850);
#18998 = STYLED_ITEM('color',(#18999),#10220);
#18999 = PRESENTATION_STYLE_ASSIGNMENT((#19000));
#19000 = SURFACE_STYLE_USAGE(.BOTH.,#19001);
#19001 = SURFACE_SIDE_STYLE('',(#19002));
#19002 = SURFACE_STYLE_FILL_AREA(#19003);
#19003 = FILL_AREA_STYLE('',(#19004));
#19004 = FILL_AREA_STYLE_COLOUR('',#18850);
#19005 = STYLED_ITEM('color',(#19006),#10244);
#19006 = PRESENTATION_STYLE_ASSIGNMENT((#19007));
#19007 = SURFACE_STYLE_USAGE(.BOTH.,#19008);
#19008 = SURFACE_SIDE_STYLE('',(#19009));
#19009 = SURFACE_STYLE_FILL_AREA(#19010);
#19010 = FILL_AREA_STYLE('',(#19011));
#19011 = FILL_AREA_STYLE_COLOUR('',#18850);
#19012 = STYLED_ITEM('color',(#19013),#10291);
#19013 = PRESENTATION_STYLE_ASSIGNMENT((#19014));
#19014 = SURFACE_STYLE_USAGE(.BOTH.,#19015);
#19015 = SURFACE_SIDE_STYLE('',(#19016));
#19016 = SURFACE_STYLE_FILL_AREA(#19017);
#19017 = FILL_AREA_STYLE('',(#19018));
#19018 = FILL_AREA_STYLE_COLOUR('',#18850);
#19019 = STYLED_ITEM('color',(#19020),#10315);
#19020 = PRESENTATION_STYLE_ASSIGNMENT((#19021));
#19021 = SURFACE_STYLE_USAGE(.BOTH.,#19022);
#19022 = SURFACE_SIDE_STYLE('',(#19023));
#19023 = SURFACE_STYLE_FILL_AREA(#19024);
#19024 = FILL_AREA_STYLE('',(#19025));
#19025 = FILL_AREA_STYLE_COLOUR('',#18850);
#19026 = STYLED_ITEM('color',(#19027),#10339);
#19027 = PRESENTATION_STYLE_ASSIGNMENT((#19028));
#19028 = SURFACE_STYLE_USAGE(.BOTH.,#19029);
#19029 = SURFACE_SIDE_STYLE('',(#19030));
#19030 = SURFACE_STYLE_FILL_AREA(#19031);
#19031 = FILL_AREA_STYLE('',(#19032));
#19032 = FILL_AREA_STYLE_COLOUR('',#18850);
#19033 = STYLED_ITEM('color',(#19034),#10356);
#19034 = PRESENTATION_STYLE_ASSIGNMENT((#19035));
#19035 = SURFACE_STYLE_USAGE(.BOTH.,#19036);
#19036 = SURFACE_SIDE_STYLE('',(#19037));
#19037 = SURFACE_STYLE_FILL_AREA(#19038);
#19038 = FILL_AREA_STYLE('',(#19039));
#19039 = FILL_AREA_STYLE_COLOUR('',#18850);
#19040 = STYLED_ITEM('color',(#19041),#10373);
#19041 = PRESENTATION_STYLE_ASSIGNMENT((#19042));
#19042 = SURFACE_STYLE_USAGE(.BOTH.,#19043);
#19043 = SURFACE_SIDE_STYLE('',(#19044));
#19044 = SURFACE_STYLE_FILL_AREA(#19045);
#19045 = FILL_AREA_STYLE('',(#19046));
#19046 = FILL_AREA_STYLE_COLOUR('',#18850);
#19047 = STYLED_ITEM('color',(#19048),#10397);
#19048 = PRESENTATION_STYLE_ASSIGNMENT((#19049));
#19049 = SURFACE_STYLE_USAGE(.BOTH.,#19050);
#19050 = SURFACE_SIDE_STYLE('',(#19051));
#19051 = SURFACE_STYLE_FILL_AREA(#19052);
#19052 = FILL_AREA_STYLE('',(#19053));
#19053 = FILL_AREA_STYLE_COLOUR('',#18850);
#19054 = STYLED_ITEM('color',(#19055),#10421);
#19055 = PRESENTATION_STYLE_ASSIGNMENT((#19056));
#19056 = SURFACE_STYLE_USAGE(.BOTH.,#19057);
#19057 = SURFACE_SIDE_STYLE('',(#19058));
#19058 = SURFACE_STYLE_FILL_AREA(#19059);
#19059 = FILL_AREA_STYLE('',(#19060));
#19060 = FILL_AREA_STYLE_COLOUR('',#18850);
#19061 = STYLED_ITEM('color',(#19062),#10438);
#19062 = PRESENTATION_STYLE_ASSIGNMENT((#19063));
#19063 = SURFACE_STYLE_USAGE(.BOTH.,#19064);
#19064 = SURFACE_SIDE_STYLE('',(#19065));
#19065 = SURFACE_STYLE_FILL_AREA(#19066);
#19066 = FILL_AREA_STYLE('',(#19067));
#19067 = FILL_AREA_STYLE_COLOUR('',#18850);
#19068 = STYLED_ITEM('color',(#19069),#10469);
#19069 = PRESENTATION_STYLE_ASSIGNMENT((#19070));
#19070 = SURFACE_STYLE_USAGE(.BOTH.,#19071);
#19071 = SURFACE_SIDE_STYLE('',(#19072));
#19072 = SURFACE_STYLE_FILL_AREA(#19073);
#19073 = FILL_AREA_STYLE('',(#19074));
#19074 = FILL_AREA_STYLE_COLOUR('',#18850);
#19075 = STYLED_ITEM('color',(#19076),#10493);
#19076 = PRESENTATION_STYLE_ASSIGNMENT((#19077));
#19077 = SURFACE_STYLE_USAGE(.BOTH.,#19078);
#19078 = SURFACE_SIDE_STYLE('',(#19079));
#19079 = SURFACE_STYLE_FILL_AREA(#19080);
#19080 = FILL_AREA_STYLE('',(#19081));
#19081 = FILL_AREA_STYLE_COLOUR('',#18850);
#19082 = STYLED_ITEM('color',(#19083),#10517);
#19083 = PRESENTATION_STYLE_ASSIGNMENT((#19084));
#19084 = SURFACE_STYLE_USAGE(.BOTH.,#19085);
#19085 = SURFACE_SIDE_STYLE('',(#19086));
#19086 = SURFACE_STYLE_FILL_AREA(#19087);
#19087 = FILL_AREA_STYLE('',(#19088));
#19088 = FILL_AREA_STYLE_COLOUR('',#18850);
#19089 = STYLED_ITEM('color',(#19090),#10534);
#19090 = PRESENTATION_STYLE_ASSIGNMENT((#19091));
#19091 = SURFACE_STYLE_USAGE(.BOTH.,#19092);
#19092 = SURFACE_SIDE_STYLE('',(#19093));
#19093 = SURFACE_STYLE_FILL_AREA(#19094);
#19094 = FILL_AREA_STYLE('',(#19095));
#19095 = FILL_AREA_STYLE_COLOUR('',#18850);
#19096 = STYLED_ITEM('color',(#19097),#10569);
#19097 = PRESENTATION_STYLE_ASSIGNMENT((#19098));
#19098 = SURFACE_STYLE_USAGE(.BOTH.,#19099);
#19099 = SURFACE_SIDE_STYLE('',(#19100));
#19100 = SURFACE_STYLE_FILL_AREA(#19101);
#19101 = FILL_AREA_STYLE('',(#19102));
#19102 = FILL_AREA_STYLE_COLOUR('',#18850);
#19103 = STYLED_ITEM('color',(#19104),#10609);
#19104 = PRESENTATION_STYLE_ASSIGNMENT((#19105));
#19105 = SURFACE_STYLE_USAGE(.BOTH.,#19106);
#19106 = SURFACE_SIDE_STYLE('',(#19107));
#19107 = SURFACE_STYLE_FILL_AREA(#19108);
#19108 = FILL_AREA_STYLE('',(#19109));
#19109 = FILL_AREA_STYLE_COLOUR('',#18850);
#19110 = STYLED_ITEM('color',(#19111),#10633);
#19111 = PRESENTATION_STYLE_ASSIGNMENT((#19112));
#19112 = SURFACE_STYLE_USAGE(.BOTH.,#19113);
#19113 = SURFACE_SIDE_STYLE('',(#19114));
#19114 = SURFACE_STYLE_FILL_AREA(#19115);
#19115 = FILL_AREA_STYLE('',(#19116));
#19116 = FILL_AREA_STYLE_COLOUR('',#18850);
#19117 = STYLED_ITEM('color',(#19118),#10674);
#19118 = PRESENTATION_STYLE_ASSIGNMENT((#19119));
#19119 = SURFACE_STYLE_USAGE(.BOTH.,#19120);
#19120 = SURFACE_SIDE_STYLE('',(#19121));
#19121 = SURFACE_STYLE_FILL_AREA(#19122);
#19122 = FILL_AREA_STYLE('',(#19123));
#19123 = FILL_AREA_STYLE_COLOUR('',#18850);
#19124 = STYLED_ITEM('color',(#19125),#10723);
#19125 = PRESENTATION_STYLE_ASSIGNMENT((#19126));
#19126 = SURFACE_STYLE_USAGE(.BOTH.,#19127);
#19127 = SURFACE_SIDE_STYLE('',(#19128));
#19128 = SURFACE_STYLE_FILL_AREA(#19129);
#19129 = FILL_AREA_STYLE('',(#19130));
#19130 = FILL_AREA_STYLE_COLOUR('',#18850);
#19131 = STYLED_ITEM('color',(#19132),#10769);
#19132 = PRESENTATION_STYLE_ASSIGNMENT((#19133));
#19133 = SURFACE_STYLE_USAGE(.BOTH.,#19134);
#19134 = SURFACE_SIDE_STYLE('',(#19135));
#19135 = SURFACE_STYLE_FILL_AREA(#19136);
#19136 = FILL_AREA_STYLE('',(#19137));
#19137 = FILL_AREA_STYLE_COLOUR('',#18850);
#19138 = STYLED_ITEM('color',(#19139),#10786);
#19139 = PRESENTATION_STYLE_ASSIGNMENT((#19140));
#19140 = SURFACE_STYLE_USAGE(.BOTH.,#19141);
#19141 = SURFACE_SIDE_STYLE('',(#19142));
#19142 = SURFACE_STYLE_FILL_AREA(#19143);
#19143 = FILL_AREA_STYLE('',(#19144));
#19144 = FILL_AREA_STYLE_COLOUR('',#18850);
#19145 = STYLED_ITEM('color',(#19146),#10798);
#19146 = PRESENTATION_STYLE_ASSIGNMENT((#19147));
#19147 = SURFACE_STYLE_USAGE(.BOTH.,#19148);
#19148 = SURFACE_SIDE_STYLE('',(#19149));
#19149 = SURFACE_STYLE_FILL_AREA(#19150);
#19150 = FILL_AREA_STYLE('',(#19151));
#19151 = FILL_AREA_STYLE_COLOUR('',#19152);
#19152 = COLOUR_RGB('',0.823529417451,0.819607860991,0.780392170416);
#19153 = STYLED_ITEM('color',(#19154),#10829);
#19154 = PRESENTATION_STYLE_ASSIGNMENT((#19155));
#19155 = SURFACE_STYLE_USAGE(.BOTH.,#19156);
#19156 = SURFACE_SIDE_STYLE('',(#19157));
#19157 = SURFACE_STYLE_FILL_AREA(#19158);
#19158 = FILL_AREA_STYLE('',(#19159));
#19159 = FILL_AREA_STYLE_COLOUR('',#19152);
#19160 = STYLED_ITEM('color',(#19161),#10885);
#19161 = PRESENTATION_STYLE_ASSIGNMENT((#19162));
#19162 = SURFACE_STYLE_USAGE(.BOTH.,#19163);
#19163 = SURFACE_SIDE_STYLE('',(#19164));
#19164 = SURFACE_STYLE_FILL_AREA(#19165);
#19165 = FILL_AREA_STYLE('',(#19166));
#19166 = FILL_AREA_STYLE_COLOUR('',#19152);
#19167 = STYLED_ITEM('color',(#19168),#10909);
#19168 = PRESENTATION_STYLE_ASSIGNMENT((#19169));
#19169 = SURFACE_STYLE_USAGE(.BOTH.,#19170);
#19170 = SURFACE_SIDE_STYLE('',(#19171));
#19171 = SURFACE_STYLE_FILL_AREA(#19172);
#19172 = FILL_AREA_STYLE('',(#19173));
#19173 = FILL_AREA_STYLE_COLOUR('',#19152);
#19174 = STYLED_ITEM('color',(#19175),#10958);
#19175 = PRESENTATION_STYLE_ASSIGNMENT((#19176));
#19176 = SURFACE_STYLE_USAGE(.BOTH.,#19177);
#19177 = SURFACE_SIDE_STYLE('',(#19178));
#19178 = SURFACE_STYLE_FILL_AREA(#19179);
#19179 = FILL_AREA_STYLE('',(#19180));
#19180 = FILL_AREA_STYLE_COLOUR('',#18850);
#19181 = STYLED_ITEM('color',(#19182),#10970);
#19182 = PRESENTATION_STYLE_ASSIGNMENT((#19183));
#19183 = SURFACE_STYLE_USAGE(.BOTH.,#19184);
#19184 = SURFACE_SIDE_STYLE('',(#19185));
#19185 = SURFACE_STYLE_FILL_AREA(#19186);
#19186 = FILL_AREA_STYLE('',(#19187));
#19187 = FILL_AREA_STYLE_COLOUR('',#18850);
#19188 = STYLED_ITEM('color',(#19189),#11073);
#19189 = PRESENTATION_STYLE_ASSIGNMENT((#19190));
#19190 = SURFACE_STYLE_USAGE(.BOTH.,#19191);
#19191 = SURFACE_SIDE_STYLE('',(#19192));
#19192 = SURFACE_STYLE_FILL_AREA(#19193);
#19193 = FILL_AREA_STYLE('',(#19194));
#19194 = FILL_AREA_STYLE_COLOUR('',#18850);
#19195 = STYLED_ITEM('color',(#19196),#11097);
#19196 = PRESENTATION_STYLE_ASSIGNMENT((#19197));
#19197 = SURFACE_STYLE_USAGE(.BOTH.,#19198);
#19198 = SURFACE_SIDE_STYLE('',(#19199));
#19199 = SURFACE_STYLE_FILL_AREA(#19200);
#19200 = FILL_AREA_STYLE('',(#19201));
#19201 = FILL_AREA_STYLE_COLOUR('',#18850);
#19202 = STYLED_ITEM('color',(#19203),#11121);
#19203 = PRESENTATION_STYLE_ASSIGNMENT((#19204));
#19204 = SURFACE_STYLE_USAGE(.BOTH.,#19205);
#19205 = SURFACE_SIDE_STYLE('',(#19206));
#19206 = SURFACE_STYLE_FILL_AREA(#19207);
#19207 = FILL_AREA_STYLE('',(#19208));
#19208 = FILL_AREA_STYLE_COLOUR('',#18850);
#19209 = STYLED_ITEM('color',(#19210),#11138);
#19210 = PRESENTATION_STYLE_ASSIGNMENT((#19211));
#19211 = SURFACE_STYLE_USAGE(.BOTH.,#19212);
#19212 = SURFACE_SIDE_STYLE('',(#19213));
#19213 = SURFACE_STYLE_FILL_AREA(#19214);
#19214 = FILL_AREA_STYLE('',(#19215));
#19215 = FILL_AREA_STYLE_COLOUR('',#19152);
#19216 = STYLED_ITEM('color',(#19217),#11169);
#19217 = PRESENTATION_STYLE_ASSIGNMENT((#19218));
#19218 = SURFACE_STYLE_USAGE(.BOTH.,#19219);
#19219 = SURFACE_SIDE_STYLE('',(#19220));
#19220 = SURFACE_STYLE_FILL_AREA(#19221);
#19221 = FILL_AREA_STYLE('',(#19222));
#19222 = FILL_AREA_STYLE_COLOUR('',#19152);
#19223 = STYLED_ITEM('color',(#19224),#11225);
#19224 = PRESENTATION_STYLE_ASSIGNMENT((#19225));
#19225 = SURFACE_STYLE_USAGE(.BOTH.,#19226);
#19226 = SURFACE_SIDE_STYLE('',(#19227));
#19227 = SURFACE_STYLE_FILL_AREA(#19228);
#19228 = FILL_AREA_STYLE('',(#19229));
#19229 = FILL_AREA_STYLE_COLOUR('',#19152);
#19230 = STYLED_ITEM('color',(#19231),#11249);
#19231 = PRESENTATION_STYLE_ASSIGNMENT((#19232));
#19232 = SURFACE_STYLE_USAGE(.BOTH.,#19233);
#19233 = SURFACE_SIDE_STYLE('',(#19234));
#19234 = SURFACE_STYLE_FILL_AREA(#19235);
#19235 = FILL_AREA_STYLE('',(#19236));
#19236 = FILL_AREA_STYLE_COLOUR('',#19152);
#19237 = STYLED_ITEM('color',(#19238),#11298);
#19238 = PRESENTATION_STYLE_ASSIGNMENT((#19239));
#19239 = SURFACE_STYLE_USAGE(.BOTH.,#19240);
#19240 = SURFACE_SIDE_STYLE('',(#19241));
#19241 = SURFACE_STYLE_FILL_AREA(#19242);
#19242 = FILL_AREA_STYLE('',(#19243));
#19243 = FILL_AREA_STYLE_COLOUR('',#19152);
#19244 = STYLED_ITEM('color',(#19245),#11315);
#19245 = PRESENTATION_STYLE_ASSIGNMENT((#19246));
#19246 = SURFACE_STYLE_USAGE(.BOTH.,#19247);
#19247 = SURFACE_SIDE_STYLE('',(#19248));
#19248 = SURFACE_STYLE_FILL_AREA(#19249);
#19249 = FILL_AREA_STYLE('',(#19250));
#19250 = FILL_AREA_STYLE_COLOUR('',#19152);
#19251 = STYLED_ITEM('color',(#19252),#11362);
#19252 = PRESENTATION_STYLE_ASSIGNMENT((#19253));
#19253 = SURFACE_STYLE_USAGE(.BOTH.,#19254);
#19254 = SURFACE_SIDE_STYLE('',(#19255));
#19255 = SURFACE_STYLE_FILL_AREA(#19256);
#19256 = FILL_AREA_STYLE('',(#19257));
#19257 = FILL_AREA_STYLE_COLOUR('',#19152);
#19258 = STYLED_ITEM('color',(#19259),#11388);
#19259 = PRESENTATION_STYLE_ASSIGNMENT((#19260));
#19260 = SURFACE_STYLE_USAGE(.BOTH.,#19261);
#19261 = SURFACE_SIDE_STYLE('',(#19262));
#19262 = SURFACE_STYLE_FILL_AREA(#19263);
#19263 = FILL_AREA_STYLE('',(#19264));
#19264 = FILL_AREA_STYLE_COLOUR('',#19152);
#19265 = STYLED_ITEM('color',(#19266),#11405);
#19266 = PRESENTATION_STYLE_ASSIGNMENT((#19267));
#19267 = SURFACE_STYLE_USAGE(.BOTH.,#19268);
#19268 = SURFACE_SIDE_STYLE('',(#19269));
#19269 = SURFACE_STYLE_FILL_AREA(#19270);
#19270 = FILL_AREA_STYLE('',(#19271));
#19271 = FILL_AREA_STYLE_COLOUR('',#19152);
#19272 = STYLED_ITEM('color',(#19273),#11431);
#19273 = PRESENTATION_STYLE_ASSIGNMENT((#19274));
#19274 = SURFACE_STYLE_USAGE(.BOTH.,#19275);
#19275 = SURFACE_SIDE_STYLE('',(#19276));
#19276 = SURFACE_STYLE_FILL_AREA(#19277);
#19277 = FILL_AREA_STYLE('',(#19278));
#19278 = FILL_AREA_STYLE_COLOUR('',#19152);
#19279 = STYLED_ITEM('color',(#19280),#11464);
#19280 = PRESENTATION_STYLE_ASSIGNMENT((#19281));
#19281 = SURFACE_STYLE_USAGE(.BOTH.,#19282);
#19282 = SURFACE_SIDE_STYLE('',(#19283));
#19283 = SURFACE_STYLE_FILL_AREA(#19284);
#19284 = FILL_AREA_STYLE('',(#19285));
#19285 = FILL_AREA_STYLE_COLOUR('',#18850);
#19286 = STYLED_ITEM('color',(#19287),#11476);
#19287 = PRESENTATION_STYLE_ASSIGNMENT((#19288));
#19288 = SURFACE_STYLE_USAGE(.BOTH.,#19289);
#19289 = SURFACE_SIDE_STYLE('',(#19290));
#19290 = SURFACE_STYLE_FILL_AREA(#19291);
#19291 = FILL_AREA_STYLE('',(#19292));
#19292 = FILL_AREA_STYLE_COLOUR('',#19152);
#19293 = STYLED_ITEM('color',(#19294),#11507);
#19294 = PRESENTATION_STYLE_ASSIGNMENT((#19295));
#19295 = SURFACE_STYLE_USAGE(.BOTH.,#19296);
#19296 = SURFACE_SIDE_STYLE('',(#19297));
#19297 = SURFACE_STYLE_FILL_AREA(#19298);
#19298 = FILL_AREA_STYLE('',(#19299));
#19299 = FILL_AREA_STYLE_COLOUR('',#19152);
#19300 = STYLED_ITEM('color',(#19301),#11531);
#19301 = PRESENTATION_STYLE_ASSIGNMENT((#19302));
#19302 = SURFACE_STYLE_USAGE(.BOTH.,#19303);
#19303 = SURFACE_SIDE_STYLE('',(#19304));
#19304 = SURFACE_STYLE_FILL_AREA(#19305);
#19305 = FILL_AREA_STYLE('',(#19306));
#19306 = FILL_AREA_STYLE_COLOUR('',#19152);
#19307 = STYLED_ITEM('color',(#19308),#11555);
#19308 = PRESENTATION_STYLE_ASSIGNMENT((#19309));
#19309 = SURFACE_STYLE_USAGE(.BOTH.,#19310);
#19310 = SURFACE_SIDE_STYLE('',(#19311));
#19311 = SURFACE_STYLE_FILL_AREA(#19312);
#19312 = FILL_AREA_STYLE('',(#19313));
#19313 = FILL_AREA_STYLE_COLOUR('',#19152);
#19314 = STYLED_ITEM('color',(#19315),#11572);
#19315 = PRESENTATION_STYLE_ASSIGNMENT((#19316));
#19316 = SURFACE_STYLE_USAGE(.BOTH.,#19317);
#19317 = SURFACE_SIDE_STYLE('',(#19318));
#19318 = SURFACE_STYLE_FILL_AREA(#19319);
#19319 = FILL_AREA_STYLE('',(#19320));
#19320 = FILL_AREA_STYLE_COLOUR('',#19152);
#19321 = STYLED_ITEM('color',(#19322),#11603);
#19322 = PRESENTATION_STYLE_ASSIGNMENT((#19323));
#19323 = SURFACE_STYLE_USAGE(.BOTH.,#19324);
#19324 = SURFACE_SIDE_STYLE('',(#19325));
#19325 = SURFACE_STYLE_FILL_AREA(#19326);
#19326 = FILL_AREA_STYLE('',(#19327));
#19327 = FILL_AREA_STYLE_COLOUR('',#19152);
#19328 = STYLED_ITEM('color',(#19329),#11627);
#19329 = PRESENTATION_STYLE_ASSIGNMENT((#19330));
#19330 = SURFACE_STYLE_USAGE(.BOTH.,#19331);
#19331 = SURFACE_SIDE_STYLE('',(#19332));
#19332 = SURFACE_STYLE_FILL_AREA(#19333);
#19333 = FILL_AREA_STYLE('',(#19334));
#19334 = FILL_AREA_STYLE_COLOUR('',#19152);
#19335 = STYLED_ITEM('color',(#19336),#11651);
#19336 = PRESENTATION_STYLE_ASSIGNMENT((#19337));
#19337 = SURFACE_STYLE_USAGE(.BOTH.,#19338);
#19338 = SURFACE_SIDE_STYLE('',(#19339));
#19339 = SURFACE_STYLE_FILL_AREA(#19340);
#19340 = FILL_AREA_STYLE('',(#19341));
#19341 = FILL_AREA_STYLE_COLOUR('',#19152);
#19342 = STYLED_ITEM('color',(#19343),#11668);
#19343 = PRESENTATION_STYLE_ASSIGNMENT((#19344));
#19344 = SURFACE_STYLE_USAGE(.BOTH.,#19345);
#19345 = SURFACE_SIDE_STYLE('',(#19346));
#19346 = SURFACE_STYLE_FILL_AREA(#19347);
#19347 = FILL_AREA_STYLE('',(#19348));
#19348 = FILL_AREA_STYLE_COLOUR('',#19152);
#19349 = STYLED_ITEM('color',(#19350),#11685);
#19350 = PRESENTATION_STYLE_ASSIGNMENT((#19351));
#19351 = SURFACE_STYLE_USAGE(.BOTH.,#19352);
#19352 = SURFACE_SIDE_STYLE('',(#19353));
#19353 = SURFACE_STYLE_FILL_AREA(#19354);
#19354 = FILL_AREA_STYLE('',(#19355));
#19355 = FILL_AREA_STYLE_COLOUR('',#19152);
#19356 = STYLED_ITEM('color',(#19357),#11732);
#19357 = PRESENTATION_STYLE_ASSIGNMENT((#19358));
#19358 = SURFACE_STYLE_USAGE(.BOTH.,#19359);
#19359 = SURFACE_SIDE_STYLE('',(#19360));
#19360 = SURFACE_STYLE_FILL_AREA(#19361);
#19361 = FILL_AREA_STYLE('',(#19362));
#19362 = FILL_AREA_STYLE_COLOUR('',#19152);
#19363 = STYLED_ITEM('color',(#19364),#11758);
#19364 = PRESENTATION_STYLE_ASSIGNMENT((#19365));
#19365 = SURFACE_STYLE_USAGE(.BOTH.,#19366);
#19366 = SURFACE_SIDE_STYLE('',(#19367));
#19367 = SURFACE_STYLE_FILL_AREA(#19368);
#19368 = FILL_AREA_STYLE('',(#19369));
#19369 = FILL_AREA_STYLE_COLOUR('',#19152);
#19370 = STYLED_ITEM('color',(#19371),#11775);
#19371 = PRESENTATION_STYLE_ASSIGNMENT((#19372));
#19372 = SURFACE_STYLE_USAGE(.BOTH.,#19373);
#19373 = SURFACE_SIDE_STYLE('',(#19374));
#19374 = SURFACE_STYLE_FILL_AREA(#19375);
#19375 = FILL_AREA_STYLE('',(#19376));
#19376 = FILL_AREA_STYLE_COLOUR('',#19152);
#19377 = STYLED_ITEM('color',(#19378),#11801);
#19378 = PRESENTATION_STYLE_ASSIGNMENT((#19379));
#19379 = SURFACE_STYLE_USAGE(.BOTH.,#19380);
#19380 = SURFACE_SIDE_STYLE('',(#19381));
#19381 = SURFACE_STYLE_FILL_AREA(#19382);
#19382 = FILL_AREA_STYLE('',(#19383));
#19383 = FILL_AREA_STYLE_COLOUR('',#19152);
#19384 = STYLED_ITEM('color',(#19385),#11834);
#19385 = PRESENTATION_STYLE_ASSIGNMENT((#19386));
#19386 = SURFACE_STYLE_USAGE(.BOTH.,#19387);
#19387 = SURFACE_SIDE_STYLE('',(#19388));
#19388 = SURFACE_STYLE_FILL_AREA(#19389);
#19389 = FILL_AREA_STYLE('',(#19390));
#19390 = FILL_AREA_STYLE_COLOUR('',#19152);
#19391 = STYLED_ITEM('color',(#19392),#11851);
#19392 = PRESENTATION_STYLE_ASSIGNMENT((#19393));
#19393 = SURFACE_STYLE_USAGE(.BOTH.,#19394);
#19394 = SURFACE_SIDE_STYLE('',(#19395));
#19395 = SURFACE_STYLE_FILL_AREA(#19396);
#19396 = FILL_AREA_STYLE('',(#19397));
#19397 = FILL_AREA_STYLE_COLOUR('',#19152);
#19398 = STYLED_ITEM('color',(#19399),#11868);
#19399 = PRESENTATION_STYLE_ASSIGNMENT((#19400));
#19400 = SURFACE_STYLE_USAGE(.BOTH.,#19401);
#19401 = SURFACE_SIDE_STYLE('',(#19402));
#19402 = SURFACE_STYLE_FILL_AREA(#19403);
#19403 = FILL_AREA_STYLE('',(#19404));
#19404 = FILL_AREA_STYLE_COLOUR('',#19152);
#19405 = STYLED_ITEM('color',(#19406),#11880);
#19406 = PRESENTATION_STYLE_ASSIGNMENT((#19407));
#19407 = SURFACE_STYLE_USAGE(.BOTH.,#19408);
#19408 = SURFACE_SIDE_STYLE('',(#19409));
#19409 = SURFACE_STYLE_FILL_AREA(#19410);
#19410 = FILL_AREA_STYLE('',(#19411));
#19411 = FILL_AREA_STYLE_COLOUR('',#19152);
#19412 = STYLED_ITEM('color',(#19413),#11911);
#19413 = PRESENTATION_STYLE_ASSIGNMENT((#19414));
#19414 = SURFACE_STYLE_USAGE(.BOTH.,#19415);
#19415 = SURFACE_SIDE_STYLE('',(#19416));
#19416 = SURFACE_STYLE_FILL_AREA(#19417);
#19417 = FILL_AREA_STYLE('',(#19418));
#19418 = FILL_AREA_STYLE_COLOUR('',#19152);
#19419 = STYLED_ITEM('color',(#19420),#11935);
#19420 = PRESENTATION_STYLE_ASSIGNMENT((#19421));
#19421 = SURFACE_STYLE_USAGE(.BOTH.,#19422);
#19422 = SURFACE_SIDE_STYLE('',(#19423));
#19423 = SURFACE_STYLE_FILL_AREA(#19424);
#19424 = FILL_AREA_STYLE('',(#19425));
#19425 = FILL_AREA_STYLE_COLOUR('',#19152);
#19426 = STYLED_ITEM('color',(#19427),#11959);
#19427 = PRESENTATION_STYLE_ASSIGNMENT((#19428));
#19428 = SURFACE_STYLE_USAGE(.BOTH.,#19429);
#19429 = SURFACE_SIDE_STYLE('',(#19430));
#19430 = SURFACE_STYLE_FILL_AREA(#19431);
#19431 = FILL_AREA_STYLE('',(#19432));
#19432 = FILL_AREA_STYLE_COLOUR('',#19152);
#19433 = STYLED_ITEM('color',(#19434),#11976);
#19434 = PRESENTATION_STYLE_ASSIGNMENT((#19435));
#19435 = SURFACE_STYLE_USAGE(.BOTH.,#19436);
#19436 = SURFACE_SIDE_STYLE('',(#19437));
#19437 = SURFACE_STYLE_FILL_AREA(#19438);
#19438 = FILL_AREA_STYLE('',(#19439));
#19439 = FILL_AREA_STYLE_COLOUR('',#19152);
#19440 = STYLED_ITEM('color',(#19441),#12007);
#19441 = PRESENTATION_STYLE_ASSIGNMENT((#19442));
#19442 = SURFACE_STYLE_USAGE(.BOTH.,#19443);
#19443 = SURFACE_SIDE_STYLE('',(#19444));
#19444 = SURFACE_STYLE_FILL_AREA(#19445);
#19445 = FILL_AREA_STYLE('',(#19446));
#19446 = FILL_AREA_STYLE_COLOUR('',#19152);
#19447 = STYLED_ITEM('color',(#19448),#12031);
#19448 = PRESENTATION_STYLE_ASSIGNMENT((#19449));
#19449 = SURFACE_STYLE_USAGE(.BOTH.,#19450);
#19450 = SURFACE_SIDE_STYLE('',(#19451));
#19451 = SURFACE_STYLE_FILL_AREA(#19452);
#19452 = FILL_AREA_STYLE('',(#19453));
#19453 = FILL_AREA_STYLE_COLOUR('',#19152);
#19454 = STYLED_ITEM('color',(#19455),#12055);
#19455 = PRESENTATION_STYLE_ASSIGNMENT((#19456));
#19456 = SURFACE_STYLE_USAGE(.BOTH.,#19457);
#19457 = SURFACE_SIDE_STYLE('',(#19458));
#19458 = SURFACE_STYLE_FILL_AREA(#19459);
#19459 = FILL_AREA_STYLE('',(#19460));
#19460 = FILL_AREA_STYLE_COLOUR('',#19152);
#19461 = STYLED_ITEM('color',(#19462),#12072);
#19462 = PRESENTATION_STYLE_ASSIGNMENT((#19463));
#19463 = SURFACE_STYLE_USAGE(.BOTH.,#19464);
#19464 = SURFACE_SIDE_STYLE('',(#19465));
#19465 = SURFACE_STYLE_FILL_AREA(#19466);
#19466 = FILL_AREA_STYLE('',(#19467));
#19467 = FILL_AREA_STYLE_COLOUR('',#19152);
#19468 = STYLED_ITEM('color',(#19469),#12089);
#19469 = PRESENTATION_STYLE_ASSIGNMENT((#19470));
#19470 = SURFACE_STYLE_USAGE(.BOTH.,#19471);
#19471 = SURFACE_SIDE_STYLE('',(#19472));
#19472 = SURFACE_STYLE_FILL_AREA(#19473);
#19473 = FILL_AREA_STYLE('',(#19474));
#19474 = FILL_AREA_STYLE_COLOUR('',#19152);
#19475 = STYLED_ITEM('color',(#19476),#12106);
#19476 = PRESENTATION_STYLE_ASSIGNMENT((#19477));
#19477 = SURFACE_STYLE_USAGE(.BOTH.,#19478);
#19478 = SURFACE_SIDE_STYLE('',(#19479));
#19479 = SURFACE_STYLE_FILL_AREA(#19480);
#19480 = FILL_AREA_STYLE('',(#19481));
#19481 = FILL_AREA_STYLE_COLOUR('',#19152);
#19482 = STYLED_ITEM('color',(#19483),#12118);
#19483 = PRESENTATION_STYLE_ASSIGNMENT((#19484));
#19484 = SURFACE_STYLE_USAGE(.BOTH.,#19485);
#19485 = SURFACE_SIDE_STYLE('',(#19486));
#19486 = SURFACE_STYLE_FILL_AREA(#19487);
#19487 = FILL_AREA_STYLE('',(#19488));
#19488 = FILL_AREA_STYLE_COLOUR('',#19152);
#19489 = STYLED_ITEM('color',(#19490),#12130);
#19490 = PRESENTATION_STYLE_ASSIGNMENT((#19491));
#19491 = SURFACE_STYLE_USAGE(.BOTH.,#19492);
#19492 = SURFACE_SIDE_STYLE('',(#19493));
#19493 = SURFACE_STYLE_FILL_AREA(#19494);
#19494 = FILL_AREA_STYLE('',(#19495));
#19495 = FILL_AREA_STYLE_COLOUR('',#19152);
#19496 = MECHANICAL_DESIGN_GEOMETRIC_PRESENTATION_REPRESENTATION('',(
    #19497,#19506,#19515,#19524,#19533,#19542,#19551,#19560,#19569,
    #19578,#19587,#19596,#19605,#19614,#19623,#19632,#19641,#19650,
    #19659,#19668,#19677,#19686,#19695,#19704,#19713,#19722,#19731,
    #19740,#19749,#19758,#19767,#19776,#19785,#19794,#19803,#19812,
    #19821,#19830,#19839,#19848,#19857,#19866,#19875,#19884,#19893,
    #19902,#19911,#19920,#19929,#19938,#19947,#19956,#19965,#19974,
    #19983,#19992,#20001,#20010,#20019,#20028,#20037,#20046,#20055,
    #20064,#20073,#20082,#20091,#20100,#20109,#20118,#20127,#20136,
    #20145,#20154,#20163,#20172,#20181,#20190,#20199,#20208,#20217,
    #20226,#20235,#20244,#20253,#20262,#20271,#20280,#20289,#20298,
    #20307),#14998);
#19497 = STYLED_ITEM('color',(#19498),#12196);
#19498 = PRESENTATION_STYLE_ASSIGNMENT((#19499,#19504));
#19499 = SURFACE_STYLE_USAGE(.BOTH.,#19500);
#19500 = SURFACE_SIDE_STYLE('',(#19501));
#19501 = SURFACE_STYLE_FILL_AREA(#19502);
#19502 = FILL_AREA_STYLE('',(#19503));
#19503 = FILL_AREA_STYLE_COLOUR('',#17603);
#19504 = CURVE_STYLE('',#19505,POSITIVE_LENGTH_MEASURE(0.1),#17603);
#19505 = DRAUGHTING_PRE_DEFINED_CURVE_FONT('continuous');
#19506 = STYLED_ITEM('color',(#19507),#12300);
#19507 = PRESENTATION_STYLE_ASSIGNMENT((#19508,#19513));
#19508 = SURFACE_STYLE_USAGE(.BOTH.,#19509);
#19509 = SURFACE_SIDE_STYLE('',(#19510));
#19510 = SURFACE_STYLE_FILL_AREA(#19511);
#19511 = FILL_AREA_STYLE('',(#19512));
#19512 = FILL_AREA_STYLE_COLOUR('',#17603);
#19513 = CURVE_STYLE('',#19514,POSITIVE_LENGTH_MEASURE(0.1),#17603);
#19514 = DRAUGHTING_PRE_DEFINED_CURVE_FONT('continuous');
#19515 = STYLED_ITEM('color',(#19516),#12507);
#19516 = PRESENTATION_STYLE_ASSIGNMENT((#19517,#19522));
#19517 = SURFACE_STYLE_USAGE(.BOTH.,#19518);
#19518 = SURFACE_SIDE_STYLE('',(#19519));
#19519 = SURFACE_STYLE_FILL_AREA(#19520);
#19520 = FILL_AREA_STYLE('',(#19521));
#19521 = FILL_AREA_STYLE_COLOUR('',#17603);
#19522 = CURVE_STYLE('',#19523,POSITIVE_LENGTH_MEASURE(0.1),#17603);
#19523 = DRAUGHTING_PRE_DEFINED_CURVE_FONT('continuous');
#19524 = STYLED_ITEM('color',(#19525),#12531);
#19525 = PRESENTATION_STYLE_ASSIGNMENT((#19526,#19531));
#19526 = SURFACE_STYLE_USAGE(.BOTH.,#19527);
#19527 = SURFACE_SIDE_STYLE('',(#19528));
#19528 = SURFACE_STYLE_FILL_AREA(#19529);
#19529 = FILL_AREA_STYLE('',(#19530));
#19530 = FILL_AREA_STYLE_COLOUR('',#17603);
#19531 = CURVE_STYLE('',#19532,POSITIVE_LENGTH_MEASURE(0.1),#17603);
#19532 = DRAUGHTING_PRE_DEFINED_CURVE_FONT('continuous');
#19533 = STYLED_ITEM('color',(#19534),#12555);
#19534 = PRESENTATION_STYLE_ASSIGNMENT((#19535,#19540));
#19535 = SURFACE_STYLE_USAGE(.BOTH.,#19536);
#19536 = SURFACE_SIDE_STYLE('',(#19537));
#19537 = SURFACE_STYLE_FILL_AREA(#19538);
#19538 = FILL_AREA_STYLE('',(#19539));
#19539 = FILL_AREA_STYLE_COLOUR('',#17603);
#19540 = CURVE_STYLE('',#19541,POSITIVE_LENGTH_MEASURE(0.1),#17603);
#19541 = DRAUGHTING_PRE_DEFINED_CURVE_FONT('continuous');
#19542 = STYLED_ITEM('color',(#19543),#12579);
#19543 = PRESENTATION_STYLE_ASSIGNMENT((#19544,#19549));
#19544 = SURFACE_STYLE_USAGE(.BOTH.,#19545);
#19545 = SURFACE_SIDE_STYLE('',(#19546));
#19546 = SURFACE_STYLE_FILL_AREA(#19547);
#19547 = FILL_AREA_STYLE('',(#19548));
#19548 = FILL_AREA_STYLE_COLOUR('',#17603);
#19549 = CURVE_STYLE('',#19550,POSITIVE_LENGTH_MEASURE(0.1),#17603);
#19550 = DRAUGHTING_PRE_DEFINED_CURVE_FONT('continuous');
#19551 = STYLED_ITEM('color',(#19552),#12603);
#19552 = PRESENTATION_STYLE_ASSIGNMENT((#19553,#19558));
#19553 = SURFACE_STYLE_USAGE(.BOTH.,#19554);
#19554 = SURFACE_SIDE_STYLE('',(#19555));
#19555 = SURFACE_STYLE_FILL_AREA(#19556);
#19556 = FILL_AREA_STYLE('',(#19557));
#19557 = FILL_AREA_STYLE_COLOUR('',#17603);
#19558 = CURVE_STYLE('',#19559,POSITIVE_LENGTH_MEASURE(0.1),#17603);
#19559 = DRAUGHTING_PRE_DEFINED_CURVE_FONT('continuous');
#19560 = STYLED_ITEM('color',(#19561),#12764);
#19561 = PRESENTATION_STYLE_ASSIGNMENT((#19562,#19567));
#19562 = SURFACE_STYLE_USAGE(.BOTH.,#19563);
#19563 = SURFACE_SIDE_STYLE('',(#19564));
#19564 = SURFACE_STYLE_FILL_AREA(#19565);
#19565 = FILL_AREA_STYLE('',(#19566));
#19566 = FILL_AREA_STYLE_COLOUR('',#17603);
#19567 = CURVE_STYLE('',#19568,POSITIVE_LENGTH_MEASURE(0.1),#17603);
#19568 = DRAUGHTING_PRE_DEFINED_CURVE_FONT('continuous');
#19569 = STYLED_ITEM('color',(#19570),#12820);
#19570 = PRESENTATION_STYLE_ASSIGNMENT((#19571,#19576));
#19571 = SURFACE_STYLE_USAGE(.BOTH.,#19572);
#19572 = SURFACE_SIDE_STYLE('',(#19573));
#19573 = SURFACE_STYLE_FILL_AREA(#19574);
#19574 = FILL_AREA_STYLE('',(#19575));
#19575 = FILL_AREA_STYLE_COLOUR('',#17603);
#19576 = CURVE_STYLE('',#19577,POSITIVE_LENGTH_MEASURE(0.1),#17603);
#19577 = DRAUGHTING_PRE_DEFINED_CURVE_FONT('continuous');
#19578 = STYLED_ITEM('color',(#19579),#12844);
#19579 = PRESENTATION_STYLE_ASSIGNMENT((#19580,#19585));
#19580 = SURFACE_STYLE_USAGE(.BOTH.,#19581);
#19581 = SURFACE_SIDE_STYLE('',(#19582));
#19582 = SURFACE_STYLE_FILL_AREA(#19583);
#19583 = FILL_AREA_STYLE('',(#19584));
#19584 = FILL_AREA_STYLE_COLOUR('',#17603);
#19585 = CURVE_STYLE('',#19586,POSITIVE_LENGTH_MEASURE(0.1),#17603);
#19586 = DRAUGHTING_PRE_DEFINED_CURVE_FONT('continuous');
#19587 = STYLED_ITEM('color',(#19588),#12868);
#19588 = PRESENTATION_STYLE_ASSIGNMENT((#19589,#19594));
#19589 = SURFACE_STYLE_USAGE(.BOTH.,#19590);
#19590 = SURFACE_SIDE_STYLE('',(#19591));
#19591 = SURFACE_STYLE_FILL_AREA(#19592);
#19592 = FILL_AREA_STYLE('',(#19593));
#19593 = FILL_AREA_STYLE_COLOUR('',#17603);
#19594 = CURVE_STYLE('',#19595,POSITIVE_LENGTH_MEASURE(0.1),#17603);
#19595 = DRAUGHTING_PRE_DEFINED_CURVE_FONT('continuous');
#19596 = STYLED_ITEM('color',(#19597),#12892);
#19597 = PRESENTATION_STYLE_ASSIGNMENT((#19598,#19603));
#19598 = SURFACE_STYLE_USAGE(.BOTH.,#19599);
#19599 = SURFACE_SIDE_STYLE('',(#19600));
#19600 = SURFACE_STYLE_FILL_AREA(#19601);
#19601 = FILL_AREA_STYLE('',(#19602));
#19602 = FILL_AREA_STYLE_COLOUR('',#17603);
#19603 = CURVE_STYLE('',#19604,POSITIVE_LENGTH_MEASURE(0.1),#17603);
#19604 = DRAUGHTING_PRE_DEFINED_CURVE_FONT('continuous');
#19605 = STYLED_ITEM('color',(#19606),#12916);
#19606 = PRESENTATION_STYLE_ASSIGNMENT((#19607,#19612));
#19607 = SURFACE_STYLE_USAGE(.BOTH.,#19608);
#19608 = SURFACE_SIDE_STYLE('',(#19609));
#19609 = SURFACE_STYLE_FILL_AREA(#19610);
#19610 = FILL_AREA_STYLE('',(#19611));
#19611 = FILL_AREA_STYLE_COLOUR('',#17603);
#19612 = CURVE_STYLE('',#19613,POSITIVE_LENGTH_MEASURE(0.1),#17603);
#19613 = DRAUGHTING_PRE_DEFINED_CURVE_FONT('continuous');
#19614 = STYLED_ITEM('color',(#19615),#13048);
#19615 = PRESENTATION_STYLE_ASSIGNMENT((#19616,#19621));
#19616 = SURFACE_STYLE_USAGE(.BOTH.,#19617);
#19617 = SURFACE_SIDE_STYLE('',(#19618));
#19618 = SURFACE_STYLE_FILL_AREA(#19619);
#19619 = FILL_AREA_STYLE('',(#19620));
#19620 = FILL_AREA_STYLE_COLOUR('',#17603);
#19621 = CURVE_STYLE('',#19622,POSITIVE_LENGTH_MEASURE(0.1),#17603);
#19622 = DRAUGHTING_PRE_DEFINED_CURVE_FONT('continuous');
#19623 = STYLED_ITEM('color',(#19624),#13120);
#19624 = PRESENTATION_STYLE_ASSIGNMENT((#19625,#19630));
#19625 = SURFACE_STYLE_USAGE(.BOTH.,#19626);
#19626 = SURFACE_SIDE_STYLE('',(#19627));
#19627 = SURFACE_STYLE_FILL_AREA(#19628);
#19628 = FILL_AREA_STYLE('',(#19629));
#19629 = FILL_AREA_STYLE_COLOUR('',#17603);
#19630 = CURVE_STYLE('',#19631,POSITIVE_LENGTH_MEASURE(0.1),#17603);
#19631 = DRAUGHTING_PRE_DEFINED_CURVE_FONT('continuous');
#19632 = STYLED_ITEM('color',(#19633),#13144);
#19633 = PRESENTATION_STYLE_ASSIGNMENT((#19634,#19639));
#19634 = SURFACE_STYLE_USAGE(.BOTH.,#19635);
#19635 = SURFACE_SIDE_STYLE('',(#19636));
#19636 = SURFACE_STYLE_FILL_AREA(#19637);
#19637 = FILL_AREA_STYLE('',(#19638));
#19638 = FILL_AREA_STYLE_COLOUR('',#16661);
#19639 = CURVE_STYLE('',#19640,POSITIVE_LENGTH_MEASURE(0.1),#16661);
#19640 = DRAUGHTING_PRE_DEFINED_CURVE_FONT('continuous');
#19641 = STYLED_ITEM('color',(#19642),#13175);
#19642 = PRESENTATION_STYLE_ASSIGNMENT((#19643,#19648));
#19643 = SURFACE_STYLE_USAGE(.BOTH.,#19644);
#19644 = SURFACE_SIDE_STYLE('',(#19645));
#19645 = SURFACE_STYLE_FILL_AREA(#19646);
#19646 = FILL_AREA_STYLE('',(#19647));
#19647 = FILL_AREA_STYLE_COLOUR('',#16661);
#19648 = CURVE_STYLE('',#19649,POSITIVE_LENGTH_MEASURE(0.1),#16661);
#19649 = DRAUGHTING_PRE_DEFINED_CURVE_FONT('continuous');
#19650 = STYLED_ITEM('color',(#19651),#13199);
#19651 = PRESENTATION_STYLE_ASSIGNMENT((#19652,#19657));
#19652 = SURFACE_STYLE_USAGE(.BOTH.,#19653);
#19653 = SURFACE_SIDE_STYLE('',(#19654));
#19654 = SURFACE_STYLE_FILL_AREA(#19655);
#19655 = FILL_AREA_STYLE('',(#19656));
#19656 = FILL_AREA_STYLE_COLOUR('',#16661);
#19657 = CURVE_STYLE('',#19658,POSITIVE_LENGTH_MEASURE(0.1),#16661);
#19658 = DRAUGHTING_PRE_DEFINED_CURVE_FONT('continuous');
#19659 = STYLED_ITEM('color',(#19660),#13230);
#19660 = PRESENTATION_STYLE_ASSIGNMENT((#19661,#19666));
#19661 = SURFACE_STYLE_USAGE(.BOTH.,#19662);
#19662 = SURFACE_SIDE_STYLE('',(#19663));
#19663 = SURFACE_STYLE_FILL_AREA(#19664);
#19664 = FILL_AREA_STYLE('',(#19665));
#19665 = FILL_AREA_STYLE_COLOUR('',#16661);
#19666 = CURVE_STYLE('',#19667,POSITIVE_LENGTH_MEASURE(0.1),#16661);
#19667 = DRAUGHTING_PRE_DEFINED_CURVE_FONT('continuous');
#19668 = STYLED_ITEM('color',(#19669),#13254);
#19669 = PRESENTATION_STYLE_ASSIGNMENT((#19670,#19675));
#19670 = SURFACE_STYLE_USAGE(.BOTH.,#19671);
#19671 = SURFACE_SIDE_STYLE('',(#19672));
#19672 = SURFACE_STYLE_FILL_AREA(#19673);
#19673 = FILL_AREA_STYLE('',(#19674));
#19674 = FILL_AREA_STYLE_COLOUR('',#16661);
#19675 = CURVE_STYLE('',#19676,POSITIVE_LENGTH_MEASURE(0.1),#16661);
#19676 = DRAUGHTING_PRE_DEFINED_CURVE_FONT('continuous');
#19677 = STYLED_ITEM('color',(#19678),#13294);
#19678 = PRESENTATION_STYLE_ASSIGNMENT((#19679,#19684));
#19679 = SURFACE_STYLE_USAGE(.BOTH.,#19680);
#19680 = SURFACE_SIDE_STYLE('',(#19681));
#19681 = SURFACE_STYLE_FILL_AREA(#19682);
#19682 = FILL_AREA_STYLE('',(#19683));
#19683 = FILL_AREA_STYLE_COLOUR('',#16661);
#19684 = CURVE_STYLE('',#19685,POSITIVE_LENGTH_MEASURE(0.1),#16661);
#19685 = DRAUGHTING_PRE_DEFINED_CURVE_FONT('continuous');
#19686 = STYLED_ITEM('color',(#19687),#13318);
#19687 = PRESENTATION_STYLE_ASSIGNMENT((#19688,#19693));
#19688 = SURFACE_STYLE_USAGE(.BOTH.,#19689);
#19689 = SURFACE_SIDE_STYLE('',(#19690));
#19690 = SURFACE_STYLE_FILL_AREA(#19691);
#19691 = FILL_AREA_STYLE('',(#19692));
#19692 = FILL_AREA_STYLE_COLOUR('',#16661);
#19693 = CURVE_STYLE('',#19694,POSITIVE_LENGTH_MEASURE(0.1),#16661);
#19694 = DRAUGHTING_PRE_DEFINED_CURVE_FONT('continuous');
#19695 = STYLED_ITEM('color',(#19696),#13351);
#19696 = PRESENTATION_STYLE_ASSIGNMENT((#19697,#19702));
#19697 = SURFACE_STYLE_USAGE(.BOTH.,#19698);
#19698 = SURFACE_SIDE_STYLE('',(#19699));
#19699 = SURFACE_STYLE_FILL_AREA(#19700);
#19700 = FILL_AREA_STYLE('',(#19701));
#19701 = FILL_AREA_STYLE_COLOUR('',#16661);
#19702 = CURVE_STYLE('',#19703,POSITIVE_LENGTH_MEASURE(0.1),#16661);
#19703 = DRAUGHTING_PRE_DEFINED_CURVE_FONT('continuous');
#19704 = STYLED_ITEM('color',(#19705),#13391);
#19705 = PRESENTATION_STYLE_ASSIGNMENT((#19706,#19711));
#19706 = SURFACE_STYLE_USAGE(.BOTH.,#19707);
#19707 = SURFACE_SIDE_STYLE('',(#19708));
#19708 = SURFACE_STYLE_FILL_AREA(#19709);
#19709 = FILL_AREA_STYLE('',(#19710));
#19710 = FILL_AREA_STYLE_COLOUR('',#16661);
#19711 = CURVE_STYLE('',#19712,POSITIVE_LENGTH_MEASURE(0.1),#16661);
#19712 = DRAUGHTING_PRE_DEFINED_CURVE_FONT('continuous');
#19713 = STYLED_ITEM('color',(#19714),#13415);
#19714 = PRESENTATION_STYLE_ASSIGNMENT((#19715,#19720));
#19715 = SURFACE_STYLE_USAGE(.BOTH.,#19716);
#19716 = SURFACE_SIDE_STYLE('',(#19717));
#19717 = SURFACE_STYLE_FILL_AREA(#19718);
#19718 = FILL_AREA_STYLE('',(#19719));
#19719 = FILL_AREA_STYLE_COLOUR('',#16661);
#19720 = CURVE_STYLE('',#19721,POSITIVE_LENGTH_MEASURE(0.1),#16661);
#19721 = DRAUGHTING_PRE_DEFINED_CURVE_FONT('continuous');
#19722 = STYLED_ITEM('color',(#19723),#13448);
#19723 = PRESENTATION_STYLE_ASSIGNMENT((#19724,#19729));
#19724 = SURFACE_STYLE_USAGE(.BOTH.,#19725);
#19725 = SURFACE_SIDE_STYLE('',(#19726));
#19726 = SURFACE_STYLE_FILL_AREA(#19727);
#19727 = FILL_AREA_STYLE('',(#19728));
#19728 = FILL_AREA_STYLE_COLOUR('',#16661);
#19729 = CURVE_STYLE('',#19730,POSITIVE_LENGTH_MEASURE(0.1),#16661);
#19730 = DRAUGHTING_PRE_DEFINED_CURVE_FONT('continuous');
#19731 = STYLED_ITEM('color',(#19732),#13488);
#19732 = PRESENTATION_STYLE_ASSIGNMENT((#19733,#19738));
#19733 = SURFACE_STYLE_USAGE(.BOTH.,#19734);
#19734 = SURFACE_SIDE_STYLE('',(#19735));
#19735 = SURFACE_STYLE_FILL_AREA(#19736);
#19736 = FILL_AREA_STYLE('',(#19737));
#19737 = FILL_AREA_STYLE_COLOUR('',#16661);
#19738 = CURVE_STYLE('',#19739,POSITIVE_LENGTH_MEASURE(0.1),#16661);
#19739 = DRAUGHTING_PRE_DEFINED_CURVE_FONT('continuous');
#19740 = STYLED_ITEM('color',(#19741),#13512);
#19741 = PRESENTATION_STYLE_ASSIGNMENT((#19742,#19747));
#19742 = SURFACE_STYLE_USAGE(.BOTH.,#19743);
#19743 = SURFACE_SIDE_STYLE('',(#19744));
#19744 = SURFACE_STYLE_FILL_AREA(#19745);
#19745 = FILL_AREA_STYLE('',(#19746));
#19746 = FILL_AREA_STYLE_COLOUR('',#16661);
#19747 = CURVE_STYLE('',#19748,POSITIVE_LENGTH_MEASURE(0.1),#16661);
#19748 = DRAUGHTING_PRE_DEFINED_CURVE_FONT('continuous');
#19749 = STYLED_ITEM('color',(#19750),#13545);
#19750 = PRESENTATION_STYLE_ASSIGNMENT((#19751,#19756));
#19751 = SURFACE_STYLE_USAGE(.BOTH.,#19752);
#19752 = SURFACE_SIDE_STYLE('',(#19753));
#19753 = SURFACE_STYLE_FILL_AREA(#19754);
#19754 = FILL_AREA_STYLE('',(#19755));
#19755 = FILL_AREA_STYLE_COLOUR('',#16661);
#19756 = CURVE_STYLE('',#19757,POSITIVE_LENGTH_MEASURE(0.1),#16661);
#19757 = DRAUGHTING_PRE_DEFINED_CURVE_FONT('continuous');
#19758 = STYLED_ITEM('color',(#19759),#13585);
#19759 = PRESENTATION_STYLE_ASSIGNMENT((#19760,#19765));
#19760 = SURFACE_STYLE_USAGE(.BOTH.,#19761);
#19761 = SURFACE_SIDE_STYLE('',(#19762));
#19762 = SURFACE_STYLE_FILL_AREA(#19763);
#19763 = FILL_AREA_STYLE('',(#19764));
#19764 = FILL_AREA_STYLE_COLOUR('',#16661);
#19765 = CURVE_STYLE('',#19766,POSITIVE_LENGTH_MEASURE(0.1),#16661);
#19766 = DRAUGHTING_PRE_DEFINED_CURVE_FONT('continuous');
#19767 = STYLED_ITEM('color',(#19768),#13609);
#19768 = PRESENTATION_STYLE_ASSIGNMENT((#19769,#19774));
#19769 = SURFACE_STYLE_USAGE(.BOTH.,#19770);
#19770 = SURFACE_SIDE_STYLE('',(#19771));
#19771 = SURFACE_STYLE_FILL_AREA(#19772);
#19772 = FILL_AREA_STYLE('',(#19773));
#19773 = FILL_AREA_STYLE_COLOUR('',#16661);
#19774 = CURVE_STYLE('',#19775,POSITIVE_LENGTH_MEASURE(0.1),#16661);
#19775 = DRAUGHTING_PRE_DEFINED_CURVE_FONT('continuous');
#19776 = STYLED_ITEM('color',(#19777),#13642);
#19777 = PRESENTATION_STYLE_ASSIGNMENT((#19778,#19783));
#19778 = SURFACE_STYLE_USAGE(.BOTH.,#19779);
#19779 = SURFACE_SIDE_STYLE('',(#19780));
#19780 = SURFACE_STYLE_FILL_AREA(#19781);
#19781 = FILL_AREA_STYLE('',(#19782));
#19782 = FILL_AREA_STYLE_COLOUR('',#16661);
#19783 = CURVE_STYLE('',#19784,POSITIVE_LENGTH_MEASURE(0.1),#16661);
#19784 = DRAUGHTING_PRE_DEFINED_CURVE_FONT('continuous');
#19785 = STYLED_ITEM('color',(#19786),#13669);
#19786 = PRESENTATION_STYLE_ASSIGNMENT((#19787,#19792));
#19787 = SURFACE_STYLE_USAGE(.BOTH.,#19788);
#19788 = SURFACE_SIDE_STYLE('',(#19789));
#19789 = SURFACE_STYLE_FILL_AREA(#19790);
#19790 = FILL_AREA_STYLE('',(#19791));
#19791 = FILL_AREA_STYLE_COLOUR('',#16661);
#19792 = CURVE_STYLE('',#19793,POSITIVE_LENGTH_MEASURE(0.1),#16661);
#19793 = DRAUGHTING_PRE_DEFINED_CURVE_FONT('continuous');
#19794 = STYLED_ITEM('color',(#19795),#13687);
#19795 = PRESENTATION_STYLE_ASSIGNMENT((#19796,#19801));
#19796 = SURFACE_STYLE_USAGE(.BOTH.,#19797);
#19797 = SURFACE_SIDE_STYLE('',(#19798));
#19798 = SURFACE_STYLE_FILL_AREA(#19799);
#19799 = FILL_AREA_STYLE('',(#19800));
#19800 = FILL_AREA_STYLE_COLOUR('',#16661);
#19801 = CURVE_STYLE('',#19802,POSITIVE_LENGTH_MEASURE(0.1),#16661);
#19802 = DRAUGHTING_PRE_DEFINED_CURVE_FONT('continuous');
#19803 = STYLED_ITEM('color',(#19804),#13712);
#19804 = PRESENTATION_STYLE_ASSIGNMENT((#19805,#19810));
#19805 = SURFACE_STYLE_USAGE(.BOTH.,#19806);
#19806 = SURFACE_SIDE_STYLE('',(#19807));
#19807 = SURFACE_STYLE_FILL_AREA(#19808);
#19808 = FILL_AREA_STYLE('',(#19809));
#19809 = FILL_AREA_STYLE_COLOUR('',#17603);
#19810 = CURVE_STYLE('',#19811,POSITIVE_LENGTH_MEASURE(0.1),#17603);
#19811 = DRAUGHTING_PRE_DEFINED_CURVE_FONT('continuous');
#19812 = STYLED_ITEM('color',(#19813),#13736);
#19813 = PRESENTATION_STYLE_ASSIGNMENT((#19814,#19819));
#19814 = SURFACE_STYLE_USAGE(.BOTH.,#19815);
#19815 = SURFACE_SIDE_STYLE('',(#19816));
#19816 = SURFACE_STYLE_FILL_AREA(#19817);
#19817 = FILL_AREA_STYLE('',(#19818));
#19818 = FILL_AREA_STYLE_COLOUR('',#17603);
#19819 = CURVE_STYLE('',#19820,POSITIVE_LENGTH_MEASURE(0.1),#17603);
#19820 = DRAUGHTING_PRE_DEFINED_CURVE_FONT('continuous');
#19821 = STYLED_ITEM('color',(#19822),#13790);
#19822 = PRESENTATION_STYLE_ASSIGNMENT((#19823,#19828));
#19823 = SURFACE_STYLE_USAGE(.BOTH.,#19824);
#19824 = SURFACE_SIDE_STYLE('',(#19825));
#19825 = SURFACE_STYLE_FILL_AREA(#19826);
#19826 = FILL_AREA_STYLE('',(#19827));
#19827 = FILL_AREA_STYLE_COLOUR('',#17603);
#19828 = CURVE_STYLE('',#19829,POSITIVE_LENGTH_MEASURE(0.1),#17603);
#19829 = DRAUGHTING_PRE_DEFINED_CURVE_FONT('continuous');
#19830 = STYLED_ITEM('color',(#19831),#13814);
#19831 = PRESENTATION_STYLE_ASSIGNMENT((#19832,#19837));
#19832 = SURFACE_STYLE_USAGE(.BOTH.,#19833);
#19833 = SURFACE_SIDE_STYLE('',(#19834));
#19834 = SURFACE_STYLE_FILL_AREA(#19835);
#19835 = FILL_AREA_STYLE('',(#19836));
#19836 = FILL_AREA_STYLE_COLOUR('',#17603);
#19837 = CURVE_STYLE('',#19838,POSITIVE_LENGTH_MEASURE(0.1),#17603);
#19838 = DRAUGHTING_PRE_DEFINED_CURVE_FONT('continuous');
#19839 = STYLED_ITEM('color',(#19840),#13838);
#19840 = PRESENTATION_STYLE_ASSIGNMENT((#19841,#19846));
#19841 = SURFACE_STYLE_USAGE(.BOTH.,#19842);
#19842 = SURFACE_SIDE_STYLE('',(#19843));
#19843 = SURFACE_STYLE_FILL_AREA(#19844);
#19844 = FILL_AREA_STYLE('',(#19845));
#19845 = FILL_AREA_STYLE_COLOUR('',#17603);
#19846 = CURVE_STYLE('',#19847,POSITIVE_LENGTH_MEASURE(0.1),#17603);
#19847 = DRAUGHTING_PRE_DEFINED_CURVE_FONT('continuous');
#19848 = STYLED_ITEM('color',(#19849),#13855);
#19849 = PRESENTATION_STYLE_ASSIGNMENT((#19850,#19855));
#19850 = SURFACE_STYLE_USAGE(.BOTH.,#19851);
#19851 = SURFACE_SIDE_STYLE('',(#19852));
#19852 = SURFACE_STYLE_FILL_AREA(#19853);
#19853 = FILL_AREA_STYLE('',(#19854));
#19854 = FILL_AREA_STYLE_COLOUR('',#17603);
#19855 = CURVE_STYLE('',#19856,POSITIVE_LENGTH_MEASURE(0.1),#17603);
#19856 = DRAUGHTING_PRE_DEFINED_CURVE_FONT('continuous');
#19857 = STYLED_ITEM('color',(#19858),#13879);
#19858 = PRESENTATION_STYLE_ASSIGNMENT((#19859,#19864));
#19859 = SURFACE_STYLE_USAGE(.BOTH.,#19860);
#19860 = SURFACE_SIDE_STYLE('',(#19861));
#19861 = SURFACE_STYLE_FILL_AREA(#19862);
#19862 = FILL_AREA_STYLE('',(#19863));
#19863 = FILL_AREA_STYLE_COLOUR('',#17603);
#19864 = CURVE_STYLE('',#19865,POSITIVE_LENGTH_MEASURE(0.1),#17603);
#19865 = DRAUGHTING_PRE_DEFINED_CURVE_FONT('continuous');
#19866 = STYLED_ITEM('color',(#19867),#13926);
#19867 = PRESENTATION_STYLE_ASSIGNMENT((#19868,#19873));
#19868 = SURFACE_STYLE_USAGE(.BOTH.,#19869);
#19869 = SURFACE_SIDE_STYLE('',(#19870));
#19870 = SURFACE_STYLE_FILL_AREA(#19871);
#19871 = FILL_AREA_STYLE('',(#19872));
#19872 = FILL_AREA_STYLE_COLOUR('',#17603);
#19873 = CURVE_STYLE('',#19874,POSITIVE_LENGTH_MEASURE(0.1),#17603);
#19874 = DRAUGHTING_PRE_DEFINED_CURVE_FONT('continuous');
#19875 = STYLED_ITEM('color',(#19876),#13950);
#19876 = PRESENTATION_STYLE_ASSIGNMENT((#19877,#19882));
#19877 = SURFACE_STYLE_USAGE(.BOTH.,#19878);
#19878 = SURFACE_SIDE_STYLE('',(#19879));
#19879 = SURFACE_STYLE_FILL_AREA(#19880);
#19880 = FILL_AREA_STYLE('',(#19881));
#19881 = FILL_AREA_STYLE_COLOUR('',#17603);
#19882 = CURVE_STYLE('',#19883,POSITIVE_LENGTH_MEASURE(0.1),#17603);
#19883 = DRAUGHTING_PRE_DEFINED_CURVE_FONT('continuous');
#19884 = STYLED_ITEM('color',(#19885),#13974);
#19885 = PRESENTATION_STYLE_ASSIGNMENT((#19886,#19891));
#19886 = SURFACE_STYLE_USAGE(.BOTH.,#19887);
#19887 = SURFACE_SIDE_STYLE('',(#19888));
#19888 = SURFACE_STYLE_FILL_AREA(#19889);
#19889 = FILL_AREA_STYLE('',(#19890));
#19890 = FILL_AREA_STYLE_COLOUR('',#17603);
#19891 = CURVE_STYLE('',#19892,POSITIVE_LENGTH_MEASURE(0.1),#17603);
#19892 = DRAUGHTING_PRE_DEFINED_CURVE_FONT('continuous');
#19893 = STYLED_ITEM('color',(#19894),#13991);
#19894 = PRESENTATION_STYLE_ASSIGNMENT((#19895,#19900));
#19895 = SURFACE_STYLE_USAGE(.BOTH.,#19896);
#19896 = SURFACE_SIDE_STYLE('',(#19897));
#19897 = SURFACE_STYLE_FILL_AREA(#19898);
#19898 = FILL_AREA_STYLE('',(#19899));
#19899 = FILL_AREA_STYLE_COLOUR('',#17603);
#19900 = CURVE_STYLE('',#19901,POSITIVE_LENGTH_MEASURE(0.1),#17603);
#19901 = DRAUGHTING_PRE_DEFINED_CURVE_FONT('continuous');
#19902 = STYLED_ITEM('color',(#19903),#14008);
#19903 = PRESENTATION_STYLE_ASSIGNMENT((#19904,#19909));
#19904 = SURFACE_STYLE_USAGE(.BOTH.,#19905);
#19905 = SURFACE_SIDE_STYLE('',(#19906));
#19906 = SURFACE_STYLE_FILL_AREA(#19907);
#19907 = FILL_AREA_STYLE('',(#19908));
#19908 = FILL_AREA_STYLE_COLOUR('',#17603);
#19909 = CURVE_STYLE('',#19910,POSITIVE_LENGTH_MEASURE(0.1),#17603);
#19910 = DRAUGHTING_PRE_DEFINED_CURVE_FONT('continuous');
#19911 = STYLED_ITEM('color',(#19912),#14048);
#19912 = PRESENTATION_STYLE_ASSIGNMENT((#19913,#19918));
#19913 = SURFACE_STYLE_USAGE(.BOTH.,#19914);
#19914 = SURFACE_SIDE_STYLE('',(#19915));
#19915 = SURFACE_STYLE_FILL_AREA(#19916);
#19916 = FILL_AREA_STYLE('',(#19917));
#19917 = FILL_AREA_STYLE_COLOUR('',#17603);
#19918 = CURVE_STYLE('',#19919,POSITIVE_LENGTH_MEASURE(0.1),#17603);
#19919 = DRAUGHTING_PRE_DEFINED_CURVE_FONT('continuous');
#19920 = STYLED_ITEM('color',(#19921),#14065);
#19921 = PRESENTATION_STYLE_ASSIGNMENT((#19922,#19927));
#19922 = SURFACE_STYLE_USAGE(.BOTH.,#19923);
#19923 = SURFACE_SIDE_STYLE('',(#19924));
#19924 = SURFACE_STYLE_FILL_AREA(#19925);
#19925 = FILL_AREA_STYLE('',(#19926));
#19926 = FILL_AREA_STYLE_COLOUR('',#17603);
#19927 = CURVE_STYLE('',#19928,POSITIVE_LENGTH_MEASURE(0.1),#17603);
#19928 = DRAUGHTING_PRE_DEFINED_CURVE_FONT('continuous');
#19929 = STYLED_ITEM('color',(#19930),#14079);
#19930 = PRESENTATION_STYLE_ASSIGNMENT((#19931,#19936));
#19931 = SURFACE_STYLE_USAGE(.BOTH.,#19932);
#19932 = SURFACE_SIDE_STYLE('',(#19933));
#19933 = SURFACE_STYLE_FILL_AREA(#19934);
#19934 = FILL_AREA_STYLE('',(#19935));
#19935 = FILL_AREA_STYLE_COLOUR('',#17603);
#19936 = CURVE_STYLE('',#19937,POSITIVE_LENGTH_MEASURE(0.1),#17603);
#19937 = DRAUGHTING_PRE_DEFINED_CURVE_FONT('continuous');
#19938 = STYLED_ITEM('color',(#19939),#14096);
#19939 = PRESENTATION_STYLE_ASSIGNMENT((#19940,#19945));
#19940 = SURFACE_STYLE_USAGE(.BOTH.,#19941);
#19941 = SURFACE_SIDE_STYLE('',(#19942));
#19942 = SURFACE_STYLE_FILL_AREA(#19943);
#19943 = FILL_AREA_STYLE('',(#19944));
#19944 = FILL_AREA_STYLE_COLOUR('',#16661);
#19945 = CURVE_STYLE('',#19946,POSITIVE_LENGTH_MEASURE(0.1),#16661);
#19946 = DRAUGHTING_PRE_DEFINED_CURVE_FONT('continuous');
#19947 = STYLED_ITEM('color',(#19948),#14113);
#19948 = PRESENTATION_STYLE_ASSIGNMENT((#19949,#19954));
#19949 = SURFACE_STYLE_USAGE(.BOTH.,#19950);
#19950 = SURFACE_SIDE_STYLE('',(#19951));
#19951 = SURFACE_STYLE_FILL_AREA(#19952);
#19952 = FILL_AREA_STYLE('',(#19953));
#19953 = FILL_AREA_STYLE_COLOUR('',#16661);
#19954 = CURVE_STYLE('',#19955,POSITIVE_LENGTH_MEASURE(0.1),#16661);
#19955 = DRAUGHTING_PRE_DEFINED_CURVE_FONT('continuous');
#19956 = STYLED_ITEM('color',(#19957),#14130);
#19957 = PRESENTATION_STYLE_ASSIGNMENT((#19958,#19963));
#19958 = SURFACE_STYLE_USAGE(.BOTH.,#19959);
#19959 = SURFACE_SIDE_STYLE('',(#19960));
#19960 = SURFACE_STYLE_FILL_AREA(#19961);
#19961 = FILL_AREA_STYLE('',(#19962));
#19962 = FILL_AREA_STYLE_COLOUR('',#16661);
#19963 = CURVE_STYLE('',#19964,POSITIVE_LENGTH_MEASURE(0.1),#16661);
#19964 = DRAUGHTING_PRE_DEFINED_CURVE_FONT('continuous');
#19965 = STYLED_ITEM('color',(#19966),#14147);
#19966 = PRESENTATION_STYLE_ASSIGNMENT((#19967,#19972));
#19967 = SURFACE_STYLE_USAGE(.BOTH.,#19968);
#19968 = SURFACE_SIDE_STYLE('',(#19969));
#19969 = SURFACE_STYLE_FILL_AREA(#19970);
#19970 = FILL_AREA_STYLE('',(#19971));
#19971 = FILL_AREA_STYLE_COLOUR('',#16661);
#19972 = CURVE_STYLE('',#19973,POSITIVE_LENGTH_MEASURE(0.1),#16661);
#19973 = DRAUGHTING_PRE_DEFINED_CURVE_FONT('continuous');
#19974 = STYLED_ITEM('color',(#19975),#14164);
#19975 = PRESENTATION_STYLE_ASSIGNMENT((#19976,#19981));
#19976 = SURFACE_STYLE_USAGE(.BOTH.,#19977);
#19977 = SURFACE_SIDE_STYLE('',(#19978));
#19978 = SURFACE_STYLE_FILL_AREA(#19979);
#19979 = FILL_AREA_STYLE('',(#19980));
#19980 = FILL_AREA_STYLE_COLOUR('',#17603);
#19981 = CURVE_STYLE('',#19982,POSITIVE_LENGTH_MEASURE(0.1),#17603);
#19982 = DRAUGHTING_PRE_DEFINED_CURVE_FONT('continuous');
#19983 = STYLED_ITEM('color',(#19984),#14188);
#19984 = PRESENTATION_STYLE_ASSIGNMENT((#19985,#19990));
#19985 = SURFACE_STYLE_USAGE(.BOTH.,#19986);
#19986 = SURFACE_SIDE_STYLE('',(#19987));
#19987 = SURFACE_STYLE_FILL_AREA(#19988);
#19988 = FILL_AREA_STYLE('',(#19989));
#19989 = FILL_AREA_STYLE_COLOUR('',#17603);
#19990 = CURVE_STYLE('',#19991,POSITIVE_LENGTH_MEASURE(0.1),#17603);
#19991 = DRAUGHTING_PRE_DEFINED_CURVE_FONT('continuous');
#19992 = STYLED_ITEM('color',(#19993),#14205);
#19993 = PRESENTATION_STYLE_ASSIGNMENT((#19994,#19999));
#19994 = SURFACE_STYLE_USAGE(.BOTH.,#19995);
#19995 = SURFACE_SIDE_STYLE('',(#19996));
#19996 = SURFACE_STYLE_FILL_AREA(#19997);
#19997 = FILL_AREA_STYLE('',(#19998));
#19998 = FILL_AREA_STYLE_COLOUR('',#17603);
#19999 = CURVE_STYLE('',#20000,POSITIVE_LENGTH_MEASURE(0.1),#17603);
#20000 = DRAUGHTING_PRE_DEFINED_CURVE_FONT('continuous');
#20001 = STYLED_ITEM('color',(#20002),#14222);
#20002 = PRESENTATION_STYLE_ASSIGNMENT((#20003,#20008));
#20003 = SURFACE_STYLE_USAGE(.BOTH.,#20004);
#20004 = SURFACE_SIDE_STYLE('',(#20005));
#20005 = SURFACE_STYLE_FILL_AREA(#20006);
#20006 = FILL_AREA_STYLE('',(#20007));
#20007 = FILL_AREA_STYLE_COLOUR('',#17603);
#20008 = CURVE_STYLE('',#20009,POSITIVE_LENGTH_MEASURE(0.1),#17603);
#20009 = DRAUGHTING_PRE_DEFINED_CURVE_FONT('continuous');
#20010 = STYLED_ITEM('color',(#20011),#14234);
#20011 = PRESENTATION_STYLE_ASSIGNMENT((#20012,#20017));
#20012 = SURFACE_STYLE_USAGE(.BOTH.,#20013);
#20013 = SURFACE_SIDE_STYLE('',(#20014));
#20014 = SURFACE_STYLE_FILL_AREA(#20015);
#20015 = FILL_AREA_STYLE('',(#20016));
#20016 = FILL_AREA_STYLE_COLOUR('',#16661);
#20017 = CURVE_STYLE('',#20018,POSITIVE_LENGTH_MEASURE(0.1),#16661);
#20018 = DRAUGHTING_PRE_DEFINED_CURVE_FONT('continuous');
#20019 = STYLED_ITEM('color',(#20020),#14254);
#20020 = PRESENTATION_STYLE_ASSIGNMENT((#20021,#20026));
#20021 = SURFACE_STYLE_USAGE(.BOTH.,#20022);
#20022 = SURFACE_SIDE_STYLE('',(#20023));
#20023 = SURFACE_STYLE_FILL_AREA(#20024);
#20024 = FILL_AREA_STYLE('',(#20025));
#20025 = FILL_AREA_STYLE_COLOUR('',#16661);
#20026 = CURVE_STYLE('',#20027,POSITIVE_LENGTH_MEASURE(0.1),#16661);
#20027 = DRAUGHTING_PRE_DEFINED_CURVE_FONT('continuous');
#20028 = STYLED_ITEM('color',(#20029),#14266);
#20029 = PRESENTATION_STYLE_ASSIGNMENT((#20030,#20035));
#20030 = SURFACE_STYLE_USAGE(.BOTH.,#20031);
#20031 = SURFACE_SIDE_STYLE('',(#20032));
#20032 = SURFACE_STYLE_FILL_AREA(#20033);
#20033 = FILL_AREA_STYLE('',(#20034));
#20034 = FILL_AREA_STYLE_COLOUR('',#16661);
#20035 = CURVE_STYLE('',#20036,POSITIVE_LENGTH_MEASURE(0.1),#16661);
#20036 = DRAUGHTING_PRE_DEFINED_CURVE_FONT('continuous');
#20037 = STYLED_ITEM('color',(#20038),#14278);
#20038 = PRESENTATION_STYLE_ASSIGNMENT((#20039,#20044));
#20039 = SURFACE_STYLE_USAGE(.BOTH.,#20040);
#20040 = SURFACE_SIDE_STYLE('',(#20041));
#20041 = SURFACE_STYLE_FILL_AREA(#20042);
#20042 = FILL_AREA_STYLE('',(#20043));
#20043 = FILL_AREA_STYLE_COLOUR('',#16661);
#20044 = CURVE_STYLE('',#20045,POSITIVE_LENGTH_MEASURE(0.1),#16661);
#20045 = DRAUGHTING_PRE_DEFINED_CURVE_FONT('continuous');
#20046 = STYLED_ITEM('color',(#20047),#14295);
#20047 = PRESENTATION_STYLE_ASSIGNMENT((#20048,#20053));
#20048 = SURFACE_STYLE_USAGE(.BOTH.,#20049);
#20049 = SURFACE_SIDE_STYLE('',(#20050));
#20050 = SURFACE_STYLE_FILL_AREA(#20051);
#20051 = FILL_AREA_STYLE('',(#20052));
#20052 = FILL_AREA_STYLE_COLOUR('',#16661);
#20053 = CURVE_STYLE('',#20054,POSITIVE_LENGTH_MEASURE(0.1),#16661);
#20054 = DRAUGHTING_PRE_DEFINED_CURVE_FONT('continuous');
#20055 = STYLED_ITEM('color',(#20056),#14307);
#20056 = PRESENTATION_STYLE_ASSIGNMENT((#20057,#20062));
#20057 = SURFACE_STYLE_USAGE(.BOTH.,#20058);
#20058 = SURFACE_SIDE_STYLE('',(#20059));
#20059 = SURFACE_STYLE_FILL_AREA(#20060);
#20060 = FILL_AREA_STYLE('',(#20061));
#20061 = FILL_AREA_STYLE_COLOUR('',#16661);
#20062 = CURVE_STYLE('',#20063,POSITIVE_LENGTH_MEASURE(0.1),#16661);
#20063 = DRAUGHTING_PRE_DEFINED_CURVE_FONT('continuous');
#20064 = STYLED_ITEM('color',(#20065),#14324);
#20065 = PRESENTATION_STYLE_ASSIGNMENT((#20066,#20071));
#20066 = SURFACE_STYLE_USAGE(.BOTH.,#20067);
#20067 = SURFACE_SIDE_STYLE('',(#20068));
#20068 = SURFACE_STYLE_FILL_AREA(#20069);
#20069 = FILL_AREA_STYLE('',(#20070));
#20070 = FILL_AREA_STYLE_COLOUR('',#16661);
#20071 = CURVE_STYLE('',#20072,POSITIVE_LENGTH_MEASURE(0.1),#16661);
#20072 = DRAUGHTING_PRE_DEFINED_CURVE_FONT('continuous');
#20073 = STYLED_ITEM('color',(#20074),#14336);
#20074 = PRESENTATION_STYLE_ASSIGNMENT((#20075,#20080));
#20075 = SURFACE_STYLE_USAGE(.BOTH.,#20076);
#20076 = SURFACE_SIDE_STYLE('',(#20077));
#20077 = SURFACE_STYLE_FILL_AREA(#20078);
#20078 = FILL_AREA_STYLE('',(#20079));
#20079 = FILL_AREA_STYLE_COLOUR('',#16661);
#20080 = CURVE_STYLE('',#20081,POSITIVE_LENGTH_MEASURE(0.1),#16661);
#20081 = DRAUGHTING_PRE_DEFINED_CURVE_FONT('continuous');
#20082 = STYLED_ITEM('color',(#20083),#14353);
#20083 = PRESENTATION_STYLE_ASSIGNMENT((#20084,#20089));
#20084 = SURFACE_STYLE_USAGE(.BOTH.,#20085);
#20085 = SURFACE_SIDE_STYLE('',(#20086));
#20086 = SURFACE_STYLE_FILL_AREA(#20087);
#20087 = FILL_AREA_STYLE('',(#20088));
#20088 = FILL_AREA_STYLE_COLOUR('',#16661);
#20089 = CURVE_STYLE('',#20090,POSITIVE_LENGTH_MEASURE(0.1),#16661);
#20090 = DRAUGHTING_PRE_DEFINED_CURVE_FONT('continuous');
#20091 = STYLED_ITEM('color',(#20092),#14365);
#20092 = PRESENTATION_STYLE_ASSIGNMENT((#20093,#20098));
#20093 = SURFACE_STYLE_USAGE(.BOTH.,#20094);
#20094 = SURFACE_SIDE_STYLE('',(#20095));
#20095 = SURFACE_STYLE_FILL_AREA(#20096);
#20096 = FILL_AREA_STYLE('',(#20097));
#20097 = FILL_AREA_STYLE_COLOUR('',#16661);
#20098 = CURVE_STYLE('',#20099,POSITIVE_LENGTH_MEASURE(0.1),#16661);
#20099 = DRAUGHTING_PRE_DEFINED_CURVE_FONT('continuous');
#20100 = STYLED_ITEM('color',(#20101),#14382);
#20101 = PRESENTATION_STYLE_ASSIGNMENT((#20102,#20107));
#20102 = SURFACE_STYLE_USAGE(.BOTH.,#20103);
#20103 = SURFACE_SIDE_STYLE('',(#20104));
#20104 = SURFACE_STYLE_FILL_AREA(#20105);
#20105 = FILL_AREA_STYLE('',(#20106));
#20106 = FILL_AREA_STYLE_COLOUR('',#16661);
#20107 = CURVE_STYLE('',#20108,POSITIVE_LENGTH_MEASURE(0.1),#16661);
#20108 = DRAUGHTING_PRE_DEFINED_CURVE_FONT('continuous');
#20109 = STYLED_ITEM('color',(#20110),#14394);
#20110 = PRESENTATION_STYLE_ASSIGNMENT((#20111,#20116));
#20111 = SURFACE_STYLE_USAGE(.BOTH.,#20112);
#20112 = SURFACE_SIDE_STYLE('',(#20113));
#20113 = SURFACE_STYLE_FILL_AREA(#20114);
#20114 = FILL_AREA_STYLE('',(#20115));
#20115 = FILL_AREA_STYLE_COLOUR('',#17603);
#20116 = CURVE_STYLE('',#20117,POSITIVE_LENGTH_MEASURE(0.1),#17603);
#20117 = DRAUGHTING_PRE_DEFINED_CURVE_FONT('continuous');
#20118 = STYLED_ITEM('color',(#20119),#14406);
#20119 = PRESENTATION_STYLE_ASSIGNMENT((#20120,#20125));
#20120 = SURFACE_STYLE_USAGE(.BOTH.,#20121);
#20121 = SURFACE_SIDE_STYLE('',(#20122));
#20122 = SURFACE_STYLE_FILL_AREA(#20123);
#20123 = FILL_AREA_STYLE('',(#20124));
#20124 = FILL_AREA_STYLE_COLOUR('',#17603);
#20125 = CURVE_STYLE('',#20126,POSITIVE_LENGTH_MEASURE(0.1),#17603);
#20126 = DRAUGHTING_PRE_DEFINED_CURVE_FONT('continuous');
#20127 = STYLED_ITEM('color',(#20128),#14554);
#20128 = PRESENTATION_STYLE_ASSIGNMENT((#20129,#20134));
#20129 = SURFACE_STYLE_USAGE(.BOTH.,#20130);
#20130 = SURFACE_SIDE_STYLE('',(#20131));
#20131 = SURFACE_STYLE_FILL_AREA(#20132);
#20132 = FILL_AREA_STYLE('',(#20133));
#20133 = FILL_AREA_STYLE_COLOUR('',#17603);
#20134 = CURVE_STYLE('',#20135,POSITIVE_LENGTH_MEASURE(0.1),#17603);
#20135 = DRAUGHTING_PRE_DEFINED_CURVE_FONT('continuous');
#20136 = STYLED_ITEM('color',(#20137),#14566);
#20137 = PRESENTATION_STYLE_ASSIGNMENT((#20138,#20143));
#20138 = SURFACE_STYLE_USAGE(.BOTH.,#20139);
#20139 = SURFACE_SIDE_STYLE('',(#20140));
#20140 = SURFACE_STYLE_FILL_AREA(#20141);
#20141 = FILL_AREA_STYLE('',(#20142));
#20142 = FILL_AREA_STYLE_COLOUR('',#16661);
#20143 = CURVE_STYLE('',#20144,POSITIVE_LENGTH_MEASURE(0.1),#16661);
#20144 = DRAUGHTING_PRE_DEFINED_CURVE_FONT('continuous');
#20145 = STYLED_ITEM('color',(#20146),#14597);
#20146 = PRESENTATION_STYLE_ASSIGNMENT((#20147,#20152));
#20147 = SURFACE_STYLE_USAGE(.BOTH.,#20148);
#20148 = SURFACE_SIDE_STYLE('',(#20149));
#20149 = SURFACE_STYLE_FILL_AREA(#20150);
#20150 = FILL_AREA_STYLE('',(#20151));
#20151 = FILL_AREA_STYLE_COLOUR('',#16661);
#20152 = CURVE_STYLE('',#20153,POSITIVE_LENGTH_MEASURE(0.1),#16661);
#20153 = DRAUGHTING_PRE_DEFINED_CURVE_FONT('continuous');
#20154 = STYLED_ITEM('color',(#20155),#14621);
#20155 = PRESENTATION_STYLE_ASSIGNMENT((#20156,#20161));
#20156 = SURFACE_STYLE_USAGE(.BOTH.,#20157);
#20157 = SURFACE_SIDE_STYLE('',(#20158));
#20158 = SURFACE_STYLE_FILL_AREA(#20159);
#20159 = FILL_AREA_STYLE('',(#20160));
#20160 = FILL_AREA_STYLE_COLOUR('',#16661);
#20161 = CURVE_STYLE('',#20162,POSITIVE_LENGTH_MEASURE(0.1),#16661);
#20162 = DRAUGHTING_PRE_DEFINED_CURVE_FONT('continuous');
#20163 = STYLED_ITEM('color',(#20164),#14645);
#20164 = PRESENTATION_STYLE_ASSIGNMENT((#20165,#20170));
#20165 = SURFACE_STYLE_USAGE(.BOTH.,#20166);
#20166 = SURFACE_SIDE_STYLE('',(#20167));
#20167 = SURFACE_STYLE_FILL_AREA(#20168);
#20168 = FILL_AREA_STYLE('',(#20169));
#20169 = FILL_AREA_STYLE_COLOUR('',#16661);
#20170 = CURVE_STYLE('',#20171,POSITIVE_LENGTH_MEASURE(0.1),#16661);
#20171 = DRAUGHTING_PRE_DEFINED_CURVE_FONT('continuous');
#20172 = STYLED_ITEM('color',(#20173),#14662);
#20173 = PRESENTATION_STYLE_ASSIGNMENT((#20174,#20179));
#20174 = SURFACE_STYLE_USAGE(.BOTH.,#20175);
#20175 = SURFACE_SIDE_STYLE('',(#20176));
#20176 = SURFACE_STYLE_FILL_AREA(#20177);
#20177 = FILL_AREA_STYLE('',(#20178));
#20178 = FILL_AREA_STYLE_COLOUR('',#16661);
#20179 = CURVE_STYLE('',#20180,POSITIVE_LENGTH_MEASURE(0.1),#16661);
#20180 = DRAUGHTING_PRE_DEFINED_CURVE_FONT('continuous');
#20181 = STYLED_ITEM('color',(#20182),#14693);
#20182 = PRESENTATION_STYLE_ASSIGNMENT((#20183,#20188));
#20183 = SURFACE_STYLE_USAGE(.BOTH.,#20184);
#20184 = SURFACE_SIDE_STYLE('',(#20185));
#20185 = SURFACE_STYLE_FILL_AREA(#20186);
#20186 = FILL_AREA_STYLE('',(#20187));
#20187 = FILL_AREA_STYLE_COLOUR('',#16661);
#20188 = CURVE_STYLE('',#20189,POSITIVE_LENGTH_MEASURE(0.1),#16661);
#20189 = DRAUGHTING_PRE_DEFINED_CURVE_FONT('continuous');
#20190 = STYLED_ITEM('color',(#20191),#14717);
#20191 = PRESENTATION_STYLE_ASSIGNMENT((#20192,#20197));
#20192 = SURFACE_STYLE_USAGE(.BOTH.,#20193);
#20193 = SURFACE_SIDE_STYLE('',(#20194));
#20194 = SURFACE_STYLE_FILL_AREA(#20195);
#20195 = FILL_AREA_STYLE('',(#20196));
#20196 = FILL_AREA_STYLE_COLOUR('',#16661);
#20197 = CURVE_STYLE('',#20198,POSITIVE_LENGTH_MEASURE(0.1),#16661);
#20198 = DRAUGHTING_PRE_DEFINED_CURVE_FONT('continuous');
#20199 = STYLED_ITEM('color',(#20200),#14741);
#20200 = PRESENTATION_STYLE_ASSIGNMENT((#20201,#20206));
#20201 = SURFACE_STYLE_USAGE(.BOTH.,#20202);
#20202 = SURFACE_SIDE_STYLE('',(#20203));
#20203 = SURFACE_STYLE_FILL_AREA(#20204);
#20204 = FILL_AREA_STYLE('',(#20205));
#20205 = FILL_AREA_STYLE_COLOUR('',#16661);
#20206 = CURVE_STYLE('',#20207,POSITIVE_LENGTH_MEASURE(0.1),#16661);
#20207 = DRAUGHTING_PRE_DEFINED_CURVE_FONT('continuous');
#20208 = STYLED_ITEM('color',(#20209),#14758);
#20209 = PRESENTATION_STYLE_ASSIGNMENT((#20210,#20215));
#20210 = SURFACE_STYLE_USAGE(.BOTH.,#20211);
#20211 = SURFACE_SIDE_STYLE('',(#20212));
#20212 = SURFACE_STYLE_FILL_AREA(#20213);
#20213 = FILL_AREA_STYLE('',(#20214));
#20214 = FILL_AREA_STYLE_COLOUR('',#16661);
#20215 = CURVE_STYLE('',#20216,POSITIVE_LENGTH_MEASURE(0.1),#16661);
#20216 = DRAUGHTING_PRE_DEFINED_CURVE_FONT('continuous');
#20217 = STYLED_ITEM('color',(#20218),#14789);
#20218 = PRESENTATION_STYLE_ASSIGNMENT((#20219,#20224));
#20219 = SURFACE_STYLE_USAGE(.BOTH.,#20220);
#20220 = SURFACE_SIDE_STYLE('',(#20221));
#20221 = SURFACE_STYLE_FILL_AREA(#20222);
#20222 = FILL_AREA_STYLE('',(#20223));
#20223 = FILL_AREA_STYLE_COLOUR('',#16661);
#20224 = CURVE_STYLE('',#20225,POSITIVE_LENGTH_MEASURE(0.1),#16661);
#20225 = DRAUGHTING_PRE_DEFINED_CURVE_FONT('continuous');
#20226 = STYLED_ITEM('color',(#20227),#14813);
#20227 = PRESENTATION_STYLE_ASSIGNMENT((#20228,#20233));
#20228 = SURFACE_STYLE_USAGE(.BOTH.,#20229);
#20229 = SURFACE_SIDE_STYLE('',(#20230));
#20230 = SURFACE_STYLE_FILL_AREA(#20231);
#20231 = FILL_AREA_STYLE('',(#20232));
#20232 = FILL_AREA_STYLE_COLOUR('',#16661);
#20233 = CURVE_STYLE('',#20234,POSITIVE_LENGTH_MEASURE(0.1),#16661);
#20234 = DRAUGHTING_PRE_DEFINED_CURVE_FONT('continuous');
#20235 = STYLED_ITEM('color',(#20236),#14837);
#20236 = PRESENTATION_STYLE_ASSIGNMENT((#20237,#20242));
#20237 = SURFACE_STYLE_USAGE(.BOTH.,#20238);
#20238 = SURFACE_SIDE_STYLE('',(#20239));
#20239 = SURFACE_STYLE_FILL_AREA(#20240);
#20240 = FILL_AREA_STYLE('',(#20241));
#20241 = FILL_AREA_STYLE_COLOUR('',#16661);
#20242 = CURVE_STYLE('',#20243,POSITIVE_LENGTH_MEASURE(0.1),#16661);
#20243 = DRAUGHTING_PRE_DEFINED_CURVE_FONT('continuous');
#20244 = STYLED_ITEM('color',(#20245),#14854);
#20245 = PRESENTATION_STYLE_ASSIGNMENT((#20246,#20251));
#20246 = SURFACE_STYLE_USAGE(.BOTH.,#20247);
#20247 = SURFACE_SIDE_STYLE('',(#20248));
#20248 = SURFACE_STYLE_FILL_AREA(#20249);
#20249 = FILL_AREA_STYLE('',(#20250));
#20250 = FILL_AREA_STYLE_COLOUR('',#16661);
#20251 = CURVE_STYLE('',#20252,POSITIVE_LENGTH_MEASURE(0.1),#16661);
#20252 = DRAUGHTING_PRE_DEFINED_CURVE_FONT('continuous');
#20253 = STYLED_ITEM('color',(#20254),#14885);
#20254 = PRESENTATION_STYLE_ASSIGNMENT((#20255,#20260));
#20255 = SURFACE_STYLE_USAGE(.BOTH.,#20256);
#20256 = SURFACE_SIDE_STYLE('',(#20257));
#20257 = SURFACE_STYLE_FILL_AREA(#20258);
#20258 = FILL_AREA_STYLE('',(#20259));
#20259 = FILL_AREA_STYLE_COLOUR('',#16661);
#20260 = CURVE_STYLE('',#20261,POSITIVE_LENGTH_MEASURE(0.1),#16661);
#20261 = DRAUGHTING_PRE_DEFINED_CURVE_FONT('continuous');
#20262 = STYLED_ITEM('color',(#20263),#14909);
#20263 = PRESENTATION_STYLE_ASSIGNMENT((#20264,#20269));
#20264 = SURFACE_STYLE_USAGE(.BOTH.,#20265);
#20265 = SURFACE_SIDE_STYLE('',(#20266));
#20266 = SURFACE_STYLE_FILL_AREA(#20267);
#20267 = FILL_AREA_STYLE('',(#20268));
#20268 = FILL_AREA_STYLE_COLOUR('',#16661);
#20269 = CURVE_STYLE('',#20270,POSITIVE_LENGTH_MEASURE(0.1),#16661);
#20270 = DRAUGHTING_PRE_DEFINED_CURVE_FONT('continuous');
#20271 = STYLED_ITEM('color',(#20272),#14933);
#20272 = PRESENTATION_STYLE_ASSIGNMENT((#20273,#20278));
#20273 = SURFACE_STYLE_USAGE(.BOTH.,#20274);
#20274 = SURFACE_SIDE_STYLE('',(#20275));
#20275 = SURFACE_STYLE_FILL_AREA(#20276);
#20276 = FILL_AREA_STYLE('',(#20277));
#20277 = FILL_AREA_STYLE_COLOUR('',#16661);
#20278 = CURVE_STYLE('',#20279,POSITIVE_LENGTH_MEASURE(0.1),#16661);
#20279 = DRAUGHTING_PRE_DEFINED_CURVE_FONT('continuous');
#20280 = STYLED_ITEM('color',(#20281),#14950);
#20281 = PRESENTATION_STYLE_ASSIGNMENT((#20282,#20287));
#20282 = SURFACE_STYLE_USAGE(.BOTH.,#20283);
#20283 = SURFACE_SIDE_STYLE('',(#20284));
#20284 = SURFACE_STYLE_FILL_AREA(#20285);
#20285 = FILL_AREA_STYLE('',(#20286));
#20286 = FILL_AREA_STYLE_COLOUR('',#16661);
#20287 = CURVE_STYLE('',#20288,POSITIVE_LENGTH_MEASURE(0.1),#16661);
#20288 = DRAUGHTING_PRE_DEFINED_CURVE_FONT('continuous');
#20289 = STYLED_ITEM('color',(#20290),#14962);
#20290 = PRESENTATION_STYLE_ASSIGNMENT((#20291,#20296));
#20291 = SURFACE_STYLE_USAGE(.BOTH.,#20292);
#20292 = SURFACE_SIDE_STYLE('',(#20293));
#20293 = SURFACE_STYLE_FILL_AREA(#20294);
#20294 = FILL_AREA_STYLE('',(#20295));
#20295 = FILL_AREA_STYLE_COLOUR('',#16661);
#20296 = CURVE_STYLE('',#20297,POSITIVE_LENGTH_MEASURE(0.1),#16661);
#20297 = DRAUGHTING_PRE_DEFINED_CURVE_FONT('continuous');
#20298 = STYLED_ITEM('color',(#20299),#14974);
#20299 = PRESENTATION_STYLE_ASSIGNMENT((#20300,#20305));
#20300 = SURFACE_STYLE_USAGE(.BOTH.,#20301);
#20301 = SURFACE_SIDE_STYLE('',(#20302));
#20302 = SURFACE_STYLE_FILL_AREA(#20303);
#20303 = FILL_AREA_STYLE('',(#20304));
#20304 = FILL_AREA_STYLE_COLOUR('',#16661);
#20305 = CURVE_STYLE('',#20306,POSITIVE_LENGTH_MEASURE(0.1),#16661);
#20306 = DRAUGHTING_PRE_DEFINED_CURVE_FONT('continuous');
#20307 = STYLED_ITEM('color',(#20308),#14986);
#20308 = PRESENTATION_STYLE_ASSIGNMENT((#20309,#20314));
#20309 = SURFACE_STYLE_USAGE(.BOTH.,#20310);
#20310 = SURFACE_SIDE_STYLE('',(#20311));
#20311 = SURFACE_STYLE_FILL_AREA(#20312);
#20312 = FILL_AREA_STYLE('',(#20313));
#20313 = FILL_AREA_STYLE_COLOUR('',#16661);
#20314 = CURVE_STYLE('',#20315,POSITIVE_LENGTH_MEASURE(0.1),#16661);
#20315 = DRAUGHTING_PRE_DEFINED_CURVE_FONT('continuous');
#20316 = MECHANICAL_DESIGN_GEOMETRIC_PRESENTATION_REPRESENTATION('',(
    #20317,#20324,#20331,#20338,#20345,#20352,#20359,#20366,#20373,
    #20380,#20387,#20394,#20401,#20408,#20415,#20422,#20429,#20436,
    #20443,#20450,#20457,#20464,#20471,#20478,#20485,#20492,#20499),
  #6347);
#20317 = STYLED_ITEM('color',(#20318),#5637);
#20318 = PRESENTATION_STYLE_ASSIGNMENT((#20319));
#20319 = SURFACE_STYLE_USAGE(.BOTH.,#20320);
#20320 = SURFACE_SIDE_STYLE('',(#20321));
#20321 = SURFACE_STYLE_FILL_AREA(#20322);
#20322 = FILL_AREA_STYLE('',(#20323));
#20323 = FILL_AREA_STYLE_COLOUR('',#16661);
#20324 = STYLED_ITEM('color',(#20325),#5677);
#20325 = PRESENTATION_STYLE_ASSIGNMENT((#20326));
#20326 = SURFACE_STYLE_USAGE(.BOTH.,#20327);
#20327 = SURFACE_SIDE_STYLE('',(#20328));
#20328 = SURFACE_STYLE_FILL_AREA(#20329);
#20329 = FILL_AREA_STYLE('',(#20330));
#20330 = FILL_AREA_STYLE_COLOUR('',#16661);
#20331 = STYLED_ITEM('color',(#20332),#5710);
#20332 = PRESENTATION_STYLE_ASSIGNMENT((#20333));
#20333 = SURFACE_STYLE_USAGE(.BOTH.,#20334);
#20334 = SURFACE_SIDE_STYLE('',(#20335));
#20335 = SURFACE_STYLE_FILL_AREA(#20336);
#20336 = FILL_AREA_STYLE('',(#20337));
#20337 = FILL_AREA_STYLE_COLOUR('',#16661);
#20338 = STYLED_ITEM('color',(#20339),#5734);
#20339 = PRESENTATION_STYLE_ASSIGNMENT((#20340));
#20340 = SURFACE_STYLE_USAGE(.BOTH.,#20341);
#20341 = SURFACE_SIDE_STYLE('',(#20342));
#20342 = SURFACE_STYLE_FILL_AREA(#20343);
#20343 = FILL_AREA_STYLE('',(#20344));
#20344 = FILL_AREA_STYLE_COLOUR('',#16661);
#20345 = STYLED_ITEM('color',(#20346),#5760);
#20346 = PRESENTATION_STYLE_ASSIGNMENT((#20347));
#20347 = SURFACE_STYLE_USAGE(.BOTH.,#20348);
#20348 = SURFACE_SIDE_STYLE('',(#20349));
#20349 = SURFACE_STYLE_FILL_AREA(#20350);
#20350 = FILL_AREA_STYLE('',(#20351));
#20351 = FILL_AREA_STYLE_COLOUR('',#16661);
#20352 = STYLED_ITEM('color',(#20353),#5777);
#20353 = PRESENTATION_STYLE_ASSIGNMENT((#20354));
#20354 = SURFACE_STYLE_USAGE(.BOTH.,#20355);
#20355 = SURFACE_SIDE_STYLE('',(#20356));
#20356 = SURFACE_STYLE_FILL_AREA(#20357);
#20357 = FILL_AREA_STYLE('',(#20358));
#20358 = FILL_AREA_STYLE_COLOUR('',#16534);
#20359 = STYLED_ITEM('color',(#20360),#5807);
#20360 = PRESENTATION_STYLE_ASSIGNMENT((#20361));
#20361 = SURFACE_STYLE_USAGE(.BOTH.,#20362);
#20362 = SURFACE_SIDE_STYLE('',(#20363));
#20363 = SURFACE_STYLE_FILL_AREA(#20364);
#20364 = FILL_AREA_STYLE('',(#20365));
#20365 = FILL_AREA_STYLE_COLOUR('',#16534);
#20366 = STYLED_ITEM('color',(#20367),#5845);
#20367 = PRESENTATION_STYLE_ASSIGNMENT((#20368));
#20368 = SURFACE_STYLE_USAGE(.BOTH.,#20369);
#20369 = SURFACE_SIDE_STYLE('',(#20370));
#20370 = SURFACE_STYLE_FILL_AREA(#20371);
#20371 = FILL_AREA_STYLE('',(#20372));
#20372 = FILL_AREA_STYLE_COLOUR('',#16534);
#20373 = STYLED_ITEM('color',(#20374),#5868);
#20374 = PRESENTATION_STYLE_ASSIGNMENT((#20375));
#20375 = SURFACE_STYLE_USAGE(.BOTH.,#20376);
#20376 = SURFACE_SIDE_STYLE('',(#20377));
#20377 = SURFACE_STYLE_FILL_AREA(#20378);
#20378 = FILL_AREA_STYLE('',(#20379));
#20379 = FILL_AREA_STYLE_COLOUR('',#16534);
#20380 = STYLED_ITEM('color',(#20381),#5917);
#20381 = PRESENTATION_STYLE_ASSIGNMENT((#20382));
#20382 = SURFACE_STYLE_USAGE(.BOTH.,#20383);
#20383 = SURFACE_SIDE_STYLE('',(#20384));
#20384 = SURFACE_STYLE_FILL_AREA(#20385);
#20385 = FILL_AREA_STYLE('',(#20386));
#20386 = FILL_AREA_STYLE_COLOUR('',#16534);
#20387 = STYLED_ITEM('color',(#20388),#5940);
#20388 = PRESENTATION_STYLE_ASSIGNMENT((#20389));
#20389 = SURFACE_STYLE_USAGE(.BOTH.,#20390);
#20390 = SURFACE_SIDE_STYLE('',(#20391));
#20391 = SURFACE_STYLE_FILL_AREA(#20392);
#20392 = FILL_AREA_STYLE('',(#20393));
#20393 = FILL_AREA_STYLE_COLOUR('',#16534);
#20394 = STYLED_ITEM('color',(#20395),#5963);
#20395 = PRESENTATION_STYLE_ASSIGNMENT((#20396));
#20396 = SURFACE_STYLE_USAGE(.BOTH.,#20397);
#20397 = SURFACE_SIDE_STYLE('',(#20398));
#20398 = SURFACE_STYLE_FILL_AREA(#20399);
#20399 = FILL_AREA_STYLE('',(#20400));
#20400 = FILL_AREA_STYLE_COLOUR('',#16534);
#20401 = STYLED_ITEM('color',(#20402),#6021);
#20402 = PRESENTATION_STYLE_ASSIGNMENT((#20403));
#20403 = SURFACE_STYLE_USAGE(.BOTH.,#20404);
#20404 = SURFACE_SIDE_STYLE('',(#20405));
#20405 = SURFACE_STYLE_FILL_AREA(#20406);
#20406 = FILL_AREA_STYLE('',(#20407));
#20407 = FILL_AREA_STYLE_COLOUR('',#16534);
#20408 = STYLED_ITEM('color',(#20409),#6044);
#20409 = PRESENTATION_STYLE_ASSIGNMENT((#20410));
#20410 = SURFACE_STYLE_USAGE(.BOTH.,#20411);
#20411 = SURFACE_SIDE_STYLE('',(#20412));
#20412 = SURFACE_STYLE_FILL_AREA(#20413);
#20413 = FILL_AREA_STYLE('',(#20414));
#20414 = FILL_AREA_STYLE_COLOUR('',#16534);
#20415 = STYLED_ITEM('color',(#20416),#6060);
#20416 = PRESENTATION_STYLE_ASSIGNMENT((#20417));
#20417 = SURFACE_STYLE_USAGE(.BOTH.,#20418);
#20418 = SURFACE_SIDE_STYLE('',(#20419));
#20419 = SURFACE_STYLE_FILL_AREA(#20420);
#20420 = FILL_AREA_STYLE('',(#20421));
#20421 = FILL_AREA_STYLE_COLOUR('',#16534);
#20422 = STYLED_ITEM('color',(#20423),#6086);
#20423 = PRESENTATION_STYLE_ASSIGNMENT((#20424));
#20424 = SURFACE_STYLE_USAGE(.BOTH.,#20425);
#20425 = SURFACE_SIDE_STYLE('',(#20426));
#20426 = SURFACE_STYLE_FILL_AREA(#20427);
#20427 = FILL_AREA_STYLE('',(#20428));
#20428 = FILL_AREA_STYLE_COLOUR('',#16661);
#20429 = STYLED_ITEM('color',(#20430),#6117);
#20430 = PRESENTATION_STYLE_ASSIGNMENT((#20431));
#20431 = SURFACE_STYLE_USAGE(.BOTH.,#20432);
#20432 = SURFACE_SIDE_STYLE('',(#20433));
#20433 = SURFACE_STYLE_FILL_AREA(#20434);
#20434 = FILL_AREA_STYLE('',(#20435));
#20435 = FILL_AREA_STYLE_COLOUR('',#16534);
#20436 = STYLED_ITEM('color',(#20437),#6143);
#20437 = PRESENTATION_STYLE_ASSIGNMENT((#20438));
#20438 = SURFACE_STYLE_USAGE(.BOTH.,#20439);
#20439 = SURFACE_SIDE_STYLE('',(#20440));
#20440 = SURFACE_STYLE_FILL_AREA(#20441);
#20441 = FILL_AREA_STYLE('',(#20442));
#20442 = FILL_AREA_STYLE_COLOUR('',#16534);
#20443 = STYLED_ITEM('color',(#20444),#6162);
#20444 = PRESENTATION_STYLE_ASSIGNMENT((#20445));
#20445 = SURFACE_STYLE_USAGE(.BOTH.,#20446);
#20446 = SURFACE_SIDE_STYLE('',(#20447));
#20447 = SURFACE_STYLE_FILL_AREA(#20448);
#20448 = FILL_AREA_STYLE('',(#20449));
#20449 = FILL_AREA_STYLE_COLOUR('',#17148);
#20450 = STYLED_ITEM('color',(#20451),#6193);
#20451 = PRESENTATION_STYLE_ASSIGNMENT((#20452));
#20452 = SURFACE_STYLE_USAGE(.BOTH.,#20453);
#20453 = SURFACE_SIDE_STYLE('',(#20454));
#20454 = SURFACE_STYLE_FILL_AREA(#20455);
#20455 = FILL_AREA_STYLE('',(#20456));
#20456 = FILL_AREA_STYLE_COLOUR('',#17148);
#20457 = STYLED_ITEM('color',(#20458),#6217);
#20458 = PRESENTATION_STYLE_ASSIGNMENT((#20459));
#20459 = SURFACE_STYLE_USAGE(.BOTH.,#20460);
#20460 = SURFACE_SIDE_STYLE('',(#20461));
#20461 = SURFACE_STYLE_FILL_AREA(#20462);
#20462 = FILL_AREA_STYLE('',(#20463));
#20463 = FILL_AREA_STYLE_COLOUR('',#17148);
#20464 = STYLED_ITEM('color',(#20465),#6241);
#20465 = PRESENTATION_STYLE_ASSIGNMENT((#20466));
#20466 = SURFACE_STYLE_USAGE(.BOTH.,#20467);
#20467 = SURFACE_SIDE_STYLE('',(#20468));
#20468 = SURFACE_STYLE_FILL_AREA(#20469);
#20469 = FILL_AREA_STYLE('',(#20470));
#20470 = FILL_AREA_STYLE_COLOUR('',#17148);
#20471 = STYLED_ITEM('color',(#20472),#6258);
#20472 = PRESENTATION_STYLE_ASSIGNMENT((#20473));
#20473 = SURFACE_STYLE_USAGE(.BOTH.,#20474);
#20474 = SURFACE_SIDE_STYLE('',(#20475));
#20475 = SURFACE_STYLE_FILL_AREA(#20476);
#20476 = FILL_AREA_STYLE('',(#20477));
#20477 = FILL_AREA_STYLE_COLOUR('',#16661);
#20478 = STYLED_ITEM('color',(#20479),#6282);
#20479 = PRESENTATION_STYLE_ASSIGNMENT((#20480));
#20480 = SURFACE_STYLE_USAGE(.BOTH.,#20481);
#20481 = SURFACE_SIDE_STYLE('',(#20482));
#20482 = SURFACE_STYLE_FILL_AREA(#20483);
#20483 = FILL_AREA_STYLE('',(#20484));
#20484 = FILL_AREA_STYLE_COLOUR('',#16661);
#20485 = STYLED_ITEM('color',(#20486),#6306);
#20486 = PRESENTATION_STYLE_ASSIGNMENT((#20487));
#20487 = SURFACE_STYLE_USAGE(.BOTH.,#20488);
#20488 = SURFACE_SIDE_STYLE('',(#20489));
#20489 = SURFACE_STYLE_FILL_AREA(#20490);
#20490 = FILL_AREA_STYLE('',(#20491));
#20491 = FILL_AREA_STYLE_COLOUR('',#16661);
#20492 = STYLED_ITEM('color',(#20493),#6323);
#20493 = PRESENTATION_STYLE_ASSIGNMENT((#20494));
#20494 = SURFACE_STYLE_USAGE(.BOTH.,#20495);
#20495 = SURFACE_SIDE_STYLE('',(#20496));
#20496 = SURFACE_STYLE_FILL_AREA(#20497);
#20497 = FILL_AREA_STYLE('',(#20498));
#20498 = FILL_AREA_STYLE_COLOUR('',#16661);
#20499 = STYLED_ITEM('color',(#20500),#6335);
#20500 = PRESENTATION_STYLE_ASSIGNMENT((#20501));
#20501 = SURFACE_STYLE_USAGE(.BOTH.,#20502);
#20502 = SURFACE_SIDE_STYLE('',(#20503));
#20503 = SURFACE_STYLE_FILL_AREA(#20504);
#20504 = FILL_AREA_STYLE('',(#20505));
#20505 = FILL_AREA_STYLE_COLOUR('',#17148);
ENDSEC;
END-ISO-10303-21;
